SITECODE,SYEAR,PLOTPID,PLOTTYPE,SDATE,FEATURES,UNSURVEYED
T01,1993,7,S,22-JUL-1993,DFH,0
T01,1993,86,S,06-JUL-1993,X,0
T01,1993,87,S,06-JUL-1993,X,0
T01,1993,91,S,22-JUL-1993,X,0
T01,1993,104,S,06-JUL-1993,X,0
T01,1993,105,S,06-JUL-1993,X,0
T01,1993,106,S,06-JUL-1993,X,0
T01,1993,107,S,06-JUL-1993,X,0
T01,1993,108,S,06-JUL-1993,X,0
T01,1993,114,S,19-JUL-1993,X,0
T01,1993,129,S,06-JUL-1993,X,0
T01,1993,130,S,06-JUL-1993,X,0
T01,1993,131,S,06-JUL-1993,X,0
T01,1993,132,S,06-JUL-1993,X,0
T01,1993,133,S,06-JUL-1993,X,0
T01,1993,134,S,12-JUL-1993,X,0
T01,1993,135,S,09-JUL-1993,X,0
T01,1993,136,S,09-JUL-1993,X,0
T01,1993,137,S,12-JUL-1993,X,0
T01,1993,138,S,12-JUL-1993,X,0
T01,1993,139,S,12-JUL-1993,X,0
T01,1993,163,S,01-JUL-1993,X,0
T01,1993,164,S,01-JUL-1993,X,0
T01,1993,165,S,01-JUL-1993,X,0
T01,1993,166,S,01-JUL-1993,X,0
T01,1993,167,S,01-JUL-1993,X,0
T01,1993,168,S,12-JUL-1993,X,0
T01,1993,169,S,09-JUL-1993,X,0
T01,1993,170,S,09-JUL-1993,X,0
T01,1993,171,S,12-JUL-1993,X,0
T01,1993,172,S,12-JUL-1993,X,0
T01,1993,173,S,13-JUL-1993,X,0
T01,1993,174,S,13-JUL-1993,X,0
T01,1993,197,S,01-JUL-1993,X,0
T01,1993,198,S,01-JUL-1993,X,0
T01,1993,199,S,01-JUL-1993,X,0
T01,1993,200,S,01-JUL-1993,X,0
T01,1993,201,S,12-JUL-1993,X,0
T01,1993,202,S,09-JUL-1993,X,0
T01,1993,203,S,09-JUL-1993,X,0
T01,1993,204,S,09-JUL-1993,F,10
T01,1993,205,S,12-JUL-1993,X,0
T01,1993,206,S,13-JUL-1993,X,0
T01,1993,207,S,13-JUL-1993,X,0
T01,1993,208,S,13-JUL-1993,X,0
T01,1993,224,S,19-JUL-1993,PDF,0
T01,1993,234,S,01-JUL-1993,X,0
T01,1993,235,S,12-JUL-1993,X,0
T01,1993,236,S,01-JUL-1993,X,0
T01,1993,237,S,12-JUL-1993,X,0
T01,1993,238,S,09-JUL-1993,X,0
T01,1993,239,S,09-JUL-1993,X,0
T01,1993,240,S,12-JUL-1993,X,0
T01,1993,241,S,12-JUL-1993,X,0
T01,1993,242,S,12-JUL-1993,X,0
T01,1993,243,S,12-JUL-1993,X,0
T01,1993,244,S,12-JUL-1993,X,0
T01,1993,267,S,23-JUL-1993,DFH,0
T01,1993,270,S,29-JUN-1993,X,0
T01,1993,271,S,,X,0
T01,1993,272,S,29-JUN-1993,X,0
T01,1993,273,S,19-JUL-1993,PDH,0
T01,1993,274,S,12-JUL-1993,X,0
T01,1993,275,S,12-JUL-1993,X,0
T01,1993,276,S,12-JUL-1993,X,0
T01,1993,277,S,12-JUL-1993,X,0
T01,1993,278,S,12-JUL-1993,X,0
T01,1993,279,S,12-JUL-1993,X,0
T01,1993,307,S,29-JUN-1993,X,0
T01,1993,331,S,21-JUL-1993,DH,0
T01,1993,358,S,14-JUL-1993,H,0
T01,1993,359,S,16-JUN-1993,X,0
T01,1993,390,S,,X,0
T01,1993,391,S,18-JUN-1993,X,0
T01,1993,393,S,14-JUL-1993,X,0
T01,1993,394,S,14-JUL-1993,X,0
T01,1993,395,S,14-JUL-1993,X,0
T01,1993,426,S,26-JUL-1993,X,0
T01,1993,427,S,,X,0
T01,1993,428,S,18-JUN-1993,X,0
T01,1993,429,S,14-JUL-1993,X,0
T01,1993,430,S,,X,0
T01,1993,431,S,23-JUL-1993,X,0
T01,1993,461,S,,X,0
T01,1993,462,S,,X,0
T01,1993,463,S,18-JUN-1993,X,0
T01,1993,465,S,14-JUL-1993,X,50
T01,1993,491,S,05-JUL-1993,X,0
T01,1993,492,S,05-JUL-1993,X,0
T01,1993,493,S,02-JUL-1993,X,0
T01,1993,494,S,02-JUL-1993,X,0
T01,1993,495,S,14-JUL-1993,X,0
T01,1993,496,S,14-JUL-1993,X,0
T01,1993,519,S,19-JUL-1993,X,0
T01,1993,520,S,02-JUL-1993,X,0
T01,1993,521,S,05-JUL-1993,X,0
T01,1993,522,S,02-JUL-1993,X,0
T01,1993,523,S,05-JUL-1993,X,0
T01,1993,524,S,02-JUL-1993,X,0
T01,1993,537,S,21-JUL-1993,FH,0
T01,1993,548,S,,X,0
T01,1993,549,S,,X,0
T01,1993,550,S,23-JUL-1993,X,0
T01,1993,552,S,05-JUL-1993,X,0
T01,1993,577,S,,X,0
T01,1993,580,S,27-JUL-1993,X,0
T01,1993,581,S,27-JUL-1993,X,0
T01,1993,603,S,,X,0
T01,1993,604,S,28-JUN-1993,X,0
T01,1993,606,S,06-JUL-1993,X,0
T01,1993,607,S,06-JUL-1993,X,0
T01,1993,629,S,,X,0
T01,1993,630,S,19-JUL-1993,PF,0
T01,1993,726,S,15-JUL-1993,X,0
T01,1993,730,S,21-JUL-1993,FH,0
T01,1993,736,S,15-JUL-1993,X,0
T01,1993,742,S,15-JUL-1993,X,0
T01,1993,744,S,15-JUL-1993,X,0
T02,1994,1,S,27-JUL-1994,D,0
T02,1994,2,S,27-JUL-1994,X,0
T02,1994,3,S,27-JUL-1994,X,0
T02,1994,4,S,27-JUL-1994,X,0
T02,1994,5,S,11-AUG-1994,X,0
T02,1994,6,S,02-AUG-1994,X,0
T02,1994,7,S,02-AUG-1994,X,0
T02,1994,8,S,02-AUG-1994,X,0
T02,1994,9,S,27-JUL-1994,X,0
T02,1994,10,S,27-JUL-1994,X,0
T02,1994,11,S,11-AUG-1994,P,0
T02,1994,12,S,02-AUG-1994,X,0
T02,1994,13,S,02-AUG-1994,X,0
T02,1994,14,S,12-AUG-1994,X,0
T02,1994,15,S,02-AUG-1994,X,0
T02,1994,16,S,03-AUG-1994,B,0
T02,1994,17,S,03-AUG-1994,D,0
T02,1994,18,S,03-AUG-1994,X,0
T02,1994,19,S,03-AUG-1994,X,0
T02,1994,20,S,27-JUL-1994,X,0
T02,1994,21,S,27-JUL-1994,X,0
T02,1994,22,S,27-JUL-1994,X,0
T02,1994,23,S,11-AUG-1994,X,0
T02,1994,24,S,02-AUG-1994,X,0
T02,1994,25,S,05-AUG-1994,X,0
T02,1994,26,S,05-AUG-1994,X,0
T02,1994,27,S,05-AUG-1994,X,0
T02,1994,28,S,03-AUG-1994,X,0
T02,1994,29,S,03-AUG-1994,X,0
T02,1994,30,S,03-AUG-1994,D,0
T02,1994,31,S,03-AUG-1994,X,0
T02,1994,32,S,27-JUL-1994,X,0
T02,1994,33,S,27-JUL-1994,X,0
T02,1994,34,S,11-AUG-1994,X,0
T02,1994,35,S,11-AUG-1994,X,0
T02,1994,36,S,09-AUG-1994,X,0
T02,1994,37,S,05-AUG-1994,X,0
T02,1994,38,S,05-AUG-1994,X,0
T02,1994,39,S,05-AUG-1994,X,0
T02,1994,40,S,03-AUG-1994,X,0
T02,1994,41,S,03-AUG-1994,X,0
T02,1994,42,S,28-JUN-1994,X,0
T02,1994,43,S,29-JUN-1994,X,0
T02,1994,44,S,29-JUN-1994,X,0
T02,1994,45,S,29-JUN-1994,X,0
T02,1994,46,S,11-AUG-1994,X,0
T02,1994,47,S,09-AUG-1994,X,0
T02,1994,48,S,05-AUG-1994,X,0
T02,1994,49,S,05-AUG-1994,X,0
T02,1994,50,S,05-AUG-1994,X,0
T02,1994,51,S,03-AUG-1994,X,0
T02,1994,52,S,07-JUL-1994,X,0
T02,1994,53,S,28-JUN-1994,X,0
T02,1994,54,S,28-JUN-1994,X,0
T02,1994,55,S,28-JUN-1994,X,0
T02,1994,56,S,28-JUN-1994,X,0
T02,1994,57,S,28-JUN-1994,X,0
T02,1994,58,S,28-JUN-1994,X,0
T02,1994,59,S,29-JUN-1994,X,0
T02,1994,60,S,29-JUN-1994,X,0
T02,1994,61,S,29-JUN-1994,X,0
T02,1994,62,S,09-AUG-1994,X,0
T02,1994,63,S,09-AUG-1994,X,0
T02,1994,64,S,12-AUG-1994,X,0
T02,1994,65,S,12-AUG-1994,B,0
T02,1994,66,S,09-AUG-1994,X,0
T02,1994,67,S,23-AUG-1994,X,0
T02,1994,68,S,07-JUL-1994,X,0
T02,1994,69,S,07-JUL-1994,X,0
T02,1994,70,S,30-JUN-1994,X,0
T02,1994,71,S,30-JUN-1994,X,0
T02,1994,72,S,10-AUG-1994,X,0
T02,1994,73,S,30-JUN-1994,X,0
T02,1994,74,S,30-JUN-1994,X,0
T02,1994,75,S,29-JUN-1994,X,0
T02,1994,76,S,29-JUN-1994,X,0
T02,1994,77,S,09-AUG-1994,X,0
T02,1994,78,S,09-AUG-1994,X,0
T02,1994,79,S,22-JUL-1994,X,0
T02,1994,80,S,22-JUL-1994,P,0
T02,1994,81,S,09-AUG-1994,X,0
T02,1994,82,S,09-AUG-1994,X,0
T02,1994,83,S,12-AUG-1994,P,0
T02,1994,84,S,23-AUG-1994,X,0
T02,1994,85,S,07-JUL-1994,X,0
T02,1994,86,S,07-JUL-1994,X,0
T02,1994,87,S,10-AUG-1994,X,0
T02,1994,88,S,30-JUN-1994,X,0
T02,1994,89,S,30-JUN-1994,X,0
T02,1994,90,S,10-AUG-1994,X,0
T02,1994,91,S,30-JUN-1994,X,0
T02,1994,92,S,01-JUL-1994,D,0
T02,1994,93,S,01-JUL-1994,X,0
T02,1994,94,S,12-JUL-1994,X,0
T02,1994,95,S,15-AUG-1994,P,0
T02,1994,96,S,22-JUL-1994,X,0
T02,1994,97,S,22-JUL-1994,X,0
T02,1994,98,S,22-JUL-1994,X,0
T02,1994,99,S,22-JUL-1994,X,0
T02,1994,100,S,16-AUG-1994,P,0
T02,1994,101,S,16-AUG-1994,X,0
T02,1994,102,S,07-JUL-1994,X,0
T02,1994,103,S,13-JUL-1994,X,0
T02,1994,104,S,30-JUN-1994,X,0
T02,1994,105,S,30-JUN-1994,X,0
T02,1994,106,S,01-JUL-1994,X,0
T02,1994,107,S,01-JUL-1994,X,0
T02,1994,108,S,01-JUL-1994,X,0
T02,1994,109,S,12-JUL-1994,X,0
T02,1994,110,S,12-JUL-1994,D,0
T02,1994,111,S,28-JUL-1994,D,0
T02,1994,112,S,28-JUL-1994,D,0
T02,1994,113,S,15-AUG-1994,X,0
T02,1994,114,S,22-JUL-1994,P,0
T02,1994,115,S,16-AUG-1994,X,0
T02,1994,116,S,16-AUG-1994,X,0
T02,1994,117,S,21-JUL-1994,X,0
T02,1994,118,S,21-JUL-1994,X,0
T02,1994,119,S,18-JUL-1994,X,0
T02,1994,120,S,18-JUL-1994,X,0
T02,1994,121,S,30-JUN-1994,X,0
T02,1994,122,S,01-JUL-1994,P,0
T02,1994,123,S,01-JUL-1994,X,0
T02,1994,124,S,12-JUL-1994,X,0
T02,1994,125,S,10-AUG-1994,X,0
T02,1994,126,S,10-AUG-1994,X,0
T02,1994,127,S,28-JUL-1994,P,0
T02,1994,128,S,28-JUL-1994,X,0
T02,1994,129,S,15-AUG-1994,X,0
T02,1994,130,S,15-AUG-1994,X,0
T02,1994,131,S,07-SEP-1994,X,0
T02,1994,132,S,15-AUG-1994,X,0
T02,1994,133,S,21-JUL-1994,X,0
T02,1994,134,S,21-JUL-1994,X,0
T02,1994,135,S,21-JUL-1994,X,0
T02,1994,136,S,18-JUL-1994,X,0
T02,1994,137,S,18-JUL-1994,X,0
T02,1994,138,S,18-JUL-1994,X,0
T02,1994,139,S,29-JUL-1994,X,0
T02,1994,140,S,12-JUL-1994,X,0
T02,1994,141,S,12-JUL-1994,X,0
T02,1994,142,S,12-JUL-1994,X,0
T02,1994,143,S,12-JUL-1994,X,0
T02,1994,144,S,28-JUL-1994,X,0
T02,1994,145,S,28-JUL-1994,X,0
T02,1994,146,S,26-AUG-1994,X,0
T02,1994,147,S,15-AUG-1994,X,0
T02,1994,148,S,01-SEP-1994,X,0
T02,1994,149,S,16-AUG-1994,X,0
T02,1994,150,S,21-JUL-1994,X,0
T02,1994,151,S,21-JUL-1994,X,0
T02,1994,152,S,17-AUG-1994,X,0
T02,1994,153,S,17-AUG-1994,X,0
T02,1994,154,S,29-JUL-1994,X,0
T02,1994,155,S,29-JUL-1994,X,0
T02,1994,156,S,29-JUL-1994,X,0
T02,1994,157,S,13-JUL-1994,X,0
T02,1994,158,S,13-JUL-1994,X,0
T02,1994,159,S,13-JUL-1994,X,0
T02,1994,160,S,13-JUL-1994,X,0
T02,1994,161,S,13-JUL-1994,X,0
T02,1994,162,S,28-JUL-1994,X,0
T02,1994,163,S,24-AUG-1994,P,0
T02,1994,164,S,24-AUG-1994,P,0
T02,1994,165,S,18-AUG-1994,X,0
T02,1994,166,S,01-SEP-1994,X,0
T02,1994,167,S,01-SEP-1994,X,0
T02,1994,168,S,17-AUG-1994,X,0
T02,1994,169,S,17-AUG-1994,P,0
T02,1994,170,S,17-AUG-1994,X,0
T02,1994,171,S,17-AUG-1994,P,0
T02,1994,172,S,18-JUL-1994,X,0
T02,1994,173,S,29-JUL-1994,X,0
T02,1994,174,S,18-JUL-1994,X,0
T02,1994,175,S,13-JUL-1994,X,0
T02,1994,176,S,13-JUL-1994,X,0
T02,1994,177,S,13-JUL-1994,X,0
T02,1994,178,S,13-JUL-1994,X,0
T02,1994,179,S,28-JUL-1994,X,0
T02,1994,180,S,24-AUG-1994,X,0
T02,1994,181,S,24-AUG-1994,P,0
T02,1994,182,S,18-AUG-1994,X,0
T02,1994,183,S,18-AUG-1994,X,0
T02,1994,184,S,01-SEP-1994,X,0
T02,1994,185,S,01-SEP-1994,X,0
T02,1994,186,S,17-AUG-1994,X,0
T02,1994,187,S,17-AUG-1994,X,0
T02,1994,188,S,17-AUG-1994,X,0
T02,1994,189,S,25-AUG-1994,X,0
T02,1994,190,S,25-JUL-1994,X,0
T02,1994,191,S,22-JUL-1994,X,0
T02,1994,192,S,19-JUL-1994,X,0
T02,1994,193,S,19-JUL-1994,P,0
T02,1994,194,S,19-JUL-1994,X,0
T02,1994,195,S,24-AUG-1994,X,0
T02,1994,196,S,24-AUG-1994,P,0
T02,1994,197,S,24-AUG-1994,P,0
T02,1994,198,S,26-AUG-1994,X,0
T02,1994,199,S,18-AUG-1994,X,0
T02,1994,200,S,18-AUG-1994,X,0
T02,1994,201,S,01-SEP-1994,X,0
T02,1994,202,S,01-SEP-1994,X,0
T02,1994,203,S,01-SEP-1994,X,0
T02,1994,204,S,25-AUG-1994,X,0
T02,1994,205,S,25-AUG-1994,X,0
T02,1994,206,S,14-JUL-1994,X,0
T02,1994,207,S,14-JUL-1994,X,0
T02,1994,208,S,25-JUL-1994,X,0
T02,1994,209,S,22-JUL-1994,X,0
T02,1994,210,S,19-JUL-1994,X,0
T02,1994,211,S,19-JUL-1994,X,0
T02,1994,212,S,19-JUL-1994,X,0
T02,1994,213,S,24-AUG-1994,X,0
T02,1994,214,S,26-AUG-1994,X,0
T02,1994,215,S,26-AUG-1994,X,0
T02,1994,216,S,26-AUG-1994,P,0
T02,1994,217,S,18-AUG-1994,X,0
T02,1994,218,S,18-AUG-1994,X,0
T02,1994,219,S,01-SEP-1994,D,0
T02,1994,220,S,01-SEP-1994,X,0
T02,1994,221,S,25-AUG-1994,X,0
T02,1994,222,S,25-AUG-1994,X,0
T02,1994,223,S,25-AUG-1994,X,0
T02,1994,224,S,25-AUG-1994,X,0
T02,1994,225,S,14-JUL-1994,X,0
T02,1994,226,S,14-JUL-1994,X,0
T02,1994,227,S,22-JUL-1994,P,0
T02,1994,228,S,22-JUL-1994,X,0
T02,1994,229,S,19-JUL-1994,X,0
T02,1994,230,S,19-JUL-1994,X,0
T02,1994,231,S,19-JUL-1994,X,0
T02,1994,232,S,19-JUL-1994,X,0
T02,1994,233,S,05-SEP-1994,X,0
T02,1994,234,S,26-AUG-1994,X,0
T02,1994,235,S,26-AUG-1994,X,0
T02,1994,236,S,26-JUL-1994,X,0
T02,1994,237,S,18-AUG-1994,X,0
T02,1994,238,S,01-SEP-1994,X,0
T02,1994,239,S,30-AUG-1994,X,0
T02,1994,240,S,30-AUG-1994,P,0
T02,1994,241,S,30-AUG-1994,X,0
T02,1994,242,S,14-JUL-1994,X,0
T02,1994,243,S,14-JUL-1994,X,0
T02,1994,244,S,14-JUL-1994,X,0
T02,1994,245,S,14-JUL-1994,X,0
T02,1994,246,S,22-JUL-1994,P,0
T02,1994,247,S,25-JUL-1994,X,0
T02,1994,248,S,08-AUG-1994,X,0
T02,1994,249,S,19-AUG-1994,PB,0
T02,1994,250,S,19-AUG-1994,X,0
T02,1994,251,S,05-SEP-1994,X,0
T02,1994,252,S,05-SEP-1994,P,0
T02,1994,253,S,05-SEP-1994,X,0
T02,1994,254,S,26-JUL-1994,X,0
T02,1994,255,S,26-JUL-1994,P,0
T02,1994,256,S,30-AUG-1994,P,0
T02,1994,257,S,30-AUG-1994,X,0
T02,1994,258,S,30-AUG-1994,B,0
T02,1994,259,S,14-JUL-1994,X,0
T02,1994,260,S,14-JUL-1994,X,0
T02,1994,261,S,25-AUG-1994,X,0
T02,1994,262,S,22-JUN-1994,X,0
T02,1994,263,S,08-JUL-1994,P,0
T02,1994,264,S,08-JUL-1994,X,0
T02,1994,265,S,21-SEP-1994,X,0
T02,1994,266,S,08-AUG-1994,X,0
T02,1994,267,S,08-AUG-1994,X,0
T02,1994,268,S,06-SEP-1994,X,0
T02,1994,269,S,19-AUG-1994,P,0
T02,1994,270,S,19-AUG-1994,X,0
T02,1994,271,S,05-SEP-1994,X,0
T02,1994,272,S,05-SEP-1994,P,0
T02,1994,273,S,01-SEP-1994,X,0
T02,1994,274,S,26-JUL-1994,P,0
T02,1994,275,S,31-AUG-1994,P,0
T02,1994,276,S,31-AUG-1994,P,0
T02,1994,277,S,31-AUG-1994,X,0
T02,1994,278,S,30-AUG-1994,P,0
T02,1994,279,S,30-AUG-1994,X,0
T02,1994,280,S,22-JUN-1994,X,0
T02,1994,281,S,22-JUN-1994,X,0
T02,1994,282,S,22-JUN-1994,X,0
T02,1994,283,S,22-JUN-1994,X,0
T02,1994,284,S,08-AUG-1994,X,0
T02,1994,285,S,08-AUG-1994,X,0
T02,1994,286,S,08-AUG-1994,X,0
T02,1994,287,S,29-AUG-1994,X,0
T02,1994,288,S,19-AUG-1994,X,100
T02,1994,289,S,19-AUG-1994,X,100
T02,1994,290,S,19-AUG-1994,P,0
T02,1994,291,S,26-JUL-1994,X,0
T02,1994,292,S,02-SEP-1994,P,0
T02,1994,293,S,02-SEP-1994,X,0
T02,1994,294,S,02-SEP-1994,X,0
T02,1994,295,S,02-SEP-1994,X,0
T02,1994,296,S,30-AUG-1994,X,0
T02,1994,297,S,21-JUN-1994,D,0
T02,1994,298,S,21-JUN-1994,X,0
T02,1994,299,S,22-JUN-1994,X,0
T02,1994,300,S,22-JUN-1994,X,0
T02,1994,301,S,22-JUN-1994,X,0
T02,1994,302,S,06-SEP-1994,X,0
T02,1994,303,S,08-AUG-1994,X,0
T02,1994,304,S,19-AUG-1994,X,100
T02,1994,305,S,19-AUG-1994,X,0
T02,1994,306,S,19-AUG-1994,P,0
T02,1994,307,S,26-JUL-1994,X,0
T02,1994,308,S,02-SEP-1994,P,0
T02,1994,309,S,01-AUG-1994,X,100
T02,1994,310,S,01-AUG-1994,X,100
T02,1994,311,S,01-AUG-1994,X,100
T02,1994,312,S,01-AUG-1994,X,100
T02,1994,313,S,21-JUN-1994,X,0
T02,1994,314,S,21-JUN-1994,X,0
T02,1994,315,S,21-JUN-1994,X,0
T02,1994,316,S,21-JUN-1994,X,0
T02,1994,317,S,21-JUN-1994,X,0
T02,1994,318,S,20-JUN-1994,X,0
T02,1994,319,S,08-AUG-1994,X,100
T02,1994,320,S,29-AUG-1994,X,0
T02,1994,321,S,19-AUG-1994,X,100
T02,1994,322,S,26-JUL-1994,X,0
T02,1994,323,S,31-AUG-1994,P,0
T02,1994,324,S,31-AUG-1994,P,0
T02,1994,325,S,01-AUG-1994,X,100
T02,1994,326,S,01-AUG-1994,X,100
T02,1994,327,S,31-AUG-1994,X,0
T02,1994,328,S,16-JUN-1994,X,0
T02,1994,329,S,16-JUN-1994,X,0
T02,1994,330,S,16-JUN-1994,X,100
T02,1994,331,S,16-JUN-1994,X,0
T02,1994,332,S,16-JUN-1994,P,0
T02,1994,333,S,16-JUN-1994,X,0
T02,1994,334,S,16-JUN-1994,X,0
T02,1994,335,S,16-JUN-1994,X,0
T02,1994,336,S,08-AUG-1994,X,0
T02,1994,337,S,29-AUG-1994,X,0
T02,1994,338,S,26-JUL-1994,X,0
T02,1994,339,S,26-JUL-1994,P,0
T02,1994,340,S,01-AUG-1994,X,100
T02,1994,341,S,01-AUG-1994,X,100
T02,1994,342,S,01-AUG-1994,X,100
T02,1994,343,S,01-AUG-1994,X,100
T02,1994,344,S,16-JUN-1994,X,0
T02,1994,345,S,16-JUN-1994,X,0
T02,1994,346,S,16-JUN-1994,X,100
T02,1994,347,S,14-JUN-1994,P,0
T02,1994,348,S,14-JUN-1994,X,0
T02,1994,349,S,14-JUN-1994,X,0
T02,1994,350,S,14-JUN-1994,X,0
T02,1994,351,S,14-JUN-1994,X,0
T02,1994,352,S,29-AUG-1994,X,0
T02,1994,353,S,07-SEP-1994,X,0
T02,1994,354,S,01-AUG-1994,X,100
T02,1994,355,S,01-AUG-1994,X,100
T02,1994,356,S,01-AUG-1994,X,100
T02,1994,357,S,01-AUG-1994,X,100
T02,1994,358,S,13-JUN-1994,X,0
T02,1994,359,S,13-JUN-1994,X,0
T02,1994,360,S,13-JUN-1994,X,0
T02,1994,361,S,14-JUN-1994,P,0
T02,1994,362,S,14-JUN-1994,P,0
T02,1994,363,S,14-JUN-1994,X,0
T02,1994,364,S,14-JUN-1994,X,0
T02,1994,365,S,29-AUG-1994,X,0
T02,1994,366,S,01-AUG-1994,X,100
T02,1994,367,S,01-AUG-1994,X,100
T02,1994,368,S,01-AUG-1994,X,100
T02,1994,369,S,01-AUG-1994,X,100
T02,1994,370,S,01-AUG-1994,X,100
T02,1994,371,S,10-JUN-1994,X,0
T02,1994,372,S,10-JUN-1994,X,0
T02,1994,373,S,10-JUN-1994,X,0
T02,1994,374,S,09-JUN-1994,P,0
T02,1994,375,S,09-JUN-1994,P,0
T02,1994,376,S,09-JUN-1994,X,0
T02,1994,377,S,20-AUG-1994,X,0
T02,1994,378,S,01-AUG-1994,X,100
T02,1994,379,S,01-AUG-1994,X,100
T02,1994,380,S,01-AUG-1994,X,100
T02,1994,381,S,01-AUG-1994,X,100
T02,1994,382,S,01-AUG-1994,X,100
T02,1994,383,S,18-JUN-1994,P,0
T02,1994,384,S,08-JUN-1994,X,0
T02,1994,385,S,,,100
T02,1994,386,S,08-JUN-1994,X,0
T02,1994,387,S,08-JUN-1994,X,0
T02,1994,388,S,08-JUN-1994,X,0
T02,1994,389,S,29-AUG-1994,X,0
T02,1994,390,S,01-AUG-1994,X,100
T02,1994,391,S,01-AUG-1994,X,100
T02,1994,392,S,01-AUG-1994,X,100
T02,1994,393,S,01-AUG-1994,X,100
T02,1994,394,S,08-JUN-1994,X,0
T02,1994,395,S,08-JUN-1994,X,0
T02,1994,396,S,08-JUN-1994,X,0
T02,1994,397,S,07-JUN-1994,X,100
T02,1994,398,S,07-JUN-1994,X,0
T02,1994,399,S,07-JUN-1994,X,0
T02,1994,400,S,29-AUG-1994,P,0
T02,1994,401,S,01-AUG-1994,X,100
T02,1994,402,S,01-AUG-1994,X,100
T02,1994,403,S,01-AUG-1994,X,100
T02,1994,404,S,04-AUG-1994,X,0
T02,1994,405,S,07-JUN-1994,X,0
T02,1994,406,S,07-JUN-1994,P,0
T02,1994,407,S,07-JUN-1994,X,0
T02,1994,408,S,07-JUN-1994,X,0
T02,1994,409,S,07-JUN-1994,X,0
T02,1994,410,S,06-SEP-1994,P,0
T02,1994,411,S,02-SEP-1994,X,0
T02,1994,412,S,02-SEP-1994,P,0
T02,1994,413,S,01-AUG-1994,X,100
T02,1994,414,S,03-JUN-1994,X,0
T02,1994,415,S,09-SEP-1994,PB,0
T02,1994,416,S,09-SEP-1994,P,0
T02,1994,417,S,09-SEP-1994,X,0
T02,1994,418,S,09-SEP-1994,X,0
T02,1994,419,S,09-SEP-1994,X,0
T02,1994,420,S,02-SEP-1994,X,0
T02,1994,421,S,03-JUN-1994,X,0
T02,1994,422,S,02-JUN-1994,X,0
T02,1994,423,S,02-JUN-1994,P,0
T02,1994,424,S,02-JUN-1994,X,0
T02,1994,425,S,02-JUN-1994,X,0
T02,1994,426,S,02-JUN-1994,X,0
T02,1994,427,S,03-JUN-1994,X,0
T02,1994,428,S,03-JUN-1994,X,0
T02,1994,429,S,02-JUN-1994,X,0
T02,1994,430,S,02-JUN-1994,X,0
T02,1994,431,S,02-JUN-1994,X,0
T02,1994,432,S,07-SEP-1994,X,0
T02,1994,433,S,07-SEP-1994,X,0
T04,1993,280,S,08-AUG-1993,X,0
T04,1993,282,S,08-AUG-1993,X,0
T04,1993,283,S,08-AUG-1993,X,0
T04,1993,289,S,28-AUG-1993,X,0
T04,1993,290,S,08-AUG-1993,X,0
T04,1993,291,S,08-AUG-1993,X,0
T04,1993,292,S,08-AUG-1993,X,0
T04,1993,293,S,08-AUG-1993,X,0
T04,1993,294,S,08-AUG-1993,X,0
T04,1993,299,S,28-AUG-1993,X,0
T04,1993,300,S,28-AUG-1993,X,0
T04,1993,301,S,29-AUG-1993,X,0
T04,1993,302,S,07-AUG-1993,X,0
T04,1993,303,S,07-AUG-1993,X,0
T04,1993,304,S,07-AUG-1993,X,0
T04,1993,310,S,28-AUG-1993,X,0
T04,1993,311,S,28-AUG-1993,X,0
T04,1993,312,S,29-AUG-1993,X,0
T04,1993,313,S,29-AUG-1993,X,0
T04,1993,314,S,29-AUG-1993,X,0
T04,1993,320,S,29-AUG-1993,DB,0
T04,1993,321,S,29-AUG-1993,D,0
T04,1993,322,S,29-AUG-1993,X,0
T04,1993,327,S,24-JUL-1993,X,0
T04,1993,328,S,28-AUG-1993,X,0
T04,1993,329,S,29-AUG-1993,X,0
T04,1993,330,S,29-AUG-1993,X,0
T04,1993,331,S,29-AUG-1993,B,0
T04,1993,336,S,24-JUL-1993,X,0
T04,1993,337,S,05-SEP-1993,X,0
T04,1993,339,S,29-AUG-1993,X,0
T04,1993,340,S,29-AUG-1993,X,0
T04,1993,346,S,28-AUG-1993,P,0
T04,1993,347,S,24-JUL-1993,X,0
T04,1993,348,S,05-SEP-1993,X,0
T04,1993,349,S,09-AUG-1993,X,0
T04,1993,350,S,09-AUG-1993,X,0
T04,1993,358,S,28-AUG-1993,X,100
T04,1993,359,S,28-AUG-1993,X,100
T04,1993,360,S,24-JUL-1993,X,0
T04,1993,361,S,05-SEP-1993,X,0
T04,1993,362,S,05-SEP-1993,X,0
T04,1993,363,S,09-AUG-1993,X,0
T04,1993,364,S,09-AUG-1993,X,0
T04,1993,372,S,01-AUG-1993,X,0
T04,1993,373,S,05-SEP-1993,X,0
T04,1993,374,S,05-SEP-1993,X,0
T04,1993,376,S,05-SEP-1993,X,0
T04,1993,377,S,05-SEP-1993,X,0
T04,1993,378,S,05-SEP-1993,X,0
T04,1993,379,S,22-AUG-1993,X,0
T04,1993,380,S,22-AUG-1993,X,0
T04,1993,381,S,22-AUG-1993,X,0
T04,1993,387,S,01-AUG-1993,X,0
T04,1993,388,S,05-SEP-1993,X,0
T04,1993,389,S,05-SEP-1993,X,0
T04,1993,390,S,05-SEP-1993,X,0
T04,1993,391,S,05-SEP-1993,X,0
T04,1993,392,S,05-SEP-1993,X,0
T04,1993,394,S,22-AUG-1993,X,0
T04,1993,400,S,01-AUG-1993,X,0
T04,1993,401,S,01-AUG-1993,X,0
T04,1993,402,S,05-SEP-1993,X,0
T04,1993,403,S,17-JUL-1993,X,0
T04,1993,404,S,05-SEP-1993,X,0
T04,1993,405,S,19-SEP-1993,X,0
T04,1993,406,S,19-SEP-1993,X,0
T04,1993,407,S,18-JUL-1993,X,0
T04,1993,408,S,19-SEP-1993,DB,0
T04,1993,409,S,19-SEP-1993,X,0
T04,1993,410,S,19-SEP-1993,X,0
T04,1993,413,S,01-AUG-1993,X,0
T04,1993,414,S,25-JUL-1993,X,0
T04,1993,415,S,17-JUL-1993,W,0
T04,1993,416,S,25-JUL-1993,X,0
T04,1993,417,S,19-SEP-1993,X,0
T04,1993,418,S,12-SEP-1993,X,0
T04,1993,419,S,12-SEP-1993,X,0
T04,1993,420,S,12-SEP-1993,X,0
T04,1993,421,S,19-SEP-1993,X,0
T04,1993,423,S,01-AUG-1993,X,0
T04,1993,424,S,25-JUL-1993,X,0
T04,1993,425,S,25-JUL-1993,X,0
T04,1993,426,S,25-JUL-1993,X,0
T04,1993,427,S,19-SEP-1993,X,0
T04,1993,428,S,12-SEP-1993,X,0
T04,1993,429,S,12-SEP-1993,DBS,0
T04,1993,430,S,12-SEP-1993,X,0
T04,1993,431,S,01-AUG-1993,X,0
T04,1993,432,S,25-JUL-1993,X,0
T04,1993,433,S,25-JUL-1993,X,0
T04,1993,434,S,25-JUL-1993,X,0
T04,1993,435,S,12-SEP-1993,X,0
T04,1993,436,S,12-SEP-1993,X,0
T04,1993,437,S,18-JUL-1993,X,0
T04,1993,438,S,25-JUL-1993,X,0
T04,1993,440,S,12-SEP-1993,X,0
T04,1993,441,S,12-SEP-1993,X,0
T04,1993,442,S,12-SEP-1993,X,0
T04,1993,443,S,12-SEP-1993,X,0
T04,1993,446,S,31-JUL-1993,X,0
T04,1993,447,S,31-JUL-1993,X,0
T04,1993,448,S,18-JUL-1993,X,0
T04,1993,452,S,31-JUL-1993,X,0
T04,1993,455,S,31-JUL-1993,X,0
T04,1993,456,S,31-JUL-1993,X,0
T04,1993,458,S,31-JUL-1993,X,0
T04,1993,459,S,18-JUL-1993,X,0
T04,1993,460,S,31-JUL-1993,X,0
T04,1993,461,S,31-JUL-1993,X,0
T04,1993,462,S,31-JUL-1993,X,0
T04,1993,463,S,31-JUL-1993,X,0
T04,1993,464,S,18-JUL-1993,X,0
T04,1993,701,S,28-AUG-1993,X,0
T04,1993,702,S,28-AUG-1993,X,0
T04,1993,703,S,28-AUG-1993,X,0
T04,1993,704,S,28-AUG-1993,S,0
T04,1993,708,S,31-JUL-1993,X,0
T04,1994,278,S,28-MAY-1994,X,0
T04,1994,279,S,28-MAY-1994,X,0
T04,1994,285,S,28-MAY-1994,X,0
T04,1994,286,S,28-MAY-1994,X,0
T04,1994,287,S,29-MAY-1994,X,0
T04,1994,288,S,28-MAY-1994,X,0
T04,1994,295,S,23-JUL-1994,X,0
T04,1994,296,S,28-MAY-1994,X,0
T04,1994,297,S,29-MAY-1994,X,0
T04,1994,298,S,28-MAY-1994,X,0
T04,1994,306,S,29-MAY-1994,X,0
T04,1994,307,S,29-MAY-1994,X,0
T04,1994,317,S,29-MAY-1994,X,0
T04,1994,318,S,29-MAY-1994,X,0
T04,1994,322,S,24-JUL-1994,X,0
T04,1994,324,S,04-JUN-1994,X,0
T04,1994,325,S,04-JUN-1994,X,0
T04,1994,326,S,04-JUN-1994,X,0
T04,1994,333,S,23-JUL-1994,X,0
T04,1994,334,S,23-JUL-1994,X,0
T04,1994,335,S,04-JUN-1994,X,0
T04,1994,341,S,04-JUN-1994,X,0
T04,1994,342,S,04-JUN-1994,X,0
T04,1994,343,S,04-JUN-1994,X,0
T04,1994,344,S,04-JUN-1994,X,0
T04,1994,345,S,02-JUL-1994,X,0
T04,1994,352,S,11-JUN-1994,X,0
T04,1994,353,S,11-JUN-1994,X,0
T04,1994,355,S,11-JUN-1994,X,0
T04,1994,356,S,02-JUL-1994,X,0
T04,1994,357,S,19-JUN-1994,X,0
T04,1994,358,S,24-JUL-1994,X,0
T04,1994,359,S,24-JUL-1994,X,0
T04,1994,365,S,12-JUN-1994,X,0
T04,1994,366,S,12-JUN-1994,X,0
T04,1994,368,S,11-JUN-1994,X,0
T04,1994,369,S,02-JUL-1994,X,0
T04,1994,370,S,02-JUL-1994,X,0
T04,1994,371,S,19-JUN-1994,X,0
T04,1994,383,S,11-JUN-1994,X,0
T04,1994,384,S,02-JUL-1994,X,0
T04,1994,385,S,03-JUL-1994,X,0
T04,1994,395,S,12-JUN-1994,X,0
T04,1994,396,S,12-JUN-1994,X,0
T04,1994,397,S,12-JUN-1994,X,0
T04,1994,398,S,03-JUL-1994,X,0
T04,1994,399,S,18-JUN-1994,X,0
T04,1994,411,S,18-JUN-1994,X,0
T04,1994,412,S,18-JUN-1994,X,0
T04,1994,439,S,03-JUL-1994,X,100
T04,1994,444,S,03-JUL-1994,X,0
T04,1994,444,W,03-JUL-1994,X,0
T04,1994,445,S,03-JUL-1994,X,0
T04,1994,449,S,03-JUL-1994,X,0
T04,1994,450,S,03-JUL-1994,X,0
T04,1994,453,S,18-JUN-1994,X,0
T04,1994,454,S,03-JUL-1994,X,0
T04,1994,700,S,29-MAY-1994,X,0
T04,1994,705,S,03-JUL-1994,X,0
T04,1994,706,S,03-JUL-1994,X,0
T04,1994,707,S,03-JUL-1994,X,0
T04,1994,707,W,03-JUL-1994,X,0
T05,1993,1,S,28-JUN-1993,X,0
T05,1993,2,S,28-JUN-1993,X,0
T05,1993,3,S,28-JUN-1993,X,0
T05,1993,4,S,28-JUN-1993,X,0
T05,1993,5,S,28-JUN-1993,X,0
T05,1993,6,S,30-JUN-1993,F,10
T05,1993,8,S,29-JUN-1993,X,0
T05,1993,9,S,29-JUN-1993,X,0
T05,1993,10,S,20-JUL-1993,DBFN,15
T05,1993,11,S,20-JUL-1993,X,0
T05,1993,12,S,29-JUN-1993,X,0
T05,1993,13,S,29-JUN-1993,F,0
T05,1993,14,S,29-JUN-1993,X,0
T05,1993,15,S,29-JUN-1993,X,0
T05,1993,16,S,30-JUN-1993,X,0
T05,1993,17,S,20-JUL-1993,X,0
T05,1993,18,S,30-JUN-1993,X,0
T05,1993,19,S,30-JUN-1993,X,0
T05,1993,22,S,30-JUN-1993,X,0
T05,1993,23,S,20-JUL-1993,X,0
T05,1993,25,S,08-JUL-1993,X,0
T05,1993,26,S,30-JUN-1993,X,0
T05,1993,27,S,30-JUN-1993,X,0
T05,1993,28,S,15-JUL-1993,X,0
T05,1993,31,S,01-JUL-1993,X,0
T05,1993,32,S,07-JUL-1993,BF,15
T05,1993,33,S,07-JUL-1993,X,0
T05,1993,34,S,07-JUL-1993,F,20
T05,1993,35,S,07-JUL-1993,X,0
T05,1993,36,S,07-JUL-1993,X,0
T05,1993,37,S,07-JUL-1993,X,0
T05,1993,38,S,05-JUL-1993,X,0
T05,1993,39,S,06-JUL-1993,X,0
T05,1993,40,S,05-JUL-1993,X,0
T05,1993,41,S,22-JUL-1993,X,0
T05,1993,42,S,05-JUL-1993,X,0
T05,1993,43,S,05-JUL-1993,X,0
T05,1993,44,S,05-JUL-1993,X,0
T05,1993,45,S,05-JUL-1993,X,0
T05,1993,46,S,07-JUL-1993,X,0
T05,1993,47,S,07-JUL-1993,X,0
T05,1993,48,S,07-JUL-1993,X,0
T05,1993,49,S,06-JUL-1993,X,0
T05,1993,50,S,06-JUL-1993,X,0
T05,1993,51,S,05-JUL-1993,X,0
T05,1993,52,S,09-JUL-1993,N,0
T05,1993,53,S,07-JUL-1993,X,0
T05,1993,54,S,07-JUL-1993,X,0
T05,1993,55,S,06-JUL-1993,X,0
T05,1993,56,S,06-JUL-1993,X,0
T05,1993,58,S,08-JUL-1993,F,0
T05,1993,59,S,22-JUL-1993,BF,5
T05,1993,60,S,15-JUL-1993,X,0
T05,1993,61,S,08-JUL-1993,X,0
T05,1993,62,S,06-JUL-1993,X,0
T05,1993,63,S,06-JUL-1993,X,0
T05,1993,64,S,06-JUL-1993,X,0
T05,1993,66,S,08-JUL-1993,X,0
T05,1993,67,S,08-JUL-1993,X,0
T05,1993,68,S,08-JUL-1993,X,0
T05,1993,69,S,06-JUL-1993,F,25
T05,1993,70,S,06-JUL-1993,X,0
T05,1993,71,S,06-JUL-1993,X,0
T05,1993,72,S,12-JUL-1993,P,75
T05,1993,73,S,08-JUL-1993,X,0
T05,1993,74,S,12-JUL-1993,X,0
T05,1993,75,S,12-JUL-1993,X,0
T05,1993,76,S,12-JUL-1993,X,0
T05,1993,78,S,08-JUL-1993,X,0
T05,1993,80,S,09-JUL-1993,X,0
T05,1993,81,S,09-JUL-1993,X,0
T05,1993,82,S,12-JUL-1993,X,0
T05,1993,83,S,13-JUL-1993,F,5
T05,1993,84,S,12-JUL-1993,X,0
T05,1993,86,S,14-JUL-1993,X,0
T05,1993,87,S,14-JUL-1993,X,0
T05,1993,88,S,12-JUL-1993,X,0
T05,1993,89,S,14-JUL-1993,X,0
T05,1993,90,S,14-JUL-1993,X,0
T05,1993,91,S,14-JUL-1993,X,0
T05,1993,92,S,14-JUL-1993,X,0
T05,1993,93,S,14-JUL-1993,X,0
T05,1993,94,S,14-JUL-1993,X,0
T05,1993,95,S,16-JUL-1993,X,0
T05,1993,96,S,16-JUL-1993,X,0
T05,1993,97,S,16-JUL-1993,X,0
T05,1993,98,S,16-JUL-1993,X,0
T05,1993,99,S,16-JUL-1993,X,0
T05,1993,100,S,20-JUL-1993,F,0
T05,1993,101,S,16-JUL-1993,X,0
T05,1993,102,S,16-JUL-1993,X,0
T05,1993,103,S,16-JUL-1993,X,0
T05,1993,105,S,16-JUL-1993,F,5
T05,1993,106,S,21-JUL-1993,X,0
T05,1993,107,S,21-JUL-1993,X,0
T05,1993,108,S,21-JUL-1993,X,0
T05,1993,109,S,21-JUL-1993,X,0
T05,1993,110,S,19-JUL-1993,X,0
T05,1993,111,S,19-JUL-1993,X,0
T05,1993,112,S,19-JUL-1993,X,0
T05,1993,113,S,19-JUL-1993,X,0
T05,1993,114,S,19-JUL-1993,X,0
T05,1993,115,S,19-JUL-1993,F,20
T05,1993,116,S,19-JUL-1993,X,0
T05,1993,117,S,20-JUL-1993,X,0
T05,1993,119,S,20-JUL-1993,X,0
T05,1993,120,S,20-JUL-1993,F,40
T05,1993,121,S,21-JUL-1993,X,50
T05,1993,122,S,21-JUL-1993,X,0
T05,1993,123,S,21-JUL-1993,X,0
T05,1993,124,S,21-JUL-1993,W,5
T05,1993,125,S,22-JUL-1993,X,0
T05,1993,126,S,22-JUL-1993,X,0
T05,1993,127,S,21-JUL-1993,X,0
T05,1993,128,S,21-JUL-1993,X,0
T05,1993,130,S,22-JUL-1993,X,0
T05,1993,131,S,22-JUL-1993,X,0
T05,1993,132,S,22-JUL-1993,X,0
T05,1993,134,S,22-JUL-1993,P,100
T05,1993,135,S,22-JUL-1993,P,100
T05,1993,136,S,22-JUL-1993,P,100
T05,1993,137,S,14-JUL-1993,H,100
T05,1993,138,S,23-JUL-1993,X,0
T05,1993,139,S,23-JUL-1993,X,0
T05,1993,140,S,23-JUL-1993,X,0
T05,1993,141,S,23-JUL-1993,X,0
T05,1993,142,S,23-JUL-1993,X,0
T05,1993,143,S,26-JUL-1993,X,0
T05,1993,144,S,26-JUL-1993,X,0
T05,1993,146,S,23-JUL-1993,X,0
T05,1993,147,S,23-JUL-1993,X,0
T05,1993,148,S,23-JUL-1993,X,0
T05,1993,149,S,23-JUL-1993,X,0
T05,1993,150,S,23-JUL-1993,X,0
T05,1993,151,S,23-JUL-1993,X,0
T05,1993,152,S,23-JUL-1993,X,0
T05,1993,153,S,23-JUL-1993,X,0
T05,1993,154,S,23-JUL-1993,X,0
T05,1993,155,S,26-JUL-1993,X,0
T05,1993,157,S,26-JUL-1993,X,0
T05,1993,158,S,26-JUL-1993,X,0
T05,1993,159,S,23-JUL-1993,X,0
T05,1993,160,S,26-JUL-1993,X,0
T05,1993,161,S,26-JUL-1993,X,0
T05,1993,162,S,27-JUL-1993,X,0
T05,1993,163,S,27-JUL-1993,X,0
T05,1993,165,S,27-JUL-1993,X,0
T05,1993,166,S,27-JUL-1993,X,0
T05,1993,167,S,27-JUL-1993,X,0
T05,1993,168,S,28-JUL-1993,X,0
T05,1993,169,S,27-JUL-1993,X,0
T05,1993,170,S,27-JUL-1993,X,0
T05,1993,171,S,27-JUL-1993,X,0
T05,1993,172,S,28-JUL-1993,X,0
T05,1993,173,S,28-JUL-1993,X,0
T05,1993,177,S,29-JUL-1993,X,0
T05,1993,178,S,29-JUL-1993,X,0
T05,1993,179,S,29-JUL-1993,X,0
T05,1993,181,S,30-JUL-1993,X,0
T05,1993,183,S,29-JUL-1993,X,0
T05,1993,184,S,28-JUL-1993,F,15
T05,1993,185,S,29-JUL-1993,X,0
T05,1993,186,S,30-JUL-1993,X,0
T05,1993,187,S,30-JUL-1993,X,0
T05,1993,188,S,30-JUL-1993,X,0
T05,1993,189,S,30-JUL-1993,X,0
T05,1993,190,S,30-JUL-1993,X,0
T05,1993,191,S,30-JUL-1993,X,0
T05,1993,193,S,02-AUG-1993,X,0
T05,1993,194,S,30-JUL-1993,X,0
T05,1993,195,S,30-JUL-1993,X,0
T05,1993,196,S,30-JUL-1993,X,0
T05,1993,197,S,02-AUG-1993,X,0
T05,1993,198,S,02-AUG-1993,X,0
T05,1993,200,S,02-AUG-1993,X,0
T05,1993,201,S,03-AUG-1993,X,0
T05,1993,202,S,03-AUG-1993,X,0
T05,1993,203,S,03-AUG-1993,X,0
T05,1993,204,S,03-AUG-1993,X,0
T05,1993,205,S,03-AUG-1993,X,0
T05,1993,206,S,03-AUG-1993,X,0
T05,1993,207,S,02-AUG-1993,X,0
T05,1993,208,S,02-AUG-1993,X,0
T05,1993,209,S,02-AUG-1993,X,0
T05,1993,210,S,02-AUG-1993,X,0
T05,1993,211,S,05-AUG-1993,BFN,5
T05,1993,212,S,02-AUG-1993,X,0
T05,1993,213,S,02-AUG-1993,X,0
T05,1993,214,S,02-AUG-1993,X,0
T05,1993,215,S,02-AUG-1993,X,0
T05,1993,216,S,02-AUG-1993,X,0
T05,1993,218,S,05-AUG-1993,X,0
T05,1993,220,S,02-AUG-1993,X,0
T05,1993,221,S,05-AUG-1993,X,0
T05,1993,222,S,05-AUG-1993,X,0
T05,1993,224,S,30-JUL-1993,X,0
T05,1993,225,S,06-AUG-1993,X,0
T05,1993,226,S,06-AUG-1993,X,0
T05,1993,227,S,06-AUG-1993,X,0
T05,1993,228,S,06-AUG-1993,X,0
T05,1993,229,S,06-AUG-1993,X,0
T05,1993,231,S,06-AUG-1993,X,0
T05,1993,232,S,10-AUG-1993,X,0
T05,1993,233,S,10-AUG-1993,X,0
T05,1993,234,S,10-AUG-1993,X,0
T05,1993,235,S,12-AUG-1993,X,0
T05,1993,236,S,10-AUG-1993,X,0
T05,1993,237,S,10-AUG-1993,X,0
T05,1993,238,S,30-JUL-1993,X,0
T05,1993,239,S,31-JUL-1993,X,0
T05,1993,240,S,05-AUG-1993,X,0
T05,1993,240,W,05-AUG-1993,X,0
T05,1993,241,S,05-AUG-1993,X,0
T05,1993,242,S,31-JUL-1993,X,0
T05,1993,243,S,31-JUL-1993,X,0
T05,1993,244,S,31-JUL-1993,X,0
T05,1993,245,S,31-JUL-1993,X,0
T05,1993,246,S,31-JUL-1993,F,10
T05,1993,248,S,02-AUG-1993,X,0
T05,1993,249,S,31-JUL-1993,X,0
T05,1993,250,S,05-AUG-1993,X,0
T05,1993,251,S,05-AUG-1993,X,0
T05,1993,252,S,04-AUG-1993,X,0
T05,1993,254,S,12-AUG-1993,X,0
T05,1993,255,S,12-AUG-1993,X,0
T05,1993,256,S,12-AUG-1993,X,0
T05,1993,257,S,12-AUG-1993,X,0
T05,1993,258,S,12-AUG-1993,X,0
T05,1993,259,S,10-AUG-1993,X,0
T05,1993,260,S,12-AUG-1993,X,0
T05,1993,261,S,10-AUG-1993,BFN,0
T05,1993,262,S,06-AUG-1993,X,0
T05,1993,263,S,06-AUG-1993,X,0
T05,1993,264,S,06-AUG-1993,X,0
T05,1993,265,S,06-AUG-1993,X,0
T05,1993,266,S,06-AUG-1993,X,0
T05,1993,267,S,06-AUG-1993,X,0
T05,1993,268,S,06-AUG-1993,X,0
T05,1993,269,S,06-AUG-1993,X,0
T05,1993,271,S,06-AUG-1993,X,0
T05,1993,272,S,06-AUG-1993,X,0
T05,1993,273,S,06-AUG-1993,X,0
T05,1993,274,S,06-AUG-1993,X,0
T05,1993,275,S,06-AUG-1993,X,0
T05,1993,276,S,06-AUG-1993,X,0
T05,1993,277,S,05-AUG-1993,X,0
T05,1993,277,W,05-AUG-1993,X,0
T05,1993,278,S,10-AUG-1993,X,0
T05,1993,279,S,10-AUG-1993,X,0
T05,1993,280,S,10-AUG-1993,X,0
T05,1993,281,S,10-AUG-1993,X,0
T05,1993,282,S,10-AUG-1993,X,0
T05,1993,284,S,11-AUG-1993,X,0
T05,1993,285,S,11-AUG-1993,X,0
T05,1993,286,S,11-AUG-1993,X,0
T05,1993,288,S,11-AUG-1993,DFN,0
T05,1993,289,S,10-AUG-1993,X,0
T05,1993,290,S,10-AUG-1993,X,0
T05,1993,291,S,10-AUG-1993,X,0
T05,1993,292,S,10-AUG-1993,X,0
T05,1993,293,S,10-AUG-1993,X,0
T05,1993,294,S,11-AUG-1993,X,0
T05,1993,295,S,11-AUG-1993,X,0
T05,1993,296,S,11-AUG-1993,X,0
T05,1993,297,S,11-AUG-1993,DBN,0
T05,1993,298,S,11-AUG-1993,X,0
T05,1993,299,S,11-AUG-1993,X,0
T05,1993,300,S,11-AUG-1993,X,0
T05,1993,301,S,11-AUG-1993,X,0
T05,1993,302,S,11-AUG-1993,X,0
T05,1993,303,S,28-JUL-1993,H,100
T05,1993,304,S,27-JUL-1993,P,100
T05,1993,305,S,11-AUG-1993,X,0
T05,1993,306,S,11-AUG-1993,X,0
T05,1993,307,S,11-AUG-1993,X,0
T05,1993,308,S,11-AUG-1993,X,0
T05,1993,309,S,11-AUG-1993,X,0
T05,1993,310,S,13-AUG-1993,X,0
T05,1993,310,W,13-AUG-1993,X,0
T05,1993,311,S,13-AUG-1993,X,0
T05,1993,311,W,13-AUG-1993,X,0
T05,1993,400,S,13-AUG-1993,X,0
T05,1993,400,W,13-AUG-1993,X,0
T05,1993,401,S,13-AUG-1993,X,0
T05,1993,401,W,13-AUG-1993,X,0
T05,1993,402,S,13-AUG-1993,X,0
T05,1993,403,S,13-AUG-1993,X,0
T05,1993,404,S,13-AUG-1993,X,0
T05,1994,312,S,13-MAY-1994,X,0
T05,1994,312,W,13-MAY-1994,X,0
T05,1994,313,S,10-JUN-1994,X,0
T05,1994,313,W,10-JUN-1994,X,0
T05,1994,314,S,14-JUN-1994,X,0
T05,1994,314,W,14-JUN-1994,X,0
T05,1994,315,S,13-MAY-1994,X,0
T05,1994,315,W,13-MAY-1994,X,0
T05,1994,316,S,13-MAY-1994,X,0
T05,1994,316,W,13-MAY-1994,X,0
T05,1994,317,S,13-MAY-1994,X,0
T05,1994,317,W,13-MAY-1994,X,0
T05,1994,318,S,13-MAY-1994,X,0
T05,1994,318,W,13-MAY-1994,X,0
T05,1994,319,S,13-MAY-1994,B,0
T05,1994,319,W,13-MAY-1994,B,0
T05,1994,320,S,12-MAY-1994,D,0
T05,1994,320,W,12-MAY-1994,DBN,0
T05,1994,321,S,12-MAY-1994,X,5
T05,1994,321,W,12-MAY-1994,X,0
T05,1994,322,S,11-MAY-1994,X,0
T05,1994,322,W,11-MAY-1994,X,0
T05,1994,323,S,11-MAY-1994,X,0
T05,1994,323,W,11-MAY-1994,X,0
T05,1994,324,S,12-MAY-1994,D,10
T05,1994,324,W,12-MAY-1994,X,0
T05,1994,325,S,11-MAY-1994,X,0
T05,1994,325,W,11-MAY-1994,X,0
T05,1994,326,S,11-MAY-1994,X,0
T05,1994,326,W,11-MAY-1994,X,0
T05,1994,327,S,12-MAY-1994,X,0
T05,1994,327,W,12-MAY-1994,X,0
T05,1994,328,S,10-JUN-1994,X,0
T05,1994,328,W,10-JUN-1994,X,0
T05,1994,329,S,10-JUN-1994,X,0
T05,1994,329,W,10-JUN-1994,X,0
T05,1994,330,S,10-JUN-1994,X,0
T05,1994,330,W,10-JUN-1994,X,0
T05,1994,331,S,10-JUN-1994,X,20
T05,1994,331,W,10-JUN-1994,X,0
T05,1994,332,S,10-JUN-1994,X,0
T05,1994,332,W,10-JUN-1994,X,0
T05,1994,333,S,09-JUN-1994,X,0
T05,1994,333,W,09-JUN-1994,X,0
T05,1994,334,S,09-JUN-1994,X,0
T05,1994,334,W,09-JUN-1994,X,0
T05,1994,335,S,09-JUN-1994,X,0
T05,1994,335,W,09-JUN-1994,X,0
T05,1994,336,S,09-JUN-1994,X,0
T05,1994,336,W,09-JUN-1994,X,0
T05,1994,337,S,10-JUN-1994,X,0
T05,1994,337,W,10-JUN-1994,X,0
T05,1994,338,S,09-JUN-1994,X,0
T05,1994,338,W,09-JUN-1994,X,0
T05,1994,339,S,09-JUN-1994,X,0
T05,1994,339,W,09-JUN-1994,B,0
T05,1994,340,S,01-JUN-1994,X,0
T05,1994,341,S,30-MAY-1994,X,0
T05,1994,341,W,30-MAY-1994,X,0
T05,1994,342,S,02-JUN-1994,DBN,0
T05,1994,343,S,30-MAY-1994,X,0
T05,1994,344,S,30-MAY-1994,X,0
T05,1994,345,S,30-MAY-1994,BN,0
T05,1994,345,W,30-MAY-1994,DBN,0
T05,1994,346,S,30-MAY-1994,X,0
T05,1994,347,S,16-JUN-1994,X,0
T05,1994,347,W,16-JUN-1994,X,0
T05,1994,348,S,16-JUN-1994,X,0
T05,1994,348,W,16-JUN-1994,X,0
T05,1994,349,S,16-JUN-1994,BN,0
T05,1994,350,S,16-JUN-1994,N,0
T05,1994,351,S,20-JUN-1994,BN,0
T05,1994,352,S,20-JUN-1994,P,0
T05,1994,353,S,20-JUN-1994,X,0
T05,1994,354,S,20-JUN-1994,B,0
T05,1994,355,S,27-JUN-1994,X,0
T05,1994,356,S,27-JUN-1994,X,0
T07,1993,2,S,16-JUL-1993,X,0
T07,1993,3,S,19-JUL-1993,B,0
T07,1993,4,S,19-JUL-1993,B,0
T07,1993,5,S,20-JUL-1993,X,0
T07,1993,6,S,21-JUL-1993,X,0
T07,1993,7,S,21-JUL-1993,X,0
T07,1993,8,S,21-JUL-1993,B,0
T07,1993,9,S,20-JUL-1993,X,0
T07,1993,10,S,20-JUL-1993,X,0
T07,1993,11,S,22-JUL-1993,X,0
T07,1993,12,S,21-JUL-1993,X,0
T07,1993,13,S,21-JUL-1993,X,0
T07,1993,14,S,21-JUL-1993,X,0
T07,1993,15,S,22-JUL-1993,X,0
T07,1993,16,S,21-JUL-1993,B,0
T07,1993,17,S,23-JUL-1993,S,0
T07,1993,18,S,23-JUL-1993,X,0
T07,1993,19,S,23-JUL-1993,X,0
T07,1993,20,S,23-JUL-1993,X,0
T07,1993,21,S,23-JUL-1993,X,0
T07,1993,22,S,09-AUG-1993,X,0
T07,1993,23,S,09-AUG-1993,X,0
T07,1993,24,S,09-AUG-1993,X,0
T07,1993,25,S,09-AUG-1993,B,0
T07,1993,26,S,26-JUL-1993,B,0
T07,1993,27,S,30-JUL-1993,B,0
T07,1993,28,S,30-JUL-1993,X,0
T07,1993,29,S,23-JUL-1993,X,0
T07,1993,30,S,23-JUL-1993,X,0
T07,1993,31,S,10-AUG-1993,X,0
T07,1993,32,S,10-AUG-1993,X,0
T07,1993,33,S,10-AUG-1993,X,0
T07,1993,34,S,10-AUG-1993,X,0
T07,1993,35,S,10-AUG-1993,B,0
T07,1993,36,S,10-AUG-1993,X,0
T07,1993,37,S,06-AUG-1993,X,0
T07,1993,38,S,03-AUG-1993,X,0
T07,1993,39,S,03-AUG-1993,X,0
T07,1993,40,S,02-AUG-1993,B,0
T07,1993,41,S,02-AUG-1993,X,0
T07,1993,42,S,11-AUG-1993,B,0
T07,1993,43,S,11-AUG-1993,X,0
T07,1993,44,S,11-AUG-1993,X,0
T07,1993,45,S,11-AUG-1993,X,0
T07,1993,46,S,11-AUG-1993,X,0
T07,1993,47,S,11-AUG-1993,B,0
T07,1993,48,S,11-AUG-1993,X,0
T07,1993,49,S,11-AUG-1993,X,0
T07,1993,50,S,11-AUG-1993,X,0
T07,1993,51,S,10-AUG-1993,X,0
T07,1993,52,S,10-AUG-1993,X,0
T07,1993,53,S,12-AUG-1993,B,0
T07,1993,57,S,06-SEP-1993,X,0
T07,1993,58,S,13-AUG-1993,B,0
T07,1993,59,S,13-AUG-1993,B,0
T07,1993,60,S,13-AUG-1993,X,0
T07,1993,61,S,13-AUG-1993,X,0
T07,1993,62,S,12-AUG-1993,X,0
T07,1993,63,S,12-AUG-1993,X,0
T07,1993,64,S,12-AUG-1993,X,0
T07,1993,65,S,12-AUG-1993,B,0
T07,1993,71,S,06-SEP-1993,X,0
T07,1993,72,S,06-SEP-1993,B,0
T07,1993,73,S,02-SEP-1993,X,0
T07,1993,74,S,02-SEP-1993,X,0
T07,1993,75,S,23-AUG-1993,X,0
T07,1993,76,S,23-AUG-1993,B,0
T07,1993,77,S,23-AUG-1993,B,0
T07,1993,78,S,16-AUG-1993,B,0
T07,1993,79,S,16-AUG-1993,X,0
T07,1993,80,S,10-SEP-1993,X,0
T07,1993,86,S,08-SEP-1993,X,0
T07,1993,87,S,06-SEP-1993,X,0
T07,1993,88,S,06-SEP-1993,B,0
T07,1993,89,S,02-SEP-1993,X,0
T07,1993,90,S,01-SEP-1993,X,0
T07,1993,91,S,01-SEP-1993,X,0
T07,1993,92,S,01-SEP-1993,X,0
T07,1993,93,S,01-SEP-1993,X,0
T07,1993,94,S,16-AUG-1993,X,0
T07,1993,95,S,16-AUG-1993,X,0
T07,1993,96,S,16-AUG-1993,X,0
T07,1993,97,S,19-AUG-1993,X,0
T07,1993,98,S,10-SEP-1993,X,0
T07,1993,99,S,20-SEP-1993,X,0
T07,1993,104,S,08-SEP-1993,X,0
T07,1993,105,S,08-SEP-1993,B,0
T07,1993,107,S,02-SEP-1993,B,0
T07,1993,108,S,06-SEP-1993,X,0
T07,1993,109,S,06-SEP-1993,X,0
T07,1993,110,S,06-SEP-1993,B,0
T07,1993,111,S,17-AUG-1993,X,0
T07,1993,112,S,17-AUG-1993,X,0
T07,1993,113,S,17-AUG-1993,X,0
T07,1993,114,S,17-AUG-1993,X,0
T07,1993,115,S,19-AUG-1993,X,0
T07,1993,116,S,19-AUG-1993,X,0
T07,1993,117,S,20-SEP-1993,X,0
T07,1993,124,S,07-SEP-1993,B,0
T07,1993,127,S,13-SEP-1993,X,0
T07,1993,135,S,19-AUG-1993,X,0
T07,1993,136,S,20-SEP-1993,B,0
T07,1993,144,S,07-SEP-1993,B,0
T07,1993,145,S,07-SEP-1993,B,0
T07,1993,147,S,13-SEP-1993,B,0
T07,1993,155,S,20-AUG-1993,X,0
T07,1993,156,S,20-AUG-1993,X,0
T07,1993,163,S,07-SEP-1993,X,0
T07,1993,164,S,07-SEP-1993,B,0
T07,1993,176,S,08-SEP-1993,X,0
T07,1993,177,S,20-AUG-1993,X,0
T07,1993,178,S,20-AUG-1993,X,0
T07,1993,185,S,21-SEP-1993,X,0
T07,1993,186,S,21-SEP-1993,B,0
T07,1993,187,S,21-SEP-1993,B,0
T07,1993,189,S,13-SEP-1993,B,0
T07,1993,198,S,09-SEP-1993,X,0
T07,1993,199,S,09-SEP-1993,X,0
T07,1993,200,S,20-AUG-1993,X,0
T07,1993,201,S,08-SEP-1993,X,0
T07,1993,208,S,13-SEP-1993,X,0
T07,1993,209,S,13-SEP-1993,X,0
T07,1993,210,S,21-SEP-1993,X,0
T07,1993,211,S,13-SEP-1993,B,0
T07,1993,221,S,09-SEP-1993,X,0
T07,1993,224,S,20-AUG-1993,X,0
T07,1993,235,S,,,100
T07,1993,236,S,05-OCT-1993,B,0
T07,1993,244,S,09-SEP-1993,X,0
T07,1993,248,S,10-SEP-1993,X,0
T07,1993,268,S,09-SEP-1993,X,0
T07,1993,272,S,09-SEP-1993,X,0
T07,1993,273,S,09-SEP-1993,X,0
T07,1993,274,S,10-SEP-1993,X,0
T07,1993,339,S,09-SEP-1993,X,0
T07,1993,363,S,08-SEP-1993,X,0
T07,1993,385,S,,,100
T07,1993,386,S,08-SEP-1993,X,0
T07,1993,387,S,08-SEP-1993,X,0
T07,1993,388,S,08-SEP-1993,X,0
T07,1993,405,S,08-SEP-1993,X,0
T07,1993,406,S,26-AUG-1993,X,0
T07,1993,426,S,27-AUG-1993,X,0
T07,1993,427,S,27-AUG-1993,X,0
T07,1993,428,S,26-AUG-1993,X,0
T07,1993,447,S,27-AUG-1993,X,0
T07,1993,448,S,27-AUG-1993,X,0
T07,1993,449,S,27-AUG-1993,X,0
T07,1993,450,S,30-AUG-1993,X,0
T07,1993,468,S,27-AUG-1993,X,0
T07,1993,469,S,30-AUG-1993,X,0
T07,1993,485,S,30-AUG-1993,X,0
T07,1994,1,S,08-JUL-1994,X,0
T07,1994,54,S,07-SEP-1994,X,0
T07,1994,55,S,07-SEP-1994,X,0
T07,1994,56,S,07-SEP-1994,X,0
T07,1994,66,S,08-SEP-1994,B,0
T07,1994,67,S,08-SEP-1994,B,0
T07,1994,68,S,08-SEP-1994,X,0
T07,1994,69,S,02-SEP-1994,B,0
T07,1994,70,S,07-SEP-1994,X,0
T07,1994,81,S,08-SEP-1994,B,0
T07,1994,82,S,08-SEP-1994,B,0
T07,1994,83,S,08-SEP-1994,X,0
T07,1994,84,S,08-SEP-1994,B,0
T07,1994,85,S,02-SEP-1994,B,0
T07,1994,100,S,08-SEP-1994,X,0
T07,1994,101,S,08-SEP-1994,B,0
T07,1994,102,S,08-SEP-1994,X,0
T07,1994,103,S,02-SEP-1994,B,0
T07,1994,106,S,03-OCT-1994,B,0
T07,1994,118,S,20-JUL-1994,X,0
T07,1994,119,S,20-JUL-1994,X,0
T07,1994,120,S,20-JUL-1994,B,0
T07,1994,121,S,19-AUG-1994,B,0
T07,1994,122,S,07-SEP-1994,X,0
T07,1994,123,S,07-SEP-1994,B,0
T07,1994,125,S,03-OCT-1994,B,0
T07,1994,126,S,08-JUL-1994,X,0
T07,1994,128,S,03-OCT-1994,B,0
T07,1994,129,S,29-JUL-1994,X,0
T07,1994,130,S,29-JUL-1994,X,0
T07,1994,131,S,29-JUL-1994,X,0
T07,1994,132,S,05-OCT-1994,X,0
T07,1994,133,S,05-OCT-1994,B,0
T07,1994,134,S,05-OCT-1994,X,0
T07,1994,137,S,21-JUL-1994,B,0
T07,1994,138,S,21-JUL-1994,X,0
T07,1994,139,S,21-JUL-1994,B,0
T07,1994,140,S,18-AUG-1994,B,0
T07,1994,141,S,19-AUG-1994,X,0
T07,1994,142,S,19-AUG-1994,X,0
T07,1994,143,S,07-SEP-1994,X,0
T07,1994,146,S,08-JUL-1994,X,0
T07,1994,148,S,03-OCT-1994,B,0
T07,1994,149,S,05-OCT-1994,X,0
T07,1994,150,S,05-OCT-1994,X,0
T07,1994,151,S,05-OCT-1994,X,0
T07,1994,152,S,05-OCT-1994,X,0
T07,1994,153,S,05-OCT-1994,X,0
T07,1994,154,S,05-OCT-1994,X,0
T07,1994,157,S,30-AUG-1994,B,0
T07,1994,158,S,30-AUG-1994,B,0
T07,1994,159,S,18-AUG-1994,B,0
T07,1994,160,S,18-AUG-1994,B,0
T07,1994,161,S,19-AUG-1994,X,0
T07,1994,162,S,19-AUG-1994,X,0
T07,1994,165,S,07-SEP-1994,B,0
T07,1994,166,S,12-SEP-1994,B,0
T07,1994,167,S,03-OCT-1994,X,0
T07,1994,168,S,03-OCT-1994,B,0
T07,1994,169,S,05-OCT-1994,B,0
T07,1994,170,S,05-OCT-1994,X,0
T07,1994,171,S,05-OCT-1994,X,0
T07,1994,172,S,05-OCT-1994,X,0
T07,1994,173,S,05-OCT-1994,X,0
T07,1994,174,S,05-OCT-1994,X,0
T07,1994,175,S,04-OCT-1994,B,0
T07,1994,179,S,30-AUG-1994,B,0
T07,1994,180,S,30-AUG-1994,X,0
T07,1994,181,S,30-AUG-1994,B,0
T07,1994,182,S,18-AUG-1994,B,0
T07,1994,183,S,18-AUG-1994,B,0
T07,1994,184,S,07-OCT-1994,X,0
T07,1994,188,S,12-JUL-1994,X,0
T07,1994,190,S,13-JUL-1994,B,0
T07,1994,191,S,06-OCT-1994,X,0
T07,1994,192,S,06-OCT-1994,B,0
T07,1994,193,S,06-OCT-1994,X,0
T07,1994,194,S,04-OCT-1994,X,0
T07,1994,195,S,04-OCT-1994,X,0
T07,1994,196,S,04-OCT-1994,B,0
T07,1994,197,S,04-OCT-1994,X,0
T07,1994,202,S,30-AUG-1994,X,0
T07,1994,203,S,30-AUG-1994,X,0
T07,1994,204,S,01-SEP-1994,B,0
T07,1994,205,S,18-AUG-1994,X,0
T07,1994,206,S,18-AUG-1994,X,0
T07,1994,207,S,16-AUG-1994,X,0
T07,1994,212,S,30-SEP-1994,X,0
T07,1994,213,S,12-JUL-1994,B,0
T07,1994,214,S,06-OCT-1994,X,0
T07,1994,215,S,06-OCT-1994,X,0
T07,1994,216,S,06-OCT-1994,X,0
T07,1994,217,S,04-OCT-1994,B,0
T07,1994,218,S,04-OCT-1994,B,0
T07,1994,219,S,04-OCT-1994,P,0
T07,1994,220,S,04-OCT-1994,X,0
T07,1994,222,S,05-SEP-1994,X,0
T07,1994,223,S,01-SEP-1994,X,0
T07,1994,225,S,01-SEP-1994,X,0
T07,1994,226,S,01-SEP-1994,X,0
T07,1994,227,S,01-SEP-1994,X,0
T07,1994,228,S,01-SEP-1994,B,0
T07,1994,229,S,25-AUG-1994,B,0
T07,1994,230,S,16-AUG-1994,X,0
T07,1994,231,S,16-AUG-1994,X,0
T07,1994,232,S,19-SEP-1994,X,0
T07,1994,233,S,19-SEP-1994,X,0
T07,1994,234,S,28-JUL-1994,X,0
T07,1994,237,S,01-AUG-1994,X,0
T07,1994,238,S,01-AUG-1994,B,0
T07,1994,239,S,01-AUG-1994,X,0
T07,1994,240,S,01-AUG-1994,X,0
T07,1994,241,S,04-OCT-1994,X,0
T07,1994,242,S,04-OCT-1994,X,0
T07,1994,243,S,04-OCT-1994,X,0
T07,1994,245,S,05-SEP-1994,X,0
T07,1994,246,S,06-SEP-1994,PD,0
T07,1994,247,S,01-SEP-1994,X,0
T07,1994,249,S,01-SEP-1994,B,0
T07,1994,250,S,01-SEP-1994,X,0
T07,1994,251,S,01-SEP-1994,B,0
T07,1994,252,S,25-AUG-1994,B,0
T07,1994,253,S,16-AUG-1994,X,0
T07,1994,254,S,16-AUG-1994,X,0
T07,1994,255,S,16-AUG-1994,X,0
T07,1994,256,S,13-JUL-1994,B,0
T07,1994,257,S,13-JUL-1994,X,0
T07,1994,258,S,28-JUL-1994,X,0
T07,1994,259,S,28-JUL-1994,X,0
T07,1994,260,S,21-JUN-1994,X,0
T07,1994,261,S,29-JUL-1994,X,0
T07,1994,262,S,02-AUG-1994,B,0
T07,1994,263,S,02-AUG-1994,B,0
T07,1994,264,S,02-AUG-1994,X,0
T07,1994,265,S,02-AUG-1994,B,0
T07,1994,266,S,02-AUG-1994,X,0
T07,1994,267,S,02-AUG-1994,X,0
T07,1994,269,S,05-SEP-1994,B,0
T07,1994,270,S,05-SEP-1994,X,0
T07,1994,271,S,11-AUG-1994,B,0
T07,1994,275,S,26-AUG-1994,B,0
T07,1994,276,S,25-AUG-1994,B,0
T07,1994,277,S,26-AUG-1994,S,0
T07,1994,278,S,16-AUG-1994,X,0
T07,1994,279,S,16-AUG-1994,X,0
T07,1994,280,S,26-AUG-1994,B,0
T07,1994,281,S,13-JUL-1994,X,0
T07,1994,282,S,13-JUL-1994,X,0
T07,1994,283,S,14-JUL-1994,X,0
T07,1994,284,S,14-JUL-1994,X,0
T07,1994,285,S,21-JUN-1994,X,0
T07,1994,286,S,26-JUL-1994,X,0
T07,1994,287,S,26-JUL-1994,X,0
T07,1994,288,S,26-JUL-1994,X,0
T07,1994,289,S,26-JUL-1994,X,0
T07,1994,290,S,26-JUL-1994,X,0
T07,1994,291,S,27-JUL-1994,X,0
T07,1994,292,S,27-JUL-1994,X,0
T07,1994,293,S,05-SEP-1994,B,0
T07,1994,294,S,10-AUG-1994,X,0
T07,1994,295,S,10-AUG-1994,X,0
T07,1994,296,S,11-AUG-1994,X,0
T07,1994,297,S,10-AUG-1994,X,0
T07,1994,298,S,26-AUG-1994,X,0
T07,1994,299,S,26-AUG-1994,X,0
T07,1994,300,S,03-AUG-1994,B,0
T07,1994,301,S,26-AUG-1994,B,0
T07,1994,302,S,26-AUG-1994,B,0
T07,1994,303,S,26-AUG-1994,X,0
T07,1994,304,S,14-JUL-1994,X,0
T07,1994,305,S,14-JUL-1994,X,0
T07,1994,306,S,14-JUL-1994,X,0
T07,1994,307,S,14-JUL-1994,X,0
T07,1994,308,S,21-JUN-1994,X,0
T07,1994,309,S,28-JUL-1994,X,0
T07,1994,310,S,28-JUL-1994,X,0
T07,1994,311,S,28-JUL-1994,X,0
T07,1994,312,S,28-JUL-1994,X,0
T07,1994,313,S,28-JUL-1994,X,0
T07,1994,314,S,27-JUL-1994,X,0
T07,1994,315,S,27-JUL-1994,X,0
T07,1994,316,S,11-AUG-1994,X,0
T07,1994,317,S,11-AUG-1994,X,0
T07,1994,318,S,10-AUG-1994,X,0
T07,1994,319,S,10-AUG-1994,B,0
T07,1994,320,S,10-AUG-1994,X,0
T07,1994,321,S,26-JUL-1994,X,0
T07,1994,322,S,27-JUL-1994,B,0
T07,1994,323,S,10-AUG-1994,X,0
T07,1994,324,S,08-AUG-1994,X,0
T07,1994,325,S,14-JUL-1994,X,0
T07,1994,326,S,15-JUL-1994,X,0
T07,1994,327,S,15-JUL-1994,X,0
T07,1994,328,S,10-AUG-1994,X,0
T07,1994,329,S,12-AUG-1994,X,0
T07,1994,330,S,12-AUG-1994,X,0
T07,1994,331,S,12-AUG-1994,X,0
T07,1994,332,S,23-AUG-1994,X,0
T07,1994,333,S,23-AUG-1994,X,0
T07,1994,334,S,23-AUG-1994,X,0
T07,1994,335,S,24-AUG-1994,X,0
T07,1994,336,S,07-OCT-1994,X,0
T07,1994,337,S,07-OCT-1994,X,0
T07,1994,338,S,29-JUN-1994,X,0
T07,1994,340,S,10-AUG-1994,X,0
T07,1994,341,S,10-AUG-1994,X,0
T07,1994,342,S,03-AUG-1994,B,0
T07,1994,343,S,09-AUG-1994,X,0
T07,1994,344,S,09-AUG-1994,X,0
T07,1994,345,S,09-AUG-1994,X,0
T07,1994,346,S,26-JUL-1994,X,0
T07,1994,347,S,14-JUL-1994,X,0
T07,1994,348,S,15-JUL-1994,X,0
T07,1994,349,S,10-AUG-1994,X,0
T07,1994,350,S,12-AUG-1994,X,0
T07,1994,351,S,12-AUG-1994,X,0
T07,1994,352,S,06-OCT-1994,X,0
T07,1994,353,S,07-OCT-1994,B,0
T07,1994,354,S,24-AUG-1994,X,0
T07,1994,355,S,07-OCT-1994,X,0
T07,1994,356,S,24-AUG-1994,X,0
T07,1994,357,S,25-AUG-1994,X,0
T07,1994,358,S,07-OCT-1994,X,0
T07,1994,359,S,29-SEP-1994,X,0
T07,1994,360,S,29-JUN-1994,X,0
T07,1994,361,S,29-JUN-1994,B,0
T07,1994,362,S,23-JUN-1994,X,0
T07,1994,364,S,12-JUL-1994,X,0
T07,1994,365,S,09-AUG-1994,B,0
T07,1994,366,S,09-AUG-1994,X,0
T07,1994,367,S,15-JUL-1994,B,0
T07,1994,368,S,26-JUL-1994,P,0
T07,1994,369,S,10-AUG-1994,X,0
T07,1994,370,S,09-AUG-1994,X,0
T07,1994,371,S,10-AUG-1994,X,0
T07,1994,372,S,12-AUG-1994,X,0
T07,1994,373,S,12-AUG-1994,X,0
T07,1994,374,S,09-SEP-1994,B,0
T07,1994,375,S,09-SEP-1994,BP,0
T07,1994,376,S,09-SEP-1994,B,0
T07,1994,377,S,09-SEP-1994,X,0
T07,1994,378,S,25-AUG-1994,X,0
T07,1994,379,S,29-SEP-1994,X,0
T07,1994,380,S,29-SEP-1994,X,0
T07,1994,381,S,29-SEP-1994,X,0
T07,1994,382,S,29-JUN-1994,B,0
T07,1994,383,S,29-JUN-1994,B,0
T07,1994,384,S,21-JUN-1994,X,0
T07,1994,389,S,23-JUN-1994,X,0
T07,1994,390,S,23-JUN-1994,B,0
T07,1994,391,S,09-AUG-1994,B,0
T07,1994,392,S,09-AUG-1994,D,0
T07,1994,393,S,10-AUG-1994,X,0
T07,1994,394,S,12-AUG-1994,X,0
T07,1994,395,S,12-AUG-1994,X,0
T07,1994,396,S,06-OCT-1994,X,0
T07,1994,397,S,06-OCT-1994,X,0
T07,1994,398,S,29-SEP-1994,X,0
T07,1994,399,S,29-SEP-1994,X,0
T07,1994,400,S,29-SEP-1994,X,0
T07,1994,401,S,29-SEP-1994,X,0
T07,1994,402,S,29-SEP-1994,X,0
T07,1994,403,S,29-SEP-1994,X,0
T07,1994,404,S,25-SEP-1994,X,0
T07,1994,407,S,15-JUN-1994,X,0
T07,1994,408,S,28-JUN-1994,B,0
T07,1994,409,S,05-AUG-1994,S,0
T07,1994,410,S,23-JUN-1994,D,0
T07,1994,411,S,23-JUN-1994,X,0
T07,1994,412,S,05-AUG-1994,X,0
T07,1994,413,S,09-AUG-1994,X,0
T07,1994,414,S,11-AUG-1994,X,0
T07,1994,415,S,10-AUG-1994,X,0
T07,1994,416,S,11-AUG-1994,X,0
T07,1994,417,S,11-AUG-1994,B,0
T07,1994,418,S,29-SEP-1994,X,0
T07,1994,419,S,29-SEP-1994,X,0
T07,1994,420,S,29-SEP-1994,X,0
T07,1994,421,S,29-SEP-1994,X,0
T07,1994,422,S,29-SEP-1994,X,0
T07,1994,423,S,27-SEP-1994,X,0
T07,1994,424,S,29-SEP-1994,X,0
T07,1994,425,S,24-SEP-1994,X,0
T07,1994,429,S,16-JUN-1994,X,0
T07,1994,430,S,16-JUN-1994,X,0
T07,1994,431,S,14-JUN-1994,X,0
T07,1994,432,S,04-AUG-1994,X,0
T07,1994,433,S,05-AUG-1994,BS,0
T07,1994,434,S,09-AUG-1994,BS,0
T07,1994,435,S,04-AUG-1994,B,0
T07,1994,436,S,04-AUG-1994,X,0
T07,1994,437,S,11-AUG-1994,X,0
T07,1994,438,S,11-AUG-1994,X,0
T07,1994,439,S,26-SEP-1994,B,0
T07,1994,440,S,28-SEP-1994,B,0
T07,1994,441,S,28-SEP-1994,X,0
T07,1994,442,S,28-SEP-1994,X,0
T07,1994,443,S,28-SEP-1994,X,0
T07,1994,444,S,27-SEP-1994,P,0
T07,1994,445,S,29-SEP-1994,X,0
T07,1994,446,S,21-SEP-1994,X,0
T07,1994,451,S,16-JUN-1994,BP,0
T07,1994,452,S,24-JUN-1994,X,0
T07,1994,453,S,24-JUN-1994,P,0
T07,1994,454,S,15-JUN-1994,X,0
T07,1994,455,S,04-AUG-1994,X,0
T07,1994,456,S,04-AUG-1994,X,0
T07,1994,457,S,04-AUG-1994,X,0
T07,1994,458,S,04-AUG-1994,X,0
T07,1994,459,S,27-JUL-1994,X,0
T07,1994,460,S,27-JUL-1994,X,0
T07,1994,461,S,26-SEP-1994,B,0
T07,1994,462,S,27-SEP-1994,X,0
T07,1994,463,S,27-SEP-1994,X,0
T07,1994,464,S,27-SEP-1994,X,0
T07,1994,465,S,30-SEP-1994,X,0
T07,1994,466,S,30-SEP-1994,B,0
T07,1994,467,S,21-SEP-1994,X,0
T07,1994,470,S,24-JUN-1994,X,0
T07,1994,471,S,24-JUN-1994,B,0
T07,1994,472,S,24-JUN-1994,B,0
T07,1994,473,S,01-JUL-1994,X,0
T07,1994,474,S,02-JUN-1994,X,0
T07,1994,475,S,02-JUN-1994,X,0
T07,1994,476,S,02-JUN-1994,X,0
T07,1994,477,S,03-JUN-1994,X,0
T07,1994,478,S,03-JUN-1994,X,0
T07,1994,479,S,03-JUN-1994,X,0
T07,1994,480,S,20-SEP-1994,X,0
T07,1994,481,S,20-SEP-1994,X,0
T07,1994,482,S,21-SEP-1994,X,0
T07,1994,483,S,21-SEP-1994,X,0
T07,1994,484,S,21-SEP-1994,X,0
T07,1994,486,S,24-JUN-1994,X,0
T07,1994,487,S,24-JUN-1994,X,0
T07,1994,488,S,01-JUL-1994,X,0
T07,1994,489,S,01-JUL-1994,X,0
T07,1994,490,S,01-JUL-1994,X,0
T07,1994,491,S,20-SEP-1994,X,0
T07,1994,492,S,24-JUN-1994,X,0
T07,1994,493,S,01-JUL-1994,X,0
T07,1994,494,S,01-JUL-1994,X,0
T08,1993,1,W,08-JUN-1993,D,0
T08,1993,2,W,08-JUN-1993,X,0
T08,1993,3,W,24-AUG-1993,X,0
T08,1993,4,W,08-JUN-1993,X,0
T08,1993,5,W,14-JUN-1993,N,0
T08,1993,6,W,14-JUN-1993,P,0
T08,1993,7,W,15-JUN-1993,X,0
T08,1993,8,W,15-JUN-1993,X,0
T08,1993,9,W,15-JUN-1993,X,0
T08,1993,10,W,15-JUN-1993,P,0
T08,1993,11,W,14-JUN-1993,X,0
T08,1993,12,W,15-JUN-1993,X,0
T08,1993,13,W,18-JUN-1993,X,0
T08,1993,14,W,18-JUN-1993,P,0
T08,1993,15,S,23-AUG-1993,X,0
T08,1993,16,W,18-JUN-1993,X,0
T08,1993,17,W,21-JUN-1993,X,0
T08,1993,18,W,21-JUN-1993,PD,0
T08,1993,19,W,21-JUN-1993,FN,0
T08,1993,20,W,29-JUN-1993,N,0
T08,1993,21,S,29-JUN-1993,X,0
T08,1993,22,W,21-JUN-1993,X,0
T08,1993,23,W,21-JUN-1993,P,0
T08,1993,24,W,22-JUN-1993,P,0
T08,1993,25,W,22-JUN-1993,X,0
T08,1993,26,W,22-JUN-1993,P,0
T08,1993,27,W,29-JUN-1993,X,0
T08,1993,28,W,01-SEP-1993,X,0
T08,1993,29,W,01-SEP-1993,P,0
T08,1993,30,W,25-JUN-1993,X,0
T08,1993,31,W,25-JUN-1993,X,0
T08,1993,32,W,05-JUL-1993,X,0
T08,1993,33,W,05-JUL-1993,P,0
T08,1993,34,W,05-JUL-1993,X,0
T08,1993,35,W,05-JUL-1993,D,0
T08,1993,36,W,05-JUL-1993,X,0
T08,1993,37,W,05-JUL-1993,P,0
T08,1993,38,W,05-JUL-1993,P,0
T08,1993,39,W,05-JUL-1993,P,0
T08,1993,40,W,12-JUL-1993,P,0
T08,1993,41,W,12-JUL-1993,X,0
T08,1993,42,W,12-JUL-1993,X,0
T08,1993,43,W,29-JUN-1993,P,0
T08,1993,44,W,29-JUN-1993,P,0
T08,1993,45,W,31-AUG-1993,X,0
T08,1993,46,W,12-JUL-1993,X,0
T08,1993,47,W,12-JUL-1993,X,0
T08,1993,48,W,29-JUN-1993,X,0
T08,1993,49,W,01-SEP-1993,D,0
T08,1993,50,W,12-JUL-1993,P,0
T08,1993,51,W,12-JUL-1993,X,0
T08,1993,52,W,12-JUL-1993,X,0
T08,1993,53,W,29-JUN-1993,X,0
T08,1993,54,W,12-AUG-1993,N,0
T08,1993,56,W,01-SEP-1993,P,0
T08,1993,57,W,12-JUL-1993,X,0
T08,1993,58,W,12-JUL-1993,X,0
T08,1993,59,W,12-JUL-1993,X,0
T08,1993,60,W,09-SEP-1993,P,0
T08,1993,61,S,29-JUN-1993,X,0
T08,1993,62,W,19-JUL-1993,X,0
T08,1993,63,W,19-JUL-1993,P,0
T08,1993,64,W,19-JUL-1993,X,0
T08,1993,65,W,31-AUG-1993,,
T08,1993,66,W,19-JUL-1993,P,0
T08,1993,67,W,31-AUG-1993,X,0
T08,1993,68,W,13-JUL-1993,PF,0
T08,1993,69,W,13-JUL-1993,X,0
T08,1993,70,W,13-JUL-1993,X,0
T08,1993,71,W,13-JUL-1993,X,0
T08,1993,72,W,13-JUL-1993,X,0
T08,1993,73,W,13-JUL-1993,P,0
T08,1993,74,W,13-JUL-1993,X,0
T08,1993,75,W,13-JUL-1993,X,0
T08,1993,76,W,13-JUL-1993,X,0
T08,1993,77,W,13-JUL-1993,P,0
T08,1993,78,W,13-JUL-1993,X,0
T08,1993,79,W,13-JUL-1993,X,0
T08,1993,80,W,13-JUL-1993,X,0
T08,1993,81,W,13-JUL-1993,P,0
T08,1993,82,W,20-JUL-1993,PD,0
T08,1993,83,W,20-JUL-1993,D,0
T08,1993,84,W,20-JUL-1993,X,0
T08,1993,85,W,20-JUL-1993,PDF,0
T08,1993,86,W,20-JUL-1993,X,0
T08,1993,87,W,20-JUL-1993,P,0
T08,1993,88,W,20-JUL-1993,X,0
T08,1993,89,W,19-JUL-1993,P,0
T08,1993,90,W,19-JUL-1993,P,0
T08,1993,91,W,19-JUL-1993,X,0
T08,1993,92,W,19-JUL-1993,P,0
T08,1993,93,S,19-JUL-1993,P,0
T08,1993,94,W,19-JUL-1993,P,0
T08,1993,95,W,19-JUL-1993,PS,0
T08,1993,96,W,31-AUG-1993,X,0
T08,1993,97,W,19-JUL-1993,P,0
T08,1993,98,W,19-JUL-1993,PD,0
T08,1993,99,W,19-JUL-1993,P,0
T08,1993,100,W,20-JUL-1993,X,0
T08,1993,101,W,20-JUL-1993,X,0
T08,1993,102,W,31-AUG-1993,X,0
T08,1993,103,W,31-AUG-1993,P,0
T08,1993,104,W,31-AUG-1993,X,0
T08,1993,105,W,31-AUG-1993,X,0
T08,1993,106,W,31-AUG-1993,X,0
T08,1993,107,W,31-AUG-1993,X,0
T08,1993,108,W,30-SEP-1993,X,0
T08,1993,110,W,30-SEP-1993,X,0
T08,1993,120,W,30-SEP-1993,PD,0
T08,1993,122,W,24-AUG-1993,P,0
T08,1993,124,W,25-AUG-1993,PD,0
T08,1993,126,W,30-SEP-1993,P,0
T08,1993,128,W,30-SEP-1993,X,0
T08,1993,130,W,30-SEP-1993,B,0
T08,1993,132,W,30-SEP-1993,PS,0
T08,1993,134,W,24-AUG-1993,X,0
T08,1993,135,W,26-AUG-1993,X,0
T08,1993,136,W,25-AUG-1993,P,0
T08,1993,137,S,25-AUG-1993,X,0
T08,1993,138,W,30-SEP-1993,X,0
T08,1993,140,W,30-SEP-1993,X,0
T08,1993,142,W,30-SEP-1993,X,0
T08,1993,147,W,13-SEP-1993,P,0
T08,1993,149,W,21-SEP-1993,X,0
T08,1993,153,W,13-SEP-1993,X,0
T08,1993,155,W,21-SEP-1993,X,0
T08,1993,157,W,21-SEP-1993,P,0
T08,1993,159,W,21-SEP-1993,X,0
T08,1993,161,W,21-SEP-1993,X,0
T08,1993,163,W,21-SEP-1993,X,0
T08,1993,165,W,09-SEP-1993,B,0
T08,1993,166,W,08-JUL-1993,P,30
T08,1993,167,W,08-JUL-1993,X,0
T08,1993,168,S,16-JUL-1993,X,0
T08,1993,169,W,16-JUL-1993,X,0
T08,1993,170,W,16-JUL-1993,X,0
T08,1993,171,W,08-JUL-1993,X,0
T08,1993,172,W,08-JUL-1993,PB,0
T08,1993,173,S,26-JUL-1993,X,0
T08,1993,174,W,16-JUL-1993,P,0
T08,1993,175,W,08-JUL-1993,X,0
T08,1993,176,W,08-JUL-1993,P,0
T08,1993,177,W,26-JUL-1993,X,0
T08,1993,178,W,10-SEP-1993,X,0
T08,1993,179,W,26-JUL-1993,P,0
T08,1993,180,W,08-JUL-1993,P,0
T08,1993,181,W,10-SEP-1993,P,0
T08,1993,182,W,27-JUL-1993,P,0
T08,1993,183,W,27-JUL-1993,X,0
T08,1993,184,W,27-JUL-1993,P,0
T08,1993,185,W,27-JUL-1993,P,0
T08,1993,186,W,06-SEP-1993,P,0
T08,1993,187,W,27-JUL-1993,P,0
T08,1993,188,W,27-JUL-1993,P,0
T08,1993,189,W,27-JUL-1993,P,0
T08,1993,190,W,27-JUL-1993,P,0
T08,1993,191,W,27-JUL-1993,PHN,0
T08,1993,192,W,27-JUL-1993,P,0
T08,1993,193,W,27-JUL-1993,X,0
T08,1993,194,W,22-JUL-1993,X,0
T08,1993,195,W,22-JUL-1993,P,0
T08,1993,196,W,22-JUL-1993,P,0
T08,1993,197,W,22-JUL-1993,P,0
T08,1993,198,W,22-JUL-1993,P,0
T08,1993,199,W,22-JUL-1993,P,0
T08,1993,200,W,22-JUL-1993,P,0
T08,1993,201,W,22-JUL-1993,X,0
T08,1993,202,W,22-JUL-1993,P,0
T08,1993,203,W,07-SEP-1993,P,0
T08,1993,204,W,16-JUL-1993,X,0
T08,1993,205,W,07-SEP-1993,X,0
T08,1993,206,W,10-AUG-1993,X,0
T08,1993,208,W,10-AUG-1993,X,0
T08,1993,209,W,28-JUL-1993,P,0
T08,1993,210,W,28-JUL-1993,PD,0
T08,1993,211,W,28-JUL-1993,X,0
T08,1993,212,W,29-JUL-1993,P,0
T08,1993,213,W,28-JUL-1993,X,0
T08,1993,214,W,28-JUL-1993,P,0
T08,1993,215,W,28-JUL-1993,P,0
T08,1993,216,W,28-JUL-1993,P,0
T08,1993,217,W,28-JUL-1993,X,0
T08,1993,218,W,29-JUL-1993,P,0
T08,1993,219,W,29-JUL-1993,P,0
T08,1993,221,W,29-JUL-1993,X,0
T08,1993,222,W,29-JUL-1993,PD,0
T08,1993,223,W,29-JUL-1993,PD,0
T08,1993,224,W,11-AUG-1993,X,0
T08,1993,225,W,29-JUL-1993,P,0
T08,1993,227,W,11-AUG-1993,X,0
T08,1993,230,W,01-JUL-1993,D,0
T08,1993,231,W,01-JUL-1993,X,0
T08,1993,232,W,15-JUL-1993,PD,0
T08,1993,233,W,15-JUL-1993,PD,0
T08,1993,234,W,01-JUL-1993,X,0
T08,1993,235,W,01-JUL-1993,P,0
T08,1993,236,W,01-JUL-1993,X,0
T08,1993,238,W,15-JUL-1993,X,0
T08,1993,239,W,21-JUL-1993,P,0
T08,1993,240,W,01-JUL-1993,X,0
T08,1993,242,W,21-JUL-1993,PS,0
T08,1993,243,W,21-JUL-1993,X,0
T08,1993,244,W,31-AUG-1993,N,0
T08,1993,245,W,31-AUG-1993,P,0
T08,1993,247,W,31-AUG-1993,X,0
T08,1993,248,W,31-AUG-1993,X,0
T08,1993,249,W,26-AUG-1993,P,0
T08,1993,250,W,26-AUG-1993,D,0
T08,1993,252,W,26-AUG-1993,PS,0
T08,1993,254,W,27-AUG-1993,X,0
T08,1993,256,W,27-AUG-1993,X,0
T08,1993,257,W,26-AUG-1993,P,0
T08,1993,259,W,26-AUG-1993,X,0
T08,1993,260,W,26-AUG-1993,P,0
T08,1993,261,W,27-AUG-1993,X,0
T08,1993,262,W,27-AUG-1993,X,0
T08,1993,263,W,26-AUG-1993,FN,0
T08,1993,264,W,26-AUG-1993,X,0
T08,1993,265,W,26-AUG-1993,X,0
T08,1993,266,W,26-AUG-1993,X,0
T08,1993,267,W,27-AUG-1993,P,0
T08,1993,268,W,27-AUG-1993,X,0
T08,1993,270,W,04-OCT-1993,P,0
T08,1993,271,S,04-OCT-1993,X,0
T08,1993,273,W,04-OCT-1993,,
T08,1993,274,W,04-OCT-1993,X,0
T08,1993,282,W,08-SEP-1993,X,0
T08,1993,283,W,08-SEP-1993,X,0
T08,1993,284,W,08-SEP-1993,X,0
T08,1993,285,W,08-SEP-1993,X,0
T08,1993,292,W,17-AUG-1993,P,0
T08,1993,293,W,02-SEP-1993,P,0
T08,1993,294,W,17-AUG-1993,PS,0
T08,1993,295,W,02-SEP-1993,PD,0
T08,1993,296,W,03-SEP-1993,X,0
T08,1993,297,W,03-SEP-1993,X,0
T08,1993,299,W,03-SEP-1993,X,0
T08,1993,300,W,03-SEP-1993,BN,0
T08,1993,301,W,03-SEP-1993,X,0
T08,1993,304,S,03-SEP-1993,X,0
T08,1993,307,W,17-AUG-1993,P,0
T08,1993,308,W,17-AUG-1993,DB,0
T08,1993,316,W,07-SEP-1993,P,0
T08,1993,317,W,07-SEP-1993,P,0
T08,1993,318,W,02-SEP-1993,P,0
T08,1993,319,W,07-SEP-1993,X,0
T08,1993,320,W,07-SEP-1993,X,0
T08,1993,321,W,07-SEP-1993,X,0
T08,1993,322,W,27-AUG-1993,P,0
T08,1993,323,W,07-SEP-1993,X,0
T08,1993,324,W,06-SEP-1993,X,0
T08,1993,325,W,06-SEP-1993,X,0
T08,1993,326,W,06-SEP-1993,X,0
T08,1993,327,W,06-SEP-1993,X,0
T08,1993,328,W,02-SEP-1993,PB,0
T08,1993,329,W,06-SEP-1993,X,0
T08,1993,330,W,06-SEP-1993,P,0
T08,1993,331,W,06-SEP-1993,X,0
T08,1993,332,W,06-SEP-1993,X,0
T08,1993,333,W,06-SEP-1993,P,0
T08,1993,334,W,06-SEP-1993,X,0
T08,1993,335,W,02-SEP-1993,X,0
T08,1993,336,W,02-SEP-1993,X,0
T08,1993,337,W,06-SEP-1993,X,0
T08,1993,338,W,06-SEP-1993,X,0
T08,1993,339,W,06-SEP-1993,X,0
T08,1993,342,W,07-SEP-1993,P,0
T08,1993,344,W,03-SEP-1993,P,0
T08,1993,345,W,07-SEP-1993,X,0
T08,1993,346,W,07-SEP-1993,X,0
T08,1993,347,W,07-SEP-1993,X,0
T08,1993,348,W,07-SEP-1993,X,0
T08,1993,349,W,07-SEP-1993,X,0
T08,1993,356,W,01-OCT-1993,P,0
T08,1993,357,W,01-OCT-1993,P,0
T08,1993,361,W,06-SEP-1993,P,0
T08,1993,364,W,01-OCT-1993,P,0
T08,1993,365,W,01-OCT-1993,X,0
T08,1993,370,S,01-OCT-1993,X,0
T08,1993,371,W,01-OCT-1993,P,0
T08,1993,372,W,03-SEP-1993,X,0
T08,1993,373,W,01-OCT-1993,X,0
T08,1993,374,W,03-SEP-1993,PF,0
T08,1993,382,W,07-OCT-1993,X,0
T08,1993,383,W,07-OCT-1993,P,0
T08,1993,385,W,07-OCT-1993,PD,0
T08,1993,387,W,07-OCT-1993,P,0
T08,1993,393,W,07-OCT-1993,P,0
T08,1993,395,W,07-OCT-1993,S,0
T08,1993,397,S,26-JUL-1993,X,0
T08,1993,398,S,12-AUG-1993,X,0
T08,1993,399,S,01-OCT-1993,X,0
T08,1993,400,S,26-JUL-1993,X,0
T08,1994,109,S,07-JUN-1994,X,0
T08,1994,109,W,07-JUN-1994,X,0
T08,1994,111,S,07-JUN-1994,X,0
T08,1994,111,W,07-JUN-1994,X,0
T08,1994,121,S,07-JUN-1994,X,0
T08,1994,121,W,07-JUN-1994,X,0
T08,1994,123,S,07-JUN-1994,X,0
T08,1994,123,W,07-JUN-1994,SN,0
T08,1994,127,S,07-JUN-1994,X,0
T08,1994,127,W,07-JUN-1994,X,0
T08,1994,129,S,07-JUN-1994,X,0
T08,1994,129,W,07-JUN-1994,X,0
T08,1994,133,S,07-JUN-1994,X,0
T08,1994,133,W,07-JUN-1994,X,0
T08,1994,139,S,07-JUN-1994,X,0
T08,1994,139,W,07-JUN-1994,P,0
T08,1994,141,S,07-JUN-1994,X,0
T08,1994,141,W,07-JUN-1994,X,0
T08,1994,148,S,07-JUN-1994,X,0
T08,1994,148,W,07-JUN-1994,PB,0
T08,1994,150,S,26-JUL-1994,X,0
T08,1994,150,W,26-JUL-1994,X,0
T08,1994,154,S,07-JUN-1994,X,0
T08,1994,154,W,07-JUN-1994,X,0
T08,1994,156,S,26-JUL-1994,D,0
T08,1994,156,W,26-JUL-1994,D,0
T08,1994,160,S,07-JUN-1994,X,0
T08,1994,160,W,07-JUN-1994,PN,0
T08,1994,162,S,26-JUL-1994,X,0
T08,1994,162,W,26-JUL-1994,X,0
T08,1994,368,S,01-AUG-1994,P,0
T08,1994,368,W,01-AUG-1994,P,0
T08,1994,377,S,01-AUG-1994,X,0
T08,1994,377,W,01-AUG-1994,N,0
T08,1994,378,S,01-AUG-1994,X,0
T08,1994,378,W,01-AUG-1994,X,0
T08,1994,379,S,01-AUG-1994,P,0
T08,1994,379,W,01-AUG-1994,X,0
T08,1994,380,S,01-AUG-1994,P,0
T08,1994,380,W,01-AUG-1994,P,0
T08,1994,401,S,08-AUG-1994,X,0
T08,1994,402,S,08-AUG-1994,X,0
T08,1994,403,S,09-AUG-1994,X,0
T08,1994,404,S,09-AUG-1994,X,0
T08,1994,405,S,09-AUG-1994,X,0
T08,1994,406,S,09-AUG-1994,X,0
T08,1994,407,S,08-AUG-1994,X,0
T08,1994,408,S,08-AUG-1994,X,0
T08,1994,409,S,09-AUG-1994,X,0
T08,1994,410,S,09-AUG-1994,X,0
T08,1994,411,S,12-AUG-1994,X,0
T08,1994,412,S,12-AUG-1994,X,0
T08,1994,415,S,16-AUG-1994,X,0
T08,1994,416,S,16-AUG-1994,X,0
T08,1994,417,S,16-AUG-1994,X,0
T08,1994,418,S,16-AUG-1994,X,0
T08,1994,419,S,16-AUG-1994,X,0
T08,1994,420,S,17-AUG-1994,X,0
T08,1994,421,S,17-AUG-1994,X,0
T09,1994,1,S,25-JUL-1994,X,0
T09,1994,1,W,25-JUL-1994,X,0
T09,1994,2,S,25-JUL-1994,X,0
T09,1994,2,W,25-JUL-1994,X,0
T09,1994,3,S,25-JUL-1994,X,0
T09,1994,3,W,25-JUL-1994,X,0
T09,1994,4,S,25-JUL-1994,X,0
T09,1994,4,W,25-JUL-1994,X,0
T09,1994,5,S,25-JUL-1994,D,0
T09,1994,5,W,25-JUL-1994,D,0
T09,1994,6,S,25-JUL-1994,D,0
T09,1994,6,W,25-JUL-1994,D,0
T09,1994,7,S,25-JUL-1994,X,0
T09,1994,7,W,25-JUL-1994,X,0
T09,1994,8,S,25-JUL-1994,X,0
T09,1994,8,W,25-JUL-1994,X,0
T09,1994,9,S,25-JUL-1994,X,0
T09,1994,9,W,25-JUL-1994,X,0
T09,1994,10,S,25-JUL-1994,X,0
T09,1994,10,W,25-JUL-1994,X,0
T09,1994,11,S,13-SEP-1994,X,0
T09,1994,11,W,13-SEP-1994,X,0
T09,1994,12,S,22-JUL-1994,,0
T09,1994,12,W,22-JUL-1994,,0
T09,1994,13,S,22-JUL-1994,,0
T09,1994,13,W,22-JUL-1994,,0
T09,1994,14,S,22-JUL-1994,,0
T09,1994,14,W,22-JUL-1994,,0
T09,1994,15,S,22-JUL-1994,,0
T09,1994,15,W,22-JUL-1994,,0
T09,1994,16,S,22-JUL-1994,,0
T09,1994,16,W,22-JUL-1994,,0
T09,1994,17,S,22-JUL-1994,X,0
T09,1994,17,W,22-JUL-1994,X,0
T09,1994,18,S,22-JUL-1994,X,0
T09,1994,18,W,22-JUL-1994,X,0
T09,1994,19,S,22-JUL-1994,X,0
T09,1994,19,W,22-JUL-1994,X,0
T09,1994,20,S,22-JUL-1994,X,0
T09,1994,20,W,22-JUL-1994,X,0
T09,1994,21,S,,,0
T09,1994,21,W,,,0
T09,1994,22,S,,,0
T09,1994,22,W,,,0
T09,1994,23,S,,X,0
T09,1994,23,W,,X,0
T09,1994,24,S,,,0
T09,1994,24,W,,,0
T09,1994,25,S,13-SEP-1994,X,0
T09,1994,25,W,13-SEP-1994,X,0
T09,1994,26,S,,,0
T09,1994,26,W,,,0
T09,1994,27,S,,,0
T09,1994,27,W,,,0
T09,1994,28,S,,,0
T09,1994,28,W,,,0
T09,1994,29,S,,,0
T09,1994,29,W,,,0
T09,1994,30,S,20-JUL-1994,X,0
T09,1994,30,W,20-JUL-1994,X,0
T09,1994,31,S,22-JUL-1994,D,0
T09,1994,31,W,22-JUL-1994,D,0
T09,1994,32,S,,X,0
T09,1994,32,W,,X,0
T09,1994,33,S,,X,0
T09,1994,33,W,,X,0
T09,1994,34,S,,X,0
T09,1994,34,W,,X,0
T09,1994,35,S,,X,0
T09,1994,35,W,,X,0
T09,1994,36,S,,X,0
T09,1994,36,W,,X,0
T09,1994,37,S,,D,0
T09,1994,37,W,,D,0
T09,1994,38,S,,X,0
T09,1994,38,W,,X,0
T09,1994,39,S,,,0
T09,1994,39,W,,,0
T09,1994,40,S,,X,0
T09,1994,40,W,,X,0
T09,1994,41,S,12-SEP-1994,X,0
T09,1994,41,W,12-SEP-1994,X,0
T09,1994,42,S,12-SEP-1994,X,0
T09,1994,42,W,12-SEP-1994,X,0
T09,1994,43,S,,,0
T09,1994,43,W,,,0
T09,1994,44,S,22-JUL-1994,X,0
T09,1994,44,W,22-JUL-1994,X,0
T09,1994,45,S,20-JUL-1994,D,0
T09,1994,45,W,20-JUL-1994,D,0
T09,1994,46,S,20-JUL-1994,D,0
T09,1994,46,W,20-JUL-1994,D,0
T09,1994,47,S,22-JUL-1994,X,0
T09,1994,47,W,22-JUL-1994,X,0
T09,1994,48,S,22-JUL-1994,H,0
T09,1994,48,W,22-JUL-1994,H,0
T09,1994,49,S,22-JUL-1994,X,0
T09,1994,49,W,22-JUL-1994,X,0
T09,1994,50,S,22-JUL-1994,X,0
T09,1994,50,W,22-JUL-1994,X,0
T09,1994,51,S,15-SEP-1994,X,0
T09,1994,51,W,15-SEP-1994,X,0
T09,1994,52,S,,,0
T09,1994,52,W,,,0
T09,1994,53,S,15-SEP-1994,X,0
T09,1994,53,W,15-SEP-1994,X,0
T09,1994,54,S,13-SEP-1994,X,0
T09,1994,54,W,13-SEP-1994,X,0
T09,1994,55,S,13-SEP-1994,X,0
T09,1994,55,W,13-SEP-1994,X,0
T09,1994,56,S,12-SEP-1994,X,0
T09,1994,56,W,12-SEP-1994,X,0
T09,1994,57,S,12-SEP-1994,X,0
T09,1994,57,W,12-SEP-1994,X,0
T09,1994,58,S,12-SEP-1994,X,0
T09,1994,58,W,12-SEP-1994,X,0
T09,1994,59,S,12-SEP-1994,X,0
T09,1994,59,W,12-SEP-1994,X,0
T09,1994,60,S,12-SEP-1994,X,0
T09,1994,60,W,12-SEP-1994,X,0
T09,1994,61,S,,,0
T09,1994,61,W,,,0
T09,1994,62,S,,,0
T09,1994,62,W,,,0
T09,1994,63,S,20-JUL-1994,D,0
T09,1994,63,W,20-JUL-1994,D,0
T09,1994,64,S,20-JUL-1994,X,0
T09,1994,64,W,20-JUL-1994,X,0
T09,1994,65,S,21-JUL-1994,D,0
T09,1994,65,W,21-JUL-1994,D,0
T09,1994,66,S,,,0
T09,1994,66,W,,,0
T09,1994,67,S,,X,0
T09,1994,67,W,,X,0
T09,1994,68,S,,X,0
T09,1994,68,W,,X,0
T09,1994,69,S,,X,0
T09,1994,69,W,,X,0
T09,1994,70,S,15-SEP-1994,X,0
T09,1994,70,W,15-SEP-1994,X,0
T09,1994,71,S,12-SEP-1994,X,0
T09,1994,71,W,12-SEP-1994,X,0
T09,1994,72,S,12-SEP-1994,X,0
T09,1994,72,W,12-SEP-1994,X,0
T09,1994,73,S,12-SEP-1994,X,0
T09,1994,73,W,12-SEP-1994,X,0
T09,1994,74,S,12-SEP-1994,,0
T09,1994,74,W,12-SEP-1994,,0
T09,1994,75,S,12-SEP-1994,X,0
T09,1994,75,W,12-SEP-1994,X,0
T09,1994,76,S,12-SEP-1994,X,0
T09,1994,76,W,12-SEP-1994,X,0
T09,1994,77,S,12-SEP-1994,X,0
T09,1994,77,W,12-SEP-1994,X,0
T09,1994,78,S,12-SEP-1994,X,0
T09,1994,78,W,12-SEP-1994,X,0
T09,1994,79,S,22-JUL-1994,D,0
T09,1994,79,W,22-JUL-1994,D,0
T09,1994,80,S,22-JUL-1994,D,0
T09,1994,80,W,22-JUL-1994,D,0
T09,1994,81,S,20-JUL-1994,PD,0
T09,1994,81,W,20-JUL-1994,PD,0
T09,1994,82,S,21-JUL-1994,X,0
T09,1994,82,W,21-JUL-1994,X,0
T09,1994,83,S,21-JUL-1994,X,100
T09,1994,83,W,21-JUL-1994,X,100
T09,1994,84,S,,X,0
T09,1994,84,W,,X,0
T09,1994,85,S,,X,0
T09,1994,85,W,,X,0
T09,1994,86,S,,X,0
T09,1994,86,W,,X,0
T09,1994,87,S,,X,0
T09,1994,87,W,,X,0
T09,1994,88,S,,X,0
T09,1994,88,W,,X,0
T09,1994,89,S,,X,0
T09,1994,89,W,,X,0
T09,1994,90,S,,X,0
T09,1994,90,W,,X,0
T09,1994,91,S,14-SEP-1994,X,0
T09,1994,91,W,14-SEP-1994,X,0
T09,1994,92,S,14-SEP-1994,D,0
T09,1994,92,W,14-SEP-1994,D,0
T09,1994,93,S,14-SEP-1994,,0
T09,1994,93,W,14-SEP-1994,,0
T09,1994,94,S,13-SEP-1994,X,0
T09,1994,94,W,13-SEP-1994,X,0
T09,1994,95,S,12-SEP-1994,X,0
T09,1994,95,W,12-SEP-1994,X,0
T09,1994,96,S,12-SEP-1994,X,0
T09,1994,96,W,12-SEP-1994,X,0
T09,1994,97,S,12-SEP-1994,X,0
T09,1994,97,W,12-SEP-1994,X,0
T09,1994,98,S,09-SEP-1994,X,0
T09,1994,98,W,09-SEP-1994,X,0
T09,1994,99,S,21-JUL-1994,,0
T09,1994,99,W,21-JUL-1994,,0
T09,1994,100,S,21-JUL-1994,F,0
T09,1994,100,W,21-JUL-1994,F,0
T09,1994,101,S,23-SEP-1994,,0
T09,1994,101,W,23-SEP-1994,,0
T09,1994,102,S,23-SEP-1994,,0
T09,1994,102,W,23-SEP-1994,,0
T09,1994,103,S,23-SEP-1994,,0
T09,1994,103,W,23-SEP-1994,,0
T09,1994,104,S,23-SEP-1994,,0
T09,1994,104,W,23-SEP-1994,,0
T09,1994,105,S,23-SEP-1994,,0
T09,1994,105,W,23-SEP-1994,,0
T09,1994,106,S,23-SEP-1994,,0
T09,1994,106,W,23-SEP-1994,,0
T09,1994,107,S,15-SEP-1994,X,0
T09,1994,107,W,15-SEP-1994,X,0
T09,1994,108,S,15-SEP-1994,X,0
T09,1994,108,W,15-SEP-1994,X,0
T09,1994,109,S,15-SEP-1994,X,0
T09,1994,109,W,15-SEP-1994,X,0
T09,1994,110,S,15-SEP-1994,X,0
T09,1994,110,W,15-SEP-1994,X,0
T09,1994,111,S,15-SEP-1994,X,0
T09,1994,111,W,15-SEP-1994,X,0
T09,1994,112,S,15-SEP-1994,D,0
T09,1994,112,W,15-SEP-1994,X,0
T09,1994,113,S,15-SEP-1994,X,0
T09,1994,113,W,15-SEP-1994,X,0
T09,1994,114,S,13-SEP-1994,X,0
T09,1994,114,W,13-SEP-1994,X,0
T09,1994,115,S,13-SEP-1994,X,0
T09,1994,115,W,13-SEP-1994,X,0
T09,1994,116,S,09-SEP-1994,X,0
T09,1994,116,W,09-SEP-1994,X,0
T09,1994,117,S,09-SEP-1994,X,0
T09,1994,117,W,09-SEP-1994,X,0
T09,1994,118,S,09-SEP-1994,X,0
T09,1994,118,W,09-SEP-1994,X,0
T09,1994,119,S,09-SEP-1994,,0
T09,1994,119,W,09-SEP-1994,,0
T09,1994,120,S,09-SEP-1994,X,0
T09,1994,120,W,09-SEP-1994,X,0
T09,1994,121,S,21-JUL-1994,,0
T09,1994,121,W,21-JUL-1994,,0
T09,1994,122,S,21-JUL-1994,P,0
T09,1994,122,W,21-JUL-1994,P,0
T09,1994,123,S,20-JUL-1994,X,0
T09,1994,123,W,20-JUL-1994,X,0
T09,1994,124,S,20-JUL-1994,X,0
T09,1994,125,S,20-JUL-1994,X,0
T09,1994,125,W,20-JUL-1994,X,0
T09,1994,126,S,20-JUL-1994,X,0
T09,1994,126,W,20-JUL-1994,X,0
T09,1994,127,S,20-JUL-1994,X,0
T09,1994,127,W,20-JUL-1994,X,0
T09,1994,128,S,20-JUL-1994,X,0
T09,1994,128,W,20-JUL-1994,X,0
T09,1994,129,S,20-JUL-1994,,0
T09,1994,129,W,20-JUL-1994,,0
T09,1994,130,S,20-JUL-1994,,0
T09,1994,130,W,20-JUL-1994,,0
T09,1994,131,S,15-SEP-1994,X,0
T09,1994,131,W,15-SEP-1994,X,0
T09,1994,132,S,15-SEP-1994,,0
T09,1994,132,W,15-SEP-1994,,0
T09,1994,133,S,15-SEP-1994,,0
T09,1994,133,W,15-SEP-1994,,0
T09,1994,134,S,15-SEP-1994,,0
T09,1994,134,W,15-SEP-1994,,0
T09,1994,135,S,15-SEP-1994,X,0
T09,1994,135,W,15-SEP-1994,X,0
T09,1994,136,S,15-SEP-1994,X,0
T09,1994,136,W,15-SEP-1994,X,0
T09,1994,137,S,15-SEP-1994,X,0
T09,1994,137,W,15-SEP-1994,X,0
T09,1994,138,S,15-SEP-1994,X,0
T09,1994,138,W,15-SEP-1994,X,0
T09,1994,139,S,15-SEP-1994,,0
T09,1994,139,W,15-SEP-1994,,0
T09,1994,140,S,15-SEP-1994,X,0
T09,1994,140,W,15-SEP-1994,X,0
T09,1994,141,S,09-SEP-1994,X,0
T09,1994,141,W,09-SEP-1994,X,0
T09,1994,142,S,09-SEP-1994,,0
T09,1994,142,W,09-SEP-1994,,0
T09,1994,143,S,09-SEP-1994,X,0
T09,1994,143,W,09-SEP-1994,X,0
T09,1994,144,S,09-SEP-1994,X,0
T09,1994,144,W,09-SEP-1994,X,0
T09,1994,145,S,09-SEP-1994,X,0
T09,1994,145,W,09-SEP-1994,X,0
T09,1994,146,S,09-SEP-1994,X,0
T09,1994,146,W,09-SEP-1994,X,0
T09,1994,147,S,,,0
T09,1994,147,W,,,0
T09,1994,148,S,,X,0
T09,1994,148,W,,X,0
T09,1994,149,S,,,0
T09,1994,149,W,,,0
T09,1994,150,S,,X,0
T09,1994,150,W,,X,0
T09,1994,151,S,,X,0
T09,1994,151,W,,X,0
T09,1994,152,S,,X,0
T09,1994,152,W,,X,0
T09,1994,153,S,,X,0
T09,1994,153,W,,X,0
T09,1994,154,S,,,0
T09,1994,154,W,,,0
T09,1994,155,S,15-SEP-1994,X,0
T09,1994,155,W,15-SEP-1994,X,0
T09,1994,156,S,15-SEP-1994,X,0
T09,1994,156,W,15-SEP-1994,X,0
T09,1994,157,S,15-SEP-1994,X,0
T09,1994,157,W,15-SEP-1994,X,0
T09,1994,158,S,15-SEP-1994,S,0
T09,1994,158,W,15-SEP-1994,S,0
T09,1994,159,S,13-SEP-1994,X,0
T09,1994,159,W,13-SEP-1994,X,0
T09,1994,160,S,13-SEP-1994,X,0
T09,1994,160,W,13-SEP-1994,X,0
T09,1994,161,S,13-SEP-1994,X,0
T09,1994,161,W,13-SEP-1994,X,0
T09,1994,162,S,13-SEP-1994,,0
T09,1994,162,W,13-SEP-1994,,0
T09,1994,163,S,08-SEP-1994,X,0
T09,1994,163,W,08-SEP-1994,X,0
T09,1994,164,S,08-SEP-1994,X,0
T09,1994,164,W,08-SEP-1994,X,0
T09,1994,165,S,08-SEP-1994,X,0
T09,1994,165,W,08-SEP-1994,X,0
T09,1994,166,S,08-SEP-1994,X,0
T09,1994,166,W,08-SEP-1994,X,0
T09,1994,167,S,08-SEP-1994,X,0
T09,1994,167,W,08-SEP-1994,X,0
T09,1994,168,S,21-SEP-1994,X,0
T09,1994,168,W,21-SEP-1994,X,0
T09,1994,169,S,21-SEP-1994,X,0
T09,1994,169,W,21-SEP-1994,X,0
T09,1994,170,S,21-SEP-1994,X,0
T09,1994,170,W,21-SEP-1994,X,0
T09,1994,171,S,21-SEP-1994,X,0
T09,1994,171,W,21-SEP-1994,X,0
T09,1994,172,S,,X,0
T09,1994,172,W,,X,0
T09,1994,173,S,,,0
T09,1994,174,W,,,0
T09,1994,175,S,,,0
T09,1994,175,W,,,0
T09,1994,176,S,29-JUN-1994,D,0
T09,1994,176,W,29-JUN-1994,D,0
T09,1994,177,S,29-JUN-1994,X,0
T09,1994,177,W,29-JUN-1994,X,0
T09,1994,178,S,29-JUN-1994,X,0
T09,1994,178,W,29-JUN-1994,X,0
T09,1994,179,S,15-JUL-1994,P,0
T09,1994,179,W,15-JUL-1994,P,0
T09,1994,180,S,18-JUL-1994,P,0
T09,1994,180,W,18-JUL-1994,P,0
T09,1994,181,S,18-JUL-1994,PH,25
T09,1994,181,W,18-JUL-1994,PH,25
T09,1994,182,S,13-SEP-1994,X,0
T09,1994,182,W,13-SEP-1994,X,0
T09,1994,183,S,13-SEP-1994,X,0
T09,1994,183,W,13-SEP-1994,X,0
T09,1994,184,S,08-SEP-1994,X,0
T09,1994,184,W,08-SEP-1994,X,0
T09,1994,185,S,08-SEP-1994,X,0
T09,1994,185,W,08-SEP-1994,X,0
T09,1994,186,S,08-SEP-1994,X,0
T09,1994,186,W,08-SEP-1994,X,0
T09,1994,187,S,08-SEP-1994,X,0
T09,1994,187,W,08-SEP-1994,X,0
T09,1994,188,S,07-SEP-1994,X,0
T09,1994,188,W,07-SEP-1994,X,0
T09,1994,189,S,08-SEP-1994,X,0
T09,1994,189,W,08-SEP-1994,X,0
T09,1994,190,S,,,0
T09,1994,190,W,,,0
T09,1994,191,S,,,0
T09,1994,191,W,,,0
T09,1994,192,S,,,0
T09,1994,192,W,,,0
T09,1994,193,S,,,0
T09,1994,193,W,,,0
T09,1994,194,S,,,0
T09,1994,194,W,,,0
T09,1994,195,S,,,0
T09,1994,195,W,,,0
T09,1994,196,S,,,0
T09,1994,196,W,,,0
T09,1994,197,S,,,0
T09,1994,197,W,,,0
T09,1994,198,S,29-JUN-1994,D,0
T09,1994,198,W,29-JUN-1994,D,0
T09,1994,199,S,13-JUL-1994,X,0
T09,1994,199,W,13-JUL-1994,X,0
T09,1994,200,S,14-JUL-1994,PD,0
T09,1994,200,W,14-JUL-1994,PD,0
T09,1994,201,S,15-JUL-1994,P,0
T09,1994,201,W,15-JUL-1994,P,0
T09,1994,202,S,15-JUL-1994,P,0
T09,1994,202,W,15-JUL-1994,P,0
T09,1994,203,S,18-JUL-1994,PD,25
T09,1994,203,W,18-JUL-1994,PD,25
T09,1994,204,S,27-JUL-1994,X,0
T09,1994,204,W,27-JUL-1994,X,0
T09,1994,205,S,27-JUL-1994,X,0
T09,1994,205,W,27-JUL-1994,X,0
T09,1994,206,S,13-SEP-1994,X,0
T09,1994,206,W,13-SEP-1994,X,0
T09,1994,207,S,08-SEP-1994,X,0
T09,1994,207,W,08-SEP-1994,X,0
T09,1994,208,S,08-SEP-1994,X,0
T09,1994,208,W,08-SEP-1994,X,0
T09,1994,209,S,06-SEP-1994,X,0
T09,1994,209,W,06-SEP-1994,X,0
T09,1994,210,S,06-SEP-1994,,0
T09,1994,210,W,06-SEP-1994,,0
T09,1994,211,S,06-SEP-1994,,0
T09,1994,211,W,06-SEP-1994,,0
T09,1994,212,S,07-SEP-1994,X,0
T09,1994,212,W,07-SEP-1994,X,0
T09,1994,213,S,07-SEP-1994,X,0
T09,1994,213,W,07-SEP-1994,X,0
T09,1994,214,S,20-SEP-1994,X,0
T09,1994,214,W,20-SEP-1994,X,0
T09,1994,215,S,20-SEP-1994,X,0
T09,1994,215,W,20-SEP-1994,X,0
T09,1994,216,S,15-SEP-1994,X,0
T09,1994,216,W,15-SEP-1994,X,0
T09,1994,217,S,15-SEP-1994,X,0
T09,1994,217,W,15-SEP-1994,X,0
T09,1994,218,S,15-SEP-1994,X,0
T09,1994,218,W,15-SEP-1994,X,0
T09,1994,219,S,29-JUN-1994,DB,0
T09,1994,219,W,29-JUN-1994,DB,0
T09,1994,220,S,13-JUL-1994,X,0
T09,1994,220,W,13-JUL-1994,X,0
T09,1994,221,S,27-JUN-1994,X,0
T09,1994,221,W,27-JUN-1994,X,0
T09,1994,222,S,,,0
T09,1994,222,W,,,0
T09,1994,223,S,,,0
T09,1994,223,W,,,0
T09,1994,224,S,14-JUL-1994,X,0
T09,1994,224,W,14-JUL-1994,X,0
T09,1994,225,S,18-JUL-1994,,0
T09,1994,225,W,18-JUL-1994,,0
T09,1994,226,S,19-JUL-1994,PF,0
T09,1994,226,W,19-JUL-1994,PF,0
T09,1994,227,S,26-JUL-1994,,0
T09,1994,227,W,26-JUL-1994,,0
T09,1994,228,S,26-JUL-1994,X,0
T09,1994,228,W,26-JUL-1994,X,0
T09,1994,229,S,27-JUL-1994,X,0
T09,1994,229,W,27-JUL-1994,X,0
T09,1994,230,S,25-JUL-1994,X,0
T09,1994,230,W,25-JUL-1994,X,0
T09,1994,231,S,08-SEP-1994,X,0
T09,1994,231,W,08-SEP-1994,X,0
T09,1994,232,S,08-SEP-1994,X,0
T09,1994,232,W,08-SEP-1994,X,0
T09,1994,233,S,06-SEP-1994,X,0
T09,1994,233,W,06-SEP-1994,X,0
T09,1994,234,S,07-SEP-1994,X,0
T09,1994,234,W,07-SEP-1994,X,0
T09,1994,235,S,07-SEP-1994,X,0
T09,1994,235,W,07-SEP-1994,X,0
T09,1994,236,S,07-SEP-1994,X,0
T09,1994,236,W,07-SEP-1994,X,0
T09,1994,237,S,07-SEP-1994,X,0
T09,1994,237,W,07-SEP-1994,X,0
T09,1994,238,S,,,0
T09,1994,238,W,,,0
T09,1994,239,S,,X,0
T09,1994,239,W,,X,0
T09,1994,240,S,,X,0
T09,1994,240,W,,X,0
T09,1994,241,S,,X,0
T09,1994,241,W,,X,0
T09,1994,242,S,19-SEP-1994,X,0
T09,1994,242,W,19-SEP-1994,X,0
T09,1994,243,S,19-SEP-1994,X,0
T09,1994,243,W,19-SEP-1994,X,0
T09,1994,244,S,19-SEP-1994,X,0
T09,1994,244,W,19-SEP-1994,X,0
T09,1994,245,S,21-SEP-1994,X,0
T09,1994,245,W,21-SEP-1994,X,0
T09,1994,246,S,21-SEP-1994,,0
T09,1994,246,W,21-SEP-1994,,0
T09,1994,247,S,12-JUL-1994,X,0
T09,1994,247,W,12-JUL-1994,X,0
T09,1994,248,S,28-JUN-1994,X,0
T09,1994,248,W,28-JUN-1994,X,0
T09,1994,249,S,27-JUN-1994,D,0
T09,1994,249,W,27-JUN-1994,D,0
T09,1994,250,S,27-JUN-1994,X,0
T09,1994,250,W,27-JUN-1994,X,0
T09,1994,251,S,14-JUL-1994,P,0
T09,1994,251,W,14-JUL-1994,P,0
T09,1994,252,S,14-JUL-1994,X,0
T09,1994,252,W,14-JUL-1994,X,0
T09,1994,253,S,14-JUL-1994,X,0
T09,1994,253,W,14-JUL-1994,X,0
T09,1994,254,S,19-JUL-1994,X,0
T09,1994,254,W,19-JUL-1994,X,0
T09,1994,255,S,28-JUL-1994,X,0
T09,1994,255,W,28-JUL-1994,X,0
T09,1994,256,S,28-JUL-1994,X,0
T09,1994,256,W,28-JUL-1994,X,0
T09,1994,257,S,26-JUL-1994,X,0
T09,1994,257,W,26-JUL-1994,X,0
T09,1994,258,S,26-JUL-1994,,0
T09,1994,258,W,26-JUL-1994,,0
T09,1994,259,S,26-JUL-1994,P,0
T09,1994,259,W,26-JUL-1994,P,0
T09,1994,260,S,26-JUL-1994,P,0
T09,1994,260,W,26-JUL-1994,P,0
T09,1994,261,S,06-SEP-1994,X,0
T09,1994,261,W,06-SEP-1994,X,0
T09,1994,262,S,06-SEP-1994,X,0
T09,1994,262,W,06-SEP-1994,X,0
T09,1994,263,S,06-SEP-1994,X,0
T09,1994,263,W,06-SEP-1994,X,0
T09,1994,264,S,07-SEP-1994,X,0
T09,1994,264,W,07-SEP-1994,X,0
T09,1994,265,S,07-SEP-1994,X,0
T09,1994,265,W,07-SEP-1994,X,0
T09,1994,266,S,07-SEP-1994,X,0
T09,1994,266,W,07-SEP-1994,X,0
T09,1994,267,S,07-SEP-1994,X,0
T09,1994,267,W,07-SEP-1994,X,0
T09,1994,268,S,20-SEP-1994,X,0
T09,1994,268,W,20-SEP-1994,X,0
T09,1994,269,S,20-SEP-1994,X,0
T09,1994,269,W,20-SEP-1994,X,0
T09,1994,270,S,20-SEP-1994,X,0
T09,1994,270,W,20-SEP-1994,X,0
T09,1994,271,S,20-SEP-1994,X,0
T09,1994,271,W,20-SEP-1994,X,0
T09,1994,272,S,20-SEP-1994,X,0
T09,1994,272,W,20-SEP-1994,X,0
T09,1994,273,S,15-SEP-1994,X,0
T09,1994,273,W,15-SEP-1994,X,0
T09,1994,274,S,15-SEP-1994,,0
T09,1994,274,W,15-SEP-1994,,0
T09,1994,275,S,15-SEP-1994,,0
T09,1994,275,W,15-SEP-1994,,0
T09,1994,276,S,15-SEP-1994,X,0
T09,1994,276,W,15-SEP-1994,X,0
T09,1994,277,S,15-SEP-1994,,0
T09,1994,277,W,15-SEP-1994,,0
T09,1994,278,S,30-JUN-1994,D,0
T09,1994,278,W,30-JUN-1994,D,0
T09,1994,279,S,30-JUN-1994,X,0
T09,1994,279,W,30-JUN-1994,X,0
T09,1994,280,S,28-JUN-1994,B,0
T09,1994,280,W,28-JUN-1994,B,0
T09,1994,281,S,29-JUN-1994,D,0
T09,1994,281,W,29-JUN-1994,D,0
T09,1994,282,S,15-JUL-1994,X,0
T09,1994,282,W,15-JUL-1994,X,0
T09,1994,283,S,14-JUL-1994,X,0
T09,1994,283,W,14-JUL-1994,X,0
T09,1994,284,S,19-JUL-1994,P,0
T09,1994,284,W,19-JUL-1994,P,0
T09,1994,285,S,28-JUL-1994,X,0
T09,1994,285,W,28-JUL-1994,X,0
T09,1994,286,S,28-JUL-1994,X,0
T09,1994,286,W,28-JUL-1994,X,0
T09,1994,287,S,28-JUL-1994,X,0
T09,1994,287,W,28-JUL-1994,X,0
T09,1994,288,S,26-JUL-1994,X,0
T09,1994,288,W,26-JUL-1994,X,0
T09,1994,289,S,26-JUL-1994,X,0
T09,1994,289,W,26-JUL-1994,X,0
T09,1994,290,S,06-SEP-1994,X,0
T09,1994,290,W,06-SEP-1994,X,0
T09,1994,291,S,06-SEP-1994,,0
T09,1994,291,W,06-SEP-1994,,0
T09,1994,292,S,07-SEP-1994,,0
T09,1994,292,W,07-SEP-1994,,0
T09,1994,293,S,07-SEP-1994,X,0
T09,1994,293,W,07-SEP-1994,X,0
T09,1994,294,S,07-SEP-1994,X,0
T09,1994,294,W,07-SEP-1994,X,0
T09,1994,295,S,15-SEP-1994,X,0
T09,1994,295,W,15-SEP-1994,X,0
T09,1994,296,S,15-SEP-1994,X,0
T09,1994,296,W,15-SEP-1994,X,0
T09,1994,297,S,15-SEP-1994,X,0
T09,1994,297,W,15-SEP-1994,X,0
T09,1994,298,S,15-SEP-1994,X,0
T09,1994,298,W,15-SEP-1994,X,0
T09,1994,299,S,15-SEP-1994,X,0
T09,1994,299,W,15-SEP-1994,X,0
T09,1994,300,S,15-SEP-1994,X,0
T09,1994,300,W,15-SEP-1994,X,0
T09,1994,301,S,15-SEP-1994,X,0
T09,1994,301,W,15-SEP-1994,X,0
T09,1994,302,S,15-SEP-1994,X,0
T09,1994,302,W,15-SEP-1994,X,0
T09,1994,303,S,,,0
T09,1994,303,W,,,0
T09,1994,304,S,30-JUN-1994,X,0
T09,1994,304,W,30-JUN-1994,X,0
T09,1994,305,S,30-JUN-1994,B,0
T09,1994,305,W,30-JUN-1994,B,0
T09,1994,306,S,12-JUL-1994,DS,0
T09,1994,306,W,12-JUL-1994,DS,0
T09,1994,307,S,12-JUL-1994,D,0
T09,1994,307,W,12-JUL-1994,D,0
T09,1994,308,S,29-JUN-1994,D,0
T09,1994,308,W,29-JUN-1994,D,0
T09,1994,309,S,15-JUL-1994,D,0
T09,1994,309,W,15-JUL-1994,D,0
T09,1994,310,S,28-JUN-1994,,0
T09,1994,310,W,28-JUN-1994,,0
T09,1994,311,S,18-JUL-1994,X,0
T09,1994,311,W,18-JUL-1994,X,0
T09,1994,312,S,28-JUL-1994,X,0
T09,1994,312,W,18-JUL-1994,X,0
T09,1994,313,S,28-JUL-1994,D,0
T09,1994,313,W,28-JUL-1994,D,0
T09,1994,314,S,01-JUL-1994,X,0
T09,1994,314,W,01-JUL-1994,X,0
T09,1994,315,S,01-JUL-1994,,0
T09,1994,315,W,01-JUL-1994,,0
T09,1994,316,S,26-JUL-1994,X,0
T09,1994,316,W,26-JUL-1994,X,0
T09,1994,317,S,21-SEP-1994,X,0
T09,1994,317,W,21-SEP-1994,X,0
T09,1994,318,S,21-SEP-1994,X,0
T09,1994,318,W,21-SEP-1994,X,0
T09,1994,319,S,21-SEP-1994,X,0
T09,1994,319,W,21-SEP-1994,X,0
T09,1994,320,S,21-SEP-1994,X,0
T09,1994,320,W,21-SEP-1994,X,0
T09,1994,321,S,21-SEP-1994,X,0
T09,1994,321,W,21-SEP-1994,X,0
T09,1994,322,S,15-SEP-1994,X,0
T09,1994,322,W,15-SEP-1994,X,0
T09,1994,323,S,15-SEP-1994,X,0
T09,1994,323,W,15-SEP-1994,X,0
T09,1994,324,S,30-JUN-1994,X,0
T09,1994,324,W,30-JUN-1994,X,0
T09,1994,325,S,30-JUN-1994,X,0
T09,1994,325,W,30-JUN-1994,X,0
T09,1994,326,S,30-JUN-1994,X,0
T09,1994,326,W,30-JUN-1994,X,0
T09,1994,327,S,30-JUN-1994,D,0
T09,1994,327,W,30-JUN-1994,D,0
T09,1994,328,S,12-JUL-1994,X,0
T09,1994,328,W,12-JUL-1994,X,0
T09,1994,329,S,29-JUN-1994,X,0
T09,1994,329,W,29-JUN-1994,X,0
T09,1994,330,S,15-JUL-1994,PD,0
T09,1994,330,W,15-JUL-1994,PD,0
T09,1994,331,S,15-JUL-1994,,0
T09,1994,331,W,15-JUL-1994,,0
T09,1994,332,S,15-JUL-1994,,0
T09,1994,332,W,15-JUL-1994,,0
T09,1994,333,S,19-JUL-1994,X,0
T09,1994,333,W,19-JUL-1994,X,0
T09,1994,334,S,19-JUL-1994,,0
T09,1994,334,W,19-JUL-1994,,0
T09,1994,335,S,19-JUL-1994,,0
T09,1994,335,W,19-JUL-1994,,0
T09,1994,336,S,01-JUL-1994,P,0
T09,1994,336,W,01-JUL-1994,P,0
T09,1994,337,S,01-JUL-1994,,0
T09,1994,337,W,01-JUL-1994,,0
T09,1994,338,S,29-JUL-1994,X,0
T09,1994,338,W,29-JUL-1994,X,0
T09,1994,339,S,29-JUL-1994,X,0
T09,1994,339,W,29-JUL-1994,X,0
T09,1994,340,S,15-SEP-1994,X,0
T09,1994,340,W,15-SEP-1994,X,0
T09,1994,341,S,15-SEP-1994,X,0
T09,1994,341,W,15-SEP-1994,X,0
T09,1994,342,S,15-SEP-1994,X,0
T09,1994,342,W,15-SEP-1994,X,0
T09,1994,343,S,15-SEP-1994,,0
T09,1994,343,W,15-SEP-1994,,0
T09,1994,344,S,15-SEP-1994,,0
T09,1994,344,W,15-SEP-1994,,0
T09,1994,345,S,30-JUN-1994,P,0
T09,1994,345,W,30-JUN-1994,P,0
T09,1994,346,S,30-JUN-1994,D,0
T09,1994,346,W,30-JUN-1994,D,0
T09,1994,347,S,30-JUN-1994,D,0
T09,1994,347,W,30-JUN-1994,D,0
T09,1994,348,S,28-JUN-1994,P,0
T09,1994,348,W,28-JUN-1994,P,0
T09,1994,349,S,28-JUN-1994,X,0
T09,1994,349,W,28-JUN-1994,X,0
T09,1994,350,S,11-JUL-1994,,0
T09,1994,350,W,11-JUL-1994,,0
T09,1994,351,S,11-JUL-1994,X,0
T09,1994,351,W,11-JUL-1994,X,0
T09,1994,352,S,12-JUL-1994,X,0
T09,1994,352,W,12-JUL-1994,X,0
T09,1994,353,S,12-JUL-1994,DB,0
T09,1994,353,W,12-JUL-1994,DB,0
T09,1994,354,S,19-JUL-1994,P,0
T09,1994,354,W,19-JUL-1994,P,0
T09,1994,355,S,19-JUL-1994,,0
T09,1994,355,W,19-JUL-1994,,0
T09,1994,356,S,19-JUL-1994,,0
T09,1994,356,W,19-JUL-1994,,0
T09,1994,357,S,19-JUL-1994,,0
T09,1994,357,W,19-JUL-1994,,0
T09,1994,358,S,19-JUL-1994,,0
T09,1994,358,W,19-JUL-1994,,0
T09,1994,359,S,29-JUL-1994,X,0
T09,1994,359,W,29-JUL-1994,X,0
T09,1994,360,S,28-JUL-1994,X,0
T09,1994,360,W,28-JUL-1994,X,0
T09,1994,361,S,29-JUL-1994,X,0
T09,1994,361,W,29-JUL-1994,X,0
T09,1994,362,S,29-JUL-1994,P,0
T09,1994,362,W,29-JUL-1994,P,0
T09,1994,363,S,29-JUL-1994,X,0
T09,1994,363,W,29-JUL-1994,X,0
T09,1994,364,S,29-JUL-1994,X,0
T09,1994,364,W,29-JUL-1994,X,0
T09,1994,365,S,28-JUN-1994,DBF,0
T09,1994,365,W,28-JUN-1994,DBF,0
T09,1994,366,S,13-JUL-1994,X,0
T09,1994,366,W,13-JUL-1994,X,0
T09,1994,367,S,11-JUL-1994,X,0
T09,1994,367,W,11-JUL-1994,X,0
T09,1994,368,S,12-JUL-1994,D,0
T09,1994,368,W,12-JUL-1994,D,0
T09,1994,369,S,12-JUL-1994,,0
T09,1994,369,W,12-JUL-1994,,0
T09,1994,370,S,19-JUL-1994,X,0
T09,1994,370,W,19-JUL-1994,X,0
T09,1994,371,S,19-JUL-1994,,0
T09,1994,371,W,19-JUL-1994,,0
T09,1994,372,S,19-JUL-1994,,0
T09,1994,372,W,19-JUL-1994,,0
T09,1994,373,S,19-JUL-1994,,0
T09,1994,373,W,19-JUL-1994,,0
T09,1994,374,S,19-JUL-1994,,0
T09,1994,374,W,19-JUL-1994,,0
T09,1994,375,S,29-JUL-1994,X,0
T09,1994,375,W,29-JUL-1994,X,0
T09,1994,376,S,29-JUL-1994,X,0
T09,1994,376,W,29-JUL-1994,X,0
T09,1994,377,S,29-JUL-1994,X,0
T09,1994,377,W,29-JUL-1994,X,0
T09,1994,378,S,29-JUL-1994,X,0
T09,1994,378,W,29-JUL-1994,X,0
T11,1995,78,S,01-JUL-1995,X,0
T11,1995,79,S,01-JUL-1995,X,0
T11,1995,80,S,01-JUL-1995,X,0
T11,1995,81,S,01-JUL-1995,X,0
T11,1995,82,S,01-JUL-1995,X,0
T11,1995,83,S,01-JUL-1995,X,0
T11,1995,84,S,01-JUL-1995,X,0
T11,1995,86,S,01-JUL-1995,X,0
T11,1995,87,S,01-JUL-1995,X,0
T11,1995,95,S,01-JUL-1995,X,0
T11,1995,96,S,01-JUL-1995,X,0
T11,1995,97,S,01-JUL-1995,X,0
T11,1995,98,S,01-JUL-1995,X,0
T11,1995,112,S,01-JUL-1995,X,0
T11,1995,113,S,01-JUL-1995,X,0
T11,1995,114,S,01-JUL-1995,X,0
T11,1995,115,S,01-JUL-1995,X,0
T11,1995,119,S,01-JUL-1995,X,0
T11,1995,136,S,01-JUL-1995,X,0
T11,1995,137,S,01-JUL-1995,X,0
T11,1995,138,S,01-JUL-1995,X,0
T11,1995,139,S,01-JUL-1995,X,0
T11,1995,141,S,01-JUL-1995,X,0
T11,1995,142,S,01-JUL-1995,X,0
T11,1995,143,S,01-JUL-1995,X,0
T11,1995,157,S,01-JUL-1995,X,0
T11,1995,159,S,01-JUL-1995,X,0
T11,1995,160,S,01-JUL-1995,X,0
T11,1995,161,S,01-JUL-1995,X,0
T11,1995,162,S,01-JUL-1995,X,0
T11,1995,164,S,01-JUL-1995,X,0
T11,1995,165,S,01-JUL-1995,X,0
T11,1995,166,S,01-JUL-1995,X,0
T11,1995,177,S,01-JUL-1995,X,0
T11,1995,178,S,01-JUL-1995,X,0
T11,1995,179,S,01-JUL-1995,X,0
T11,1995,180,S,01-JUL-1995,X,0
T11,1995,181,S,01-JUL-1995,X,0
T11,1995,182,S,01-JUL-1995,X,0
T11,1995,183,S,01-JUL-1995,X,0
T11,1995,184,S,01-JUL-1995,X,0
T11,1995,185,S,01-JUL-1995,X,0
T11,1995,186,S,01-JUL-1995,X,0
T11,1995,187,S,01-JUL-1995,X,0
T11,1995,199,S,01-JUL-1995,X,0
T11,1995,200,S,01-JUL-1995,X,0
T11,1995,201,S,01-JUL-1995,X,0
T11,1995,202,S,01-JUL-1995,X,0
T11,1995,203,S,01-JUL-1995,X,0
T11,1995,204,S,01-JUL-1995,X,0
T11,1995,205,S,01-JUL-1995,X,0
T11,1995,206,S,01-JUL-1995,X,0
T11,1995,207,S,01-JUL-1995,X,0
T11,1995,208,S,01-JUL-1995,X,0
T11,1995,222,S,01-JUL-1995,X,0
T11,1995,223,S,01-JUL-1995,X,0
T11,1995,224,S,01-JUL-1995,X,0
T11,1995,225,S,01-JUL-1995,X,0
T11,1995,226,S,01-JUL-1995,X,0
T11,1995,227,S,01-JUL-1995,X,0
T11,1995,228,S,01-JUL-1995,X,0
T11,1995,229,S,01-JUL-1995,X,0
T11,1995,230,S,01-JUL-1995,X,0
T11,1995,231,S,01-JUL-1995,X,0
T11,1995,232,S,01-JUL-1995,X,0
T11,1995,233,S,01-JUL-1995,X,0
T11,1995,246,S,01-JUL-1995,X,0
T11,1995,247,S,01-JUL-1995,X,0
T11,1995,248,S,01-JUL-1995,X,0
T11,1995,249,S,01-JUL-1995,X,0
T11,1995,250,S,01-JUL-1995,X,0
T11,1995,251,S,01-JUL-1995,X,0
T11,1995,253,S,01-JUL-1995,X,0
T11,1995,254,S,01-JUL-1995,X,0
T11,1995,255,S,01-JUL-1995,X,0
T11,1995,256,S,01-JUL-1995,X,0
T11,1995,257,S,01-JUL-1995,X,0
T11,1995,271,S,01-JUL-1995,X,0
T11,1995,272,S,01-JUL-1995,X,0
T11,1995,273,S,01-JUL-1995,X,0
T11,1995,274,S,01-JUL-1995,X,0
T11,1995,275,S,01-JUL-1995,X,0
T11,1995,276,S,01-JUL-1995,X,0
T11,1995,277,S,01-JUL-1995,X,0
T11,1995,291,S,01-JUL-1995,X,0
T11,1995,292,S,01-JUL-1995,X,0
T11,1995,293,S,01-JUL-1995,X,0
T11,1995,294,S,01-JUL-1995,X,0
T11,1995,295,S,01-JUL-1995,X,0
T11,1995,310,S,01-JUL-1995,X,0
T11,1995,311,S,01-JUL-1995,X,0
T11,1995,312,S,01-JUL-1995,X,0
T11,1995,313,S,01-JUL-1995,X,0
T11,1995,329,S,01-JUL-1995,X,0
T11,1995,330,S,01-JUL-1995,X,0
T11,1995,331,S,01-JUL-1995,X,0
T11,1995,349,S,01-JUL-1995,X,0
T11,1995,350,S,01-JUL-1995,X,0
T11,1995,351,S,01-JUL-1995,X,0
T11,1995,353,S,01-JUL-1995,X,0
T11,1995,354,S,01-JUL-1995,X,0
T11,1995,751,S,01-JUL-1995,X,0
T11,1995,752,S,01-JUL-1995,X,0
T11,1995,753,S,01-JUL-1995,X,0
T11,1995,754,S,01-JUL-1995,X,0
T11,1997,788,S,08-AUG-1997,X,0
T11,1997,789,S,08-AUG-1997,X,0
T11,1997,790,S,08-AUG-1997,X,0
T11,1997,791,S,08-AUG-1997,X,0
T11,1997,792,S,08-AUG-1997,X,0
T11,1997,793,S,08-AUG-1997,X,0
T11,1998,794,S,20-AUG-1998,X,0
T11,1998,795,S,20-AUG-1998,X,0
T11,1998,796,S,20-AUG-1998,X,0
T11,1998,797,S,20-AUG-1998,X,0
T11,1999,1,S,16-AUG-1999,X,0
T11,1999,2,S,16-AUG-1999,X,0
T11,1999,3,S,16-AUG-1999,X,0
T11,1999,5,S,18-AUG-1999,X,0
T11,1999,6,S,16-AUG-1999,X,0
T11,1999,7,S,16-AUG-1999,X,0
T11,1999,9,S,16-AUG-1999,X,0
T11,1999,11,S,18-AUG-1999,X,0
T11,1999,12,S,18-AUG-1999,X,0
T11,1999,16,S,10-OCT-1999,X,0
T11,1999,17,S,16-AUG-1999,X,0
T11,1999,19,S,16-AUG-1999,X,0
T11,1999,20,S,16-AUG-1999,X,0
T11,1999,22,S,18-AUG-1999,X,0
T11,1999,24,S,18-AUG-1999,X,0
T11,1999,25,S,18-AUG-1999,X,0
T11,1999,26,S,18-AUG-1999,X,0
T11,1999,28,S,10-OCT-1999,X,0
T11,1999,30,S,16-AUG-1999,X,0
T11,1999,32,S,08-OCT-1999,X,0
T11,1999,33,S,18-AUG-1999,X,0
T11,1999,34,S,18-AUG-1999,X,0
T11,1999,36,S,18-AUG-1999,X,0
T11,1999,37,S,18-AUG-1999,X,0
T11,1999,38,S,10-OCT-1999,X,0
T11,1999,40,S,12-AUG-1999,X,0
T11,1999,41,S,12-AUG-1999,X,0
T11,1999,44,S,18-AUG-1999,X,0
T11,1999,45,S,18-AUG-1999,X,0
T11,1999,46,S,10-OCT-1999,X,0
T11,1999,48,S,12-AUG-1999,X,0
T11,1999,49,S,12-AUG-1999,X,0
T11,1999,50,S,12-AUG-1999,X,0
T11,1999,52,S,12-AUG-1999,X,0
T11,1999,53,S,12-AUG-1999,X,0
T11,1999,54,S,12-AUG-1999,X,0
T11,1999,59,S,12-AUG-1999,X,0
T11,1999,60,S,12-AUG-1999,X,0
T11,1999,61,S,12-AUG-1999,X,0
T11,1999,63,S,20-AUG-1999,X,0
T11,1999,64,S,20-AUG-1999,X,0
T11,1999,66,S,19-AUG-1999,X,0
T11,1999,68,S,19-AUG-1999,X,0
T11,1999,69,S,19-AUG-1999,X,0
T11,1999,73,S,06-OCT-1999,X,0
T11,1999,74,S,19-AUG-1999,X,0
T11,1999,76,S,14-AUG-1999,X,0
T11,1999,77,S,14-AUG-1999,X,0
T11,1999,89,S,07-OCT-1999,X,0
T11,1999,90,S,09-OCT-1999,X,0
T11,1999,91,S,19-AUG-1999,X,0
T11,1999,94,S,14-AUG-1999,X,0
T11,1999,99,S,20-AUG-1999,X,0
T11,1999,104,S,15-AUG-1999,X,0
T11,1999,105,S,15-AUG-1999,X,0
T11,1999,106,S,15-AUG-1999,X,0
T11,1999,109,S,14-AUG-1999,X,0
T11,1999,110,S,14-AUG-1999,X,0
T11,1999,116,S,20-AUG-1999,X,0
T11,1999,118,S,19-SEP-1999,X,0
T11,1999,120,S,15-AUG-1999,X,0
T11,1999,123,S,19-AUG-1999,X,0
T11,1999,124,S,19-AUG-1999,X,0
T11,1999,125,S,19-AUG-1999,X,0
T11,1999,127,S,15-AUG-1999,X,0
T11,1999,128,S,15-AUG-1999,X,0
T11,1999,129,S,14-AUG-1999,X,0
T11,1999,132,S,14-AUG-1999,X,0
T11,1999,133,S,14-AUG-1999,X,0
T11,1999,135,S,13-AUG-1999,X,0
T11,1999,140,S,20-AUG-1999,X,0
T11,1999,144,S,05-OCT-1999,X,0
T11,1999,148,S,19-AUG-1999,X,0
T11,1999,150,S,19-AUG-1999,X,0
T11,1999,152,S,14-AUG-1999,X,0
T11,1999,153,S,15-AUG-1999,X,0
T11,1999,155,S,14-AUG-1999,X,0
T11,1999,156,S,13-AUG-1999,X,0
T11,1999,163,S,20-AUG-1999,X,0
T11,1999,169,S,14-AUG-1999,X,0
T11,1999,170,S,14-AUG-1999,X,0
T11,1999,171,S,19-AUG-1999,X,0
T11,1999,173,S,13-AUG-1999,X,0
T11,1999,174,S,13-AUG-1999,X,0
T11,1999,188,S,19-AUG-1999,X,0
T11,1999,193,S,19-AUG-1999,X,0
T11,1999,194,S,19-AUG-1999,X,0
T11,1999,196,S,19-AUG-1999,X,0
T11,1999,197,S,19-AUG-1999,X,0
T11,1999,209,S,19-AUG-1999,X,0
T11,1999,210,S,19-AUG-1999,X,0
T11,1999,212,S,19-AUG-1999,X,0
T11,1999,214,S,19-AUG-1999,X,0
T11,1999,215,S,19-AUG-1999,X,0
T11,1999,216,S,19-AUG-1999,X,0
T11,1999,219,S,19-AUG-1999,X,0
T11,1999,221,S,19-AUG-1999,X,0
T11,1999,234,S,17-JUL-1999,X,0
T11,1999,236,S,11-OCT-1999,X,0
T11,1999,237,S,19-AUG-1999,X,0
T11,1999,238,S,19-AUG-1999,X,0
T11,1999,240,S,19-AUG-1999,X,0
T11,1999,241,S,19-AUG-1999,X,0
T11,1999,242,S,19-AUG-1999,X,0
T11,1999,244,S,22-SEP-1999,X,0
T11,1999,245,S,22-SEP-1999,X,0
T11,1999,252,S,20-AUG-1999,X,0
T11,1999,258,S,11-OCT-1999,X,0
T11,1999,260,S,17-SEP-1999,X,0
T11,1999,265,S,22-SEP-1999,X,0
T11,1999,266,S,22-SEP-1999,X,0
T11,1999,267,S,22-SEP-1999,X,0
T11,1999,269,S,22-SEP-1999,X,0
T11,1999,270,S,22-SEP-1999,X,0
T11,1999,278,S,17-SEP-1999,X,0
T11,1999,279,S,17-SEP-1999,X,0
T11,1999,281,S,22-SEP-1999,X,0
T11,1999,282,S,22-SEP-1999,X,0
T11,1999,283,S,22-SEP-1999,X,0
T11,1999,285,S,22-AUG-1999,X,0
T11,1999,286,S,22-AUG-1999,X,0
T11,1999,287,S,22-SEP-1999,X,0
T11,1999,289,S,22-SEP-1999,X,0
T11,1999,290,S,22-SEP-1999,X,0
T11,1999,297,S,17-SEP-1999,X,0
T11,1999,298,S,22-SEP-1999,X,0
T11,1999,299,S,22-SEP-1999,X,0
T11,1999,303,S,22-AUG-1999,X,0
T11,1999,304,S,22-AUG-1999,X,0
T11,1999,306,S,22-SEP-1999,X,0
T11,1999,307,S,22-SEP-1999,X,0
T11,1999,308,S,22-SEP-1999,X,0
T11,1999,314,S,17-SEP-1999,X,0
T11,1999,316,S,22-SEP-1999,X,0
T11,1999,318,S,22-SEP-1999,X,0
T11,1999,319,S,22-SEP-1999,X,0
T11,1999,320,S,22-SEP-1999,X,0
T11,1999,323,S,22-AUG-1999,X,0
T11,1999,325,S,22-AUG-1999,X,0
T11,1999,327,S,23-SEP-1999,X,0
T11,1999,328,S,23-SEP-1999,X,0
T11,1999,332,S,17-SEP-1999,X,0
T11,1999,333,S,17-SEP-1999,X,0
T11,1999,335,S,17-SEP-1999,X,0
T11,1999,336,S,17-SEP-1999,X,0
T11,1999,337,S,17-SEP-1999,X,0
T11,1999,341,S,22-SEP-1999,X,0
T11,1999,343,S,22-AUG-1999,X,0
T11,1999,344,S,22-AUG-1999,X,0
T11,1999,345,S,22-AUG-1999,X,0
T11,1999,347,S,22-AUG-1999,X,0
T11,1999,348,S,22-AUG-1999,X,0
T11,1999,352,S,23-SEP-1999,X,0
T11,1999,356,S,04-OCT-1999,X,0
T11,1999,357,S,26-SEP-1999,X,0
T11,1999,360,S,22-AUG-1999,X,0
T11,1999,362,S,24-SEP-1999,X,0
T11,1999,363,S,24-SEP-1999,X,0
T11,1999,365,S,24-SEP-1999,X,0
T11,1999,366,S,24-SEP-1999,X,0
T11,1999,367,S,24-SEP-1999,X,0
T11,1999,369,S,23-SEP-1999,X,0
T11,1999,371,S,23-SEP-1999,X,0
T11,1999,373,S,24-SEP-1999,X,0
T11,1999,374,S,04-OCT-1999,X,0
T11,1999,375,S,04-OCT-1999,X,0
T11,1999,377,S,26-SEP-1999,X,0
T11,1999,378,S,26-SEP-1999,X,0
T11,1999,379,S,26-SEP-1999,X,0
T11,1999,381,S,24-SEP-1999,X,0
T11,1999,382,S,23-SEP-1999,X,0
T11,1999,385,S,23-SEP-1999,X,0
T11,1999,386,S,23-SEP-1999,X,0
T11,1999,387,S,04-OCT-1999,X,0
T11,1999,389,S,26-SEP-1999,X,0
T11,1999,391,S,26-SEP-1999,X,0
T11,1999,393,S,24-SEP-1999,X,0
T11,1999,394,S,24-SEP-1999,X,0
T11,1999,395,S,24-SEP-1999,X,0
T11,1999,399,S,25-SEP-1999,X,0
T11,1999,400,S,04-OCT-1999,X,0
T11,1999,401,S,26-SEP-1999,X,0
T11,1999,405,S,08-OCT-1999,X,0
T11,1999,406,S,08-OCT-1999,X,0
T11,1999,407,S,16-AUG-1999,X,0
T11,1999,410,S,16-AUG-1999,X,0
T11,1999,411,S,16-AUG-1999,X,0
T11,1999,413,S,10-OCT-1999,X,0
T11,1999,414,S,10-OCT-1999,X,0
T11,1999,417,S,16-AUG-1999,X,0
T11,1999,418,S,10-OCT-1999,X,0
T11,1999,420,S,16-AUG-1999,X,0
T11,1999,423,S,10-OCT-1999,X,0
T11,1999,425,S,10-OCT-1999,X,0
T11,1999,427,S,12-AUG-1999,X,0
T11,1999,428,S,16-AUG-1999,X,0
T11,1999,430,S,08-OCT-1999,X,0
T11,1999,434,S,06-OCT-1999,X,0
T11,1999,437,S,10-OCT-1999,X,0
T11,1999,441,S,12-AUG-1999,X,0
T11,1999,442,S,05-OCT-1999,X,0
T11,1999,447,S,06-OCT-1999,X,0
T11,1999,450,S,06-OCT-1999,X,0
T11,1999,451,S,06-OCT-1990,X,0
T11,1999,452,S,06-OCT-1999,X,0
T11,1999,455,S,10-OCT-1999,X,0
T11,1999,462,S,12-AUG-1999,X,0
T11,1999,463,S,12-AUG-1999,X,0
T11,1999,464,S,12-AUG-1999,X,0
T11,1999,468,S,15-SEP-1999,X,0
T11,1999,469,S,15-SEP-1999,X,0
T11,1999,475,S,06-OCT-1999,X,0
T11,1999,478,S,06-OCT-1999,X,0
T11,1999,479,S,06-OCT-1999,X,0
T11,1999,486,S,09-OCT-1999,X,0
T11,1999,487,S,09-OCT-1999,X,0
T11,1999,489,S,09-OCT-1999,X,0
T11,1999,490,S,09-OCT-1999,X,0
T11,1999,491,S,09-OCT-1999,X,0
T11,1999,494,S,05-OCT-1999,X,0
T11,1999,495,S,05-OCT-1999,X,0
T11,1999,496,S,05-OCT-1999,X,0
T11,1999,499,S,06-OCT-1999,X,0
T11,1999,500,S,06-OCT-1999,X,0
T11,1999,503,S,06-OCT-1999,X,0
T11,1999,504,S,06-OCT-1999,X,0
T11,1999,512,S,09-OCT-1999,X,0
T11,1999,514,S,15-SEP-1999,X,0
T11,1999,516,S,05-OCT-1999,X,0
T11,1999,517,S,05-OCT-1999,X,0
T11,1999,521,S,07-OCT-1999,X,0
T11,1999,523,S,07-OCT-1999,X,0
T11,1999,526,S,07-OCT-1999,X,0
T11,1999,528,S,09-OCT-1999,X,0
T11,1999,535,S,15-SEP-1999,X,0
T11,1999,536,S,15-SEP-1999,X,0
T11,1999,537,S,15-SEP-1999,X,0
T11,1999,539,S,15-AUG-1999,X,0
T11,1999,541,S,15-AUG-1999,X,0
T11,1999,542,S,15-AUG-1999,X,0
T11,1999,544,S,07-OCT-1999,X,0
T11,1999,545,S,07-OCT-1999,X,0
T11,1999,546,S,07-OCT-1999,X,0
T11,1999,549,S,15-SEP-1999,X,0
T11,1999,550,S,13-SEP-1999,X,0
T11,1999,551,S,05-OCT-1999,X,0
T11,1999,553,S,15-AUG-1999,X,0
T11,1999,555,S,15-AUG-1999,X,0
T11,1999,556,S,14-AUG-1999,X,0
T11,1999,558,S,13-AUG-1999,X,0
T11,1999,559,S,20-AUG-1999,X,0
T11,1999,560,S,15-SEP-1999,X,0
T11,1999,562,S,05-OCT-1999,X,0
T11,1999,565,S,14-AUG-1999,X,0
T11,1999,566,S,14-AUG-1999,X,0
T11,1999,569,S,13-AUG-1999,X,0
T11,1999,570,S,13-AUG-1999,X,0
T11,1999,574,S,07-OCT-1999,X,0
T11,1999,576,S,19-AUG-1999,X,0
T11,1999,577,S,19-AUG-1999,X,0
T11,1999,580,S,14-AUG-1999,X,0
T11,1999,585,S,07-OCT-1999,X,0
T11,1999,587,S,19-AUG-1999,X,0
T11,1999,588,S,20-AUG-1999,X,0
T11,1999,589,S,15-SEP-1999,X,0
T11,1999,593,S,19-AUG-1999,X,0
T11,1999,601,S,20-AUG-1999,X,0
T11,1999,602,S,11-OCT-1999,X,0
T11,1999,609,S,11-AUG-1999,X,0
T11,1999,610,S,11-AUG-1999,X,0
T11,1999,615,S,11-OCT-1999,X,0
T11,1999,619,S,11-OCT-1999,X,0
T11,1999,621,S,11-OCT-1999,X,0
T11,1999,625,S,11-OCT-1999,X,0
T11,1999,628,S,11-AUG-1999,X,0
T11,1999,629,S,11-AUG-1999,X,0
T11,1999,633,S,04-OCT-1999,X,0
T11,1999,634,S,26-SEP-1999,X,0
T11,1999,635,S,26-SEP-1999,X,0
T11,1999,637,S,11-AUG-1999,X,0
T11,1999,638,S,11-AUG-1999,X,0
T11,1999,639,S,11-AUG-1999,X,0
T11,1999,643,S,04-OCT-1999,X,0
T11,1999,644,S,22-AUG-1999,X,0
T11,1999,645,S,24-SEP-1999,X,0
T11,1999,648,S,24-SEP-1999,X,0
T11,1999,649,S,24-SEP-1999,X,0
T11,1999,652,S,11-AUG-1999,X,0
T11,1999,653,S,11-AUG-1999,X,0
T11,1999,655,S,11-OCT-1999,X,0
T11,1999,657,S,04-OCT-1999,X,0
T11,1999,658,S,22-AUG-1999,X,0
T11,1999,659,S,22-AUG-1999,X,0
T11,1999,664,S,21-SEP-1999,X,0
T11,1999,666,S,11-AUG-1999,X,0
T11,1999,668,S,21-SEP-1999,X,0
T11,1999,671,S,25-SEP-1999,X,0
T11,1999,672,S,25-SEP-1999,X,0
T11,1999,674,S,24-SEP-1999,X,0
T11,1999,675,S,24-SEP-1999,X,0
T11,1999,676,S,21-SEP-1999,X,0
T11,1999,678,S,21-SEP-1999,X,0
T11,1999,679,S,21-SEP-1999,X,0
T11,1999,685,S,25-SEP-1999,X,0
T11,1999,686,S,25-SEP-1999,X,0
T11,1999,687,S,25-SEP-1999,X,0
T11,1999,690,S,21-SEP-1999,X,0
T11,1999,691,S,21-SEP-1999,X,0
T11,1999,692,S,21-SEP-1999,X,0
T11,1999,693,S,21-SEP-1999,X,0
T11,1999,694,S,21-SEP-1999,X,0
T11,1999,695,S,21-SEP-1999,X,0
T11,1999,701,S,25-SEP-1999,X,0
T11,1999,702,S,25-SEP-1999,X,0
T11,1999,703,S,21-SEP-1999,X,0
T11,1999,705,S,21-SEP-1999,X,0
T11,1999,706,S,21-SEP-1999,X,0
T11,1999,707,S,21-SEP-1999,X,0
T11,1999,708,S,21-SEP-1999,X,0
T11,1999,798,S,13-SEP-1999,X,0
T11,1999,799,S,13-SEP-1999,X,0
T11,2000,800,S,03-JUL-2000,X,0
T11,2000,801,S,03-JUL-2000,X,0
T11,2000,802,S,14-JUL-2000,X,0
T11,2000,803,S,14-JUL-2000,X,0
T11,2000,804,S,08-SEP-2000,X,0
T11,2000,805,S,08-SEP-2000,X,0
T11,2000,806,S,12-SEP-2000,X,0
T11,2000,807,S,12-SEP-2000,X,0
T11,2000,808,S,13-SEP-2000,X,0
T11,2000,809,S,13-SEP-2000,X,0
T11,2000,811,S,25-SEP-2000,X,0
T11,2000,812,S,29-SEP-2000,X,0
T11,2000,813,S,30-SEP-2000,X,0
T12,1998,1,S,20-MAY-1998,,
T12,1998,3,S,03-JUL-1998,,
T12,1998,4,S,03-MAY-1998,,
T12,1998,5,S,03-MAY-1998,,
T12,1998,6,S,03-MAY-1998,,
T12,1998,8,S,20-JUN-1998,,
T12,1998,9,S,03-JUN-1998,,
T12,1998,10,S,03-MAY-1998,,
T12,1998,11,S,03-MAY-1998,,
T12,1998,12,S,04-JUN-1998,,
T12,1998,13,S,21-MAY-1998,,
T12,1998,14,S,26-MAY-1998,,
T12,1998,15,S,03-JUN-1998,,
T12,1998,16,S,03-JUN-1998,,
T12,1998,17,S,03-MAY-1998,,
T12,1998,18,S,04-JUN-1998,,
T12,1998,19,S,05-JUN-1998,,
T12,1998,20,S,20-MAY-1998,,
T12,1998,21,S,22-MAY-1998,,
T12,1998,22,S,29-MAY-1998,,
T12,1998,23,S,03-JUN-1998,,
T12,1998,25,S,03-MAY-1998,,
T12,1998,26,S,04-JUN-1998,,
T12,1998,27,S,05-JUN-1998,,
T12,1998,28,S,21-MAY-1998,,
T12,1998,29,S,21-MAY-1998,,
T12,1998,30,S,29-MAY-1998,,
T12,1998,31,S,29-MAY-1998,,
T12,1998,33,S,03-JUN-1998,,
T12,1998,34,S,04-JUN-1998,,
T12,1998,35,S,05-JUN-1998,,
T12,1998,36,S,05-JUN-1998,,
T12,1998,37,S,05-JUN-1998,,
T12,1998,38,S,20-JUN-1998,,
T12,1998,39,S,10-JUN-1998,,
T12,1998,40,S,20-JUN-1998,,
T12,1998,42,S,21-MAY-1998,,
T12,1998,43,S,21-MAY-1998,,
T12,1998,44,S,29-MAY-1998,,
T12,1998,45,S,29-MAY-1998,,
T12,1998,46,S,03-JUN-1998,,
T12,1998,47,S,03-JUN-1998,,
T12,1998,48,S,04-JUN-1998,,
T12,1998,49,S,05-JUN-1998,,
T12,1998,50,S,05-JUN-1998,,
T12,1998,51,S,05-JUN-1998,,
T12,1998,52,S,10-JUN-1998,,
T12,1998,54,S,11-JUN-1998,,
T12,1998,55,S,22-MAY-1998,,
T12,1998,58,S,21-MAY-1998,,
T12,1998,59,S,21-MAY-1998,,
T12,1998,60,S,29-MAY-1998,,
T12,1998,61,S,29-MAY-1998,,
T12,1998,62,S,29-MAY-1998,,
T12,1998,63,S,03-JUN-1998,,
T12,1998,64,S,04-JUN-1998,,
T12,1998,65,S,05-JUN-1998,,
T12,1998,66,S,05-JUN-1998,,
T12,1998,67,S,05-JUN-1998,,
T12,1998,68,S,10-JUN-1998,,
T12,1998,69,S,10-JUN-1998,,
T12,1998,70,S,11-JUN-1998,,
T12,1998,71,S,22-MAY-1998,,
T12,1998,72,S,22-MAY-1998,,
T12,1998,75,S,21-MAY-1998,,
T12,1998,76,S,29-MAY-1998,,
T12,1998,77,S,29-MAY-1998,,
T12,1998,78,S,29-MAY-1998,,
T12,1998,79,S,29-MAY-1998,,
T12,1998,80,S,04-JUN-1998,,
T12,1998,81,S,05-JUN-1998,,
T12,1998,82,S,05-JUN-1998,,
T12,1998,83,S,05-JUN-1998,,
T12,1998,84,S,20-JUN-1998,,
T12,1998,85,S,10-JUN-1998,,
T12,1998,86,S,11-JUN-1998,,
T12,1998,87,S,22-MAY-1998,,
T12,1998,89,S,22-MAY-1998,,
T12,1998,90,S,20-JUN-1998,,
T12,1998,91,S,21-MAY-1998,,
T12,1998,93,S,29-MAY-1998,,
T12,1998,94,S,29-MAY-1998,,
T12,1998,95,S,29-MAY-1998,,
T12,1998,96,S,04-JUN-1998,,
T12,1998,97,S,05-JUN-1998,,
T12,1998,98,S,05-JUN-1998,,
T12,1998,99,S,05-JUN-1998,,
T12,1998,100,S,10-JUN-1998,,
T12,1998,102,S,11-JUN-1998,,
T12,1998,103,S,22-MAY-1998,,
T12,1998,104,S,22-MAY-1998,,
T12,1998,105,S,22-MAY-1998,,
T12,1998,106,S,20-JUN-1998,,
T12,1998,107,S,21-MAY-1998,,
T12,1998,108,S,29-MAY-1998,,
T12,1998,109,S,29-MAY-1998,,
T12,1998,110,S,29-MAY-1998,,
T12,1998,111,S,29-MAY-1998,,
T12,1998,112,S,04-JUN-1998,,
T12,1998,113,S,05-JUN-1998,,
T12,1998,114,S,05-JUN-1998,,
T12,1998,115,S,05-JUN-1998,,
T12,1998,116,S,10-JUN-1998,,
T12,1998,117,S,10-JUN-1998,,
T12,1998,118,S,11-JUN-1998,,
T12,1998,119,S,11-JUN-1998,,
T12,1998,120,S,22-MAY-1998,,
T12,1998,121,S,22-MAY-1998,,
T12,1998,122,S,22-MAY-1998,,
T12,1998,124,S,21-MAY-1998,,
T12,1998,125,S,29-MAY-1998,,
T12,1998,126,S,29-MAY-1998,,
T12,1998,127,S,29-MAY-1998,,
T12,1998,129,S,04-JUN-1998,,
T12,1998,130,S,11-JUN-1998,,
T12,1998,131,S,11-JUN-1998,,
T12,1998,132,S,11-JUN-1998,,
T12,1998,133,S,11-JUN-1998,,
T12,1998,134,S,11-JUN-1998,,
T12,1998,135,S,11-JUN-1998,,
T12,1998,136,S,11-JUN-1998,,
T12,1998,137,S,12-JUN-1998,,
T12,1998,138,S,12-JUN-1998,,
T12,1998,139,S,12-JUN-1998,,
T12,1998,140,S,12-JUN-1998,,
T12,1998,141,S,12-JUN-1998,,
T12,1998,142,S,12-JUN-1998,,
T12,1998,143,S,29-MAY-1998,,
T12,1998,144,S,29-MAY-1998,,
T12,1998,145,S,29-MAY-1998,,
T12,1998,146,S,29-MAY-1998,,
T12,1998,147,S,04-JUN-1998,,
T12,1998,148,S,11-JUN-1998,,
T12,1998,149,S,11-JUN-1998,,
T12,1998,150,S,11-JUN-1998,,
T12,1998,151,S,11-JUN-1998,,
T12,1998,152,S,11-JUN-1998,,
T12,1998,153,S,11-JUN-1998,,
T12,1998,154,S,11-JUN-1998,,
T12,1998,155,S,17-JUN-1998,,
T12,1998,156,S,12-JUN-1998,,
T12,1998,157,S,12-JUN-1998,,
T12,1998,158,S,12-JUN-1998,,
T12,1998,159,S,12-JUN-1998,,
T12,1998,160,S,12-JUN-1998,,
T12,1998,161,S,12-JUN-1998,,
T12,1998,162,S,12-JUN-1998,,
T12,1998,163,S,12-JUN-1998,,
T12,1998,164,S,12-JUN-1998,,
T12,1998,165,S,12-JUN-1998,,
T12,1998,166,S,04-JUN-1998,,
T12,1998,167,S,17-JUN-1998,,
T12,1998,168,S,17-JUN-1998,,
T12,1998,169,S,17-JUN-1998,,
T12,1998,170,S,17-JUN-1998,,
T12,1998,171,S,17-JUN-1998,,
T12,1998,172,S,17-JUN-1998,,
T12,1998,173,S,17-JUN-1998,,
T12,1998,174,S,17-JUN-1998,,
T12,1998,175,S,12-JUN-1998,,
T12,1998,176,S,12-JUN-1998,,
T12,1998,177,S,12-JUN-1998,,
T12,1998,179,S,12-JUN-1998,,
T12,1998,180,S,12-JUN-1998,,
T12,1998,181,S,12-JUN-1998,,
T12,1998,182,S,12-JUN-1998,,
T12,1998,183,S,12-JUN-1998,,
T12,1998,184,S,12-JUN-1998,,
T12,1998,185,S,04-JUN-1998,,
T12,1998,186,S,23-JUN-1998,,
T12,1998,187,S,23-JUN-1998,,
T12,1998,188,S,23-JUN-1998,,
T12,1998,189,S,23-JUN-1998,,
T12,1998,190,S,23-JUN-1998,,
T12,1998,191,S,23-JUN-1998,,
T12,1998,192,S,23-JUN-1998,,
T12,1998,193,S,17-JUN-1998,,
T12,1998,202,S,04-JUN-1998,,
T12,1998,203,S,02-JUL-1998,,
T12,1998,207,S,23-JUN-1998,,
T12,1998,208,S,23-JUN-1998,,
T12,1998,209,S,23-JUN-1998,,
T12,1998,210,S,17-JUN-1998,,
T12,1998,218,S,04-JUN-1998,,
T12,1998,219,S,02-JUL-1998,,
T12,1998,226,S,04-JUN-1998,,
T12,1998,233,S,04-JUN-1998,,
T12,1998,241,S,18-JUN-1998,,
T12,1998,247,S,04-JUN-1998,,
T12,1998,255,S,18-JUN-1998,,
T12,1998,260,S,04-JUN-1998,,
T12,1998,268,S,18-JUN-1998,,
T12,1998,272,S,04-JUN-1998,,
T12,1998,280,S,18-JUN-1998,,
T12,1998,285,S,04-JUN-1998,,
T12,1998,293,S,18-JUN-1998,,
T12,1998,297,S,04-JUN-1998,,
T12,1998,305,S,18-JUN-1998,,
T12,1998,308,S,04-JUN-1998,,
T12,1998,316,S,18-JUN-1998,,
T12,1998,319,S,04-JUN-1998,,
T12,1998,327,S,18-JUN-1998,,
T12,1998,328,S,04-JUN-1998,,
T12,1998,336,S,18-JUN-1998,,
T12,1998,337,S,04-JUN-1998,,
T12,1999,201,S,16-SEP-1999,,
T12,1999,217,S,16-SEP-1999,,
T12,1999,232,S,16-SEP-1999,,
T12,1999,246,S,16-SEP-1999,,
T12,1999,259,S,16-SEP-1999,,
T12,1999,282,S,16-SEP-1999,,
T12,1999,283,S,16-SEP-1999,,
T12,1999,284,S,16-SEP-1999,,
T12,1999,291,S,16-SEP-1999,,
T12,1999,295,S,16-SEP-1999,,
T12,1999,296,S,16-SEP-1999,,
T12,1999,306,S,16-SEP-1999,,
T12,1999,307,S,16-SEP-1999,,
T12,1999,317,S,16-SEP-1999,,
T12,1999,318,S,16-SEP-1999,,
T12,1999,329,S,30-SEP-1999,,
T12,1999,330,S,30-SEP-1999,,
T12,1999,331,S,30-SEP-1999,,
T12,1999,338,S,30-SEP-1999,,
T12,1999,339,S,30-SEP-1999,,
T12,1999,340,S,30-SEP-1999,,
T12,1999,341,S,30-SEP-1999,,
T12,1999,342,S,30-SEP-1999,,
T12,1999,343,S,30-SEP-1999,,
T12,1999,344,S,30-SEP-1999,,
T12,1999,345,S,30-SEP-1999,,
T12,1999,346,S,30-SEP-1999,,
T12,1999,347,S,30-SEP-1999,,
T12,1999,348,S,30-SEP-1999,,
T12,1999,349,S,30-SEP-1999,,
T12,1999,350,S,30-SEP-1999,,
T12,1999,351,S,30-SEP-1999,,
T12,1999,352,S,30-SEP-1999,,
T12,1999,353,S,30-SEP-1999,,
T12,2000,204,S,24-MAY-2000,,
T12,2000,205,S,24-MAY-2000,,
T12,2000,206,S,24-MAY-2000,,
T12,2000,220,S,24-MAY-2000,,
T12,2000,223,S,24-MAY-2000,,
T12,2000,224,S,24-MAY-2000,,
T12,2000,234,S,24-MAY-2000,,
T12,2000,235,S,24-MAY-2000,,
T12,2000,248,S,24-MAY-2000,,
T12,2000,249,S,24-MAY-2000,,
T12,2000,261,S,31-MAY-2000,,
T12,2000,262,S,31-MAY-2000,,
T12,2000,263,S,31-MAY-2000,,
T12,2000,273,S,31-MAY-2000,,
T12,2000,274,S,31-MAY-2000,,
T12,2000,275,S,31-MAY-2000,,
T12,2000,286,S,31-MAY-2000,,
T12,2000,287,S,31-MAY-2000,,
T12,2000,288,S,31-MAY-2000,,
T12,2000,299,S,31-MAY-2000,,
T12,2000,300,S,31-MAY-2000,,
