"SITECODE","SYEAR","PLOTPID","CELLID","FEATURE"
"T01",1994,427,9,"X"
"T01",1994,427,10,"X"
"T01",1994,462,1,"X"
"T01",1994,462,2,"X"
"T01",1994,462,3,"X"
"T01",1994,462,4,"X"
"T01",1994,462,5,"X"
"T01",1994,462,6,"X"
"T01",1994,462,7,"X"
"T01",1994,462,8,"X"
"T01",1994,462,9,"X"
"T01",1994,462,10,"X"
"T01",1994,603,1,"X"
"T01",1994,603,2,"X"
"T01",1994,603,3,"X"
"T01",1994,603,4,"X"
"T01",1994,745,5,"X"
"T01",1994,745,6,"X"
"T01",1994,745,7,"X"
"T01",1994,745,8,"X"
"T01",1994,745,9,"X"
"T01",1994,745,10,"X"
"T01",1994,746,1,"X"
"T01",1994,746,2,"X"
"T01",1994,746,3,"X"
"T01",1994,746,4,"X"
"T01",1994,746,5,"X"
"T01",1994,746,6,"X"
"T01",1994,746,7,"X"
"T01",1994,746,8,"X"
"T01",1994,746,9,"X"
"T01",1994,746,10,"X"
"T01",1994,135,1,"X"
"T01",1994,135,2,"X"
"T01",1994,135,3,"X"
"T01",1994,135,4,"X"
"T01",1994,135,5,"X"
"T01",1994,135,6,"X"
"T01",1994,135,7,"X"
"T01",1994,135,8,"X"
"T01",1994,135,9,"X"
"T01",1994,135,10,"X"
"T01",1994,169,1,"X"
"T01",1994,169,2,"X"
"T01",1994,169,3,"X"
"T01",1994,169,4,"X"
"T01",1994,169,5,"X"
"T01",1994,169,6,"X"
"T01",1994,169,7,"X"
"T01",1994,169,8,"X"
"T01",1994,169,9,"X"
"T01",1994,169,10,"X"
"T01",1994,393,1,"X"
"T01",1994,393,2,"X"
"T01",1994,393,3,"X"
"T01",1994,393,4,"X"
"T01",1994,393,5,"X"
"T01",1994,393,6,"X"
"T01",1994,393,7,"X"
"T01",1994,393,8,"X"
"T01",1994,393,9,"X"
"T01",1994,393,10,"X"
"T01",1994,394,1,"X"
"T01",1994,394,2,"X"
"T01",1994,394,3,"X"
"T01",1994,394,4,"X"
"T01",1994,394,5,"X"
"T01",1994,394,6,"X"
"T01",1994,394,7,"X"
"T01",1994,394,8,"X"
"T01",1994,394,9,"X"
"T01",1994,394,10,"X"
"T01",1994,427,1,"X"
"T01",1994,427,2,"X"
"T01",1994,427,3,"X"
"T01",1994,427,4,"X"
"T01",1994,427,5,"X"
"T01",1994,427,6,"X"
"T01",1994,427,7,"X"
"T01",1994,427,8,"X"
"T05",1994,45,3,"X"
"T05",1994,45,4,"X"
"T05",1994,45,5,"X"
"T05",1994,45,6,"X"
"T05",1994,45,7,"X"
"T05",1994,45,8,"X"
"T05",1994,45,9,"X"
"T05",1994,45,10,"X"
"T05",1994,51,1,"X"
"T05",1994,51,2,"X"
"T05",1994,51,3,"X"
"T05",1994,51,4,"X"
"T05",1994,51,5,"X"
"T05",1994,51,6,"X"
"T05",1994,51,7,"X"
"T05",1994,51,8,"X"
"T05",1994,51,9,"X"
"T05",1994,51,10,"X"
"T05",1994,91,1,"X"
"T05",1994,91,2,"X"
"T05",1994,91,3,"X"
"T05",1994,91,4,"X"
"T05",1994,91,5,"X"
"T05",1994,91,6,"X"
"T01",1994,603,5,"X"
"T01",1994,603,6,"X"
"T01",1994,603,7,"X"
"T01",1994,603,8,"X"
"T01",1994,603,9,"X"
"T01",1994,603,10,"X"
"T01",1994,606,1,"X"
"T01",1994,606,2,"X"
"T01",1994,606,3,"X"
"T01",1994,606,4,"X"
"T01",1994,606,5,"X"
"T01",1994,606,6,"X"
"T01",1994,606,7,"X"
"T01",1994,606,8,"X"
"T01",1994,606,9,"X"
"T01",1994,606,10,"X"
"T01",1994,607,1,"X"
"T01",1994,607,2,"X"
"T01",1994,607,3,"X"
"T01",1994,607,4,"X"
"T01",1994,607,5,"X"
"T01",1994,607,6,"X"
"T01",1994,607,7,"X"
"T01",1994,607,8,"X"
"T01",1994,607,9,"X"
"T01",1994,607,10,"X"
"T01",1994,629,1,"X"
"T01",1994,629,2,"X"
"T01",1994,629,3,"X"
"T01",1994,629,4,"X"
"T01",1994,629,5,"X"
"T01",1994,629,6,"X"
"T01",1994,629,7,"X"
"T01",1994,629,8,"X"
"T01",1994,629,9,"X"
"T01",1994,629,10,"X"
"T01",1994,745,1,"X"
"T01",1994,745,2,"X"
"T01",1994,745,3,"X"
"T01",1994,745,4,"X"
"T05",1994,128,9,"X"
"T05",1994,128,10,"X"
"T05",1994,148,1,"X"
"T05",1994,148,2,"X"
"T05",1994,148,3,"X"
"T05",1994,148,4,"X"
"T05",1994,148,5,"X"
"T05",1994,148,6,"X"
"T05",1994,148,7,"X"
"T05",1994,148,8,"X"
"T05",1994,148,9,"X"
"T05",1994,148,10,"X"
"T05",1994,196,1,"X"
"T05",1994,196,2,"X"
"T05",1994,196,3,"X"
"T05",1994,196,4,"X"
"T05",1994,196,5,"X"
"T05",1994,196,6,"X"
"T05",1994,196,7,"X"
"T05",1994,196,8,"X"
"T05",1994,196,9,"X"
"T05",1994,196,10,"X"
"T05",1994,210,1,"X"
"T05",1994,210,2,"X"
"T05",1994,210,3,"X"
"T05",1994,210,4,"X"
"T05",1994,210,5,"X"
"T05",1994,210,6,"X"
"T05",1994,210,7,"X"
"T05",1994,210,8,"X"
"T05",1994,210,9,"X"
"T05",1994,210,10,"X"
"T05",1994,256,1,"X"
"T05",1994,256,2,"X"
"T05",1994,256,3,"X"
"T05",1994,256,4,"X"
"T05",1994,256,5,"X"
"T05",1994,256,6,"X"
"T05",1994,256,7,"X"
"T05",1994,256,8,"X"
"T05",1994,256,9,"X"
"T05",1994,256,10,"X"
"T05",1994,9,1,"X"
"T05",1994,9,2,"X"
"T05",1994,9,3,"X"
"T05",1994,9,4,"X"
"T05",1994,9,5,"X"
"T05",1994,9,6,"X"
"T05",1994,9,7,"X"
"T05",1994,9,8,"X"
"T05",1994,9,9,"X"
"T05",1994,9,10,"X"
"T05",1994,26,1,"X"
"T05",1994,26,2,"X"
"T05",1994,26,3,"X"
"T05",1994,26,4,"X"
"T05",1994,26,5,"X"
"T05",1994,26,6,"X"
"T05",1994,26,7,"X"
"T05",1994,26,8,"X"
"T05",1994,26,9,"X"
"T05",1994,26,10,"X"
"T05",1994,45,1,"X"
"T05",1994,45,2,"X"
"T08",1994,168,9,"X"
"T08",1994,168,10,"X"
"T05",1994,272,1,"X"
"T05",1994,272,2,"X"
"T05",1994,272,3,"X"
"T05",1994,272,4,"X"
"T05",1994,272,5,"X"
"T05",1994,272,6,"X"
"T05",1994,272,7,"X"
"T05",1994,272,8,"X"
"T05",1994,272,9,"X"
"T05",1994,272,10,"X"
"T05",1994,289,1,"X"
"T05",1994,289,2,"X"
"T05",1994,289,3,"X"
"T05",1994,289,4,"X"
"T05",1994,289,5,"X"
"T05",1994,289,6,"X"
"T05",1994,289,7,"X"
"T05",1994,289,8,"X"
"T05",1994,289,9,"X"
"T05",1994,289,10,"X"
"T05",1994,343,1,"X"
"T05",1994,343,2,"X"
"T05",1994,343,3,"X"
"T05",1994,343,4,"X"
"T05",1994,343,5,"X"
"T05",1994,343,6,"X"
"T05",1994,343,7,"X"
"T05",1994,343,8,"X"
"T05",1994,343,9,"X"
"T05",1994,343,10,"X"
"T05",1994,344,1,"X"
"T05",1994,344,2,"X"
"T05",1994,344,3,"X"
"T05",1994,344,4,"X"
"T05",1994,344,5,"X"
"T05",1994,344,6,"X"
"T05",1994,344,7,"X"
"T05",1994,344,8,"X"
"T05",1994,344,9,"X"
"T05",1994,344,10,"X"
"T05",1994,91,7,"X"
"T05",1994,91,8,"X"
"T05",1994,91,9,"X"
"T05",1994,91,10,"X"
"T05",1994,118,1,"X"
"T05",1994,118,2,"X"
"T05",1994,118,3,"X"
"T05",1994,118,4,"X"
"T05",1994,118,5,"X"
"T05",1994,118,6,"X"
"T05",1994,118,7,"X"
"T05",1994,118,8,"X"
"T05",1994,118,9,"X"
"T05",1994,118,10,"X"
"T05",1994,128,1,"X"
"T05",1994,128,2,"X"
"T05",1994,128,3,"X"
"T05",1994,128,4,"X"
"T05",1994,128,5,"X"
"T05",1994,128,6,"X"
"T05",1994,128,7,"X"
"T05",1994,128,8,"X"
"T08",1994,327,9,"X"
"T08",1994,327,10,"X"
"T08",1994,370,1,"X"
"T08",1994,370,2,"X"
"T08",1994,370,3,"X"
"T08",1994,370,4,"X"
"T08",1994,370,5,"X"
"T08",1994,370,6,"X"
"T08",1994,370,7,"X"
"T08",1994,370,8,"X"
"T08",1994,370,9,"X"
"T08",1994,370,10,"X"
"T08",1994,416,1,"X"
"T08",1994,416,2,"X"
"T08",1994,416,3,"X"
"T08",1994,416,4,"X"
"T08",1994,32,1,"X"
"T08",1994,32,2,"X"
"T08",1994,32,3,"X"
"T08",1994,32,4,"X"
"T08",1994,32,5,"X"
"T08",1994,32,6,"X"
"T08",1994,32,7,"X"
"T08",1994,32,8,"X"
"T08",1994,32,9,"X"
"T08",1994,32,10,"X"
"T08",1994,61,1,"X"
"T08",1994,61,2,"X"
"T08",1994,61,3,"X"
"T08",1994,61,4,"X"
"T08",1994,61,5,"X"
"T08",1994,61,6,"X"
"T08",1994,61,7,"X"
"T08",1994,61,8,"X"
"T08",1994,61,9,"X"
"T08",1994,61,10,"X"
"T08",1994,72,1,"X"
"T08",1994,72,2,"X"
"T08",1994,72,3,"X"
"T08",1994,72,4,"X"
"T08",1994,72,5,"X"
"T08",1994,72,6,"X"
"T08",1994,72,7,"X"
"T08",1994,72,8,"X"
"T08",1994,72,9,"X"
"T08",1994,72,10,"X"
"T08",1994,104,1,"X"
"T08",1994,104,2,"X"
"T08",1994,104,3,"X"
"T08",1994,104,4,"X"
"T08",1994,104,5,"X"
"T08",1994,104,6,"X"
"T08",1994,104,7,"X"
"T08",1994,104,8,"X"
"T08",1994,104,9,"X"
"T08",1994,104,10,"X"
"T08",1994,168,1,"X"
"T08",1994,168,2,"X"
"T08",1994,168,3,"X"
"T08",1994,168,4,"X"
"T08",1994,168,5,"X"
"T08",1994,168,6,"X"
"T08",1994,168,7,"X"
"T08",1994,168,8,"X"
"T08",1994,416,5,"X"
"T08",1994,416,6,"X"
"T08",1994,416,7,"X"
"T08",1994,416,8,"X"
"T08",1994,416,9,"X"
"T08",1994,416,10,"X"
"T08",1994,421,1,"X"
"T08",1994,421,2,"X"
"T08",1994,421,3,"X"
"T08",1994,421,4,"X"
"T08",1994,421,5,"X"
"T08",1994,421,6,"X"
"T08",1994,421,7,"X"
"T08",1994,421,8,"X"
"T08",1994,421,9,"X"
"T08",1994,421,10,"X"
"T08",1994,173,1,"X"
"T08",1994,173,2,"X"
"T08",1994,173,3,"X"
"T08",1994,173,4,"X"
"T08",1994,173,5,"X"
"T08",1994,173,6,"X"
"T08",1994,173,7,"X"
"T08",1994,173,8,"X"
"T08",1994,173,9,"X"
"T08",1994,173,10,"X"
"T08",1994,194,1,"X"
"T08",1994,194,2,"X"
"T08",1994,194,3,"X"
"T08",1994,194,4,"X"
"T08",1994,194,5,"X"
"T08",1994,194,6,"X"
"T08",1994,194,7,"X"
"T08",1994,194,8,"X"
"T08",1994,194,9,"X"
"T08",1994,194,10,"X"
"T08",1994,218,1,"X"
"T08",1994,218,2,"X"
"T08",1994,218,3,"X"
"T08",1994,218,4,"X"
"T08",1994,218,5,"X"
"T08",1994,218,6,"X"
"T08",1994,218,7,"X"
"T08",1994,218,8,"P"
"T08",1994,218,9,"X"
"T08",1994,218,10,"P"
"T08",1994,239,1,"X"
"T08",1994,239,2,"X"
"T08",1994,239,3,"X"
"T08",1994,239,4,"X"
"T08",1994,239,5,"X"
"T08",1994,239,6,"X"
"T08",1994,239,7,"X"
"T08",1994,239,8,"X"
"T08",1994,239,9,"X"
"T08",1994,239,10,"X"
"T08",1994,327,1,"X"
"T08",1994,327,2,"X"
"T08",1994,327,3,"X"
"T08",1994,327,4,"X"
"T08",1994,327,5,"X"
"T08",1994,327,6,"X"
"T08",1994,327,7,"X"
"T08",1994,327,8,"X"
"T10",1996,888,3,"X"
"T10",1996,888,4,"X"
"T10",1996,888,5,"X"
"T10",1996,888,6,"X"
"T10",1996,888,7,"X"
"T10",1996,888,8,"X"
"T10",1996,888,9,"X"
"T10",1996,888,10,"X"
"T10",1996,999,1,"X"
"T10",1996,999,2,"X"
"T10",1996,999,3,"X"
"T10",1996,999,4,"X"
"T10",1996,999,5,"X"
"T10",1996,999,6,"X"
"T10",1996,999,7,"X"
"T10",1996,999,8,"X"
"T10",1996,999,9,"X"
"T10",1996,999,10,"X"
"T10",1996,269,9,"X"
"T10",1996,269,10,"X"
"T10",1996,287,1,"X"
"T10",1996,287,2,"X"
"T10",1996,287,3,"X"
"T10",1996,287,4,"X"
"T10",1996,287,5,"X"
"T10",1996,287,6,"X"
"T10",1996,287,7,"X"
"T10",1996,287,8,"X"
"T10",1996,287,9,"X"
"T10",1996,287,10,"X"
"T10",1996,288,1,"X"
"T10",1996,288,2,"X"
"T10",1996,288,3,"X"
"T10",1996,288,4,"X"
"T10",1996,288,5,"X"
"T10",1996,288,6,"X"
"T10",1996,288,7,"X"
"T10",1996,288,8,"X"
"T10",1996,288,9,"X"
"T10",1996,288,10,"X"
"T10",1996,444,1,"X"
"T10",1996,444,2,"X"
"T10",1996,444,3,"X"
"T10",1996,444,4,"X"
"T10",1996,444,5,"X"
"T10",1996,444,6,"X"
"T10",1996,444,7,"X"
"T10",1996,444,8,"X"
"T10",1996,444,9,"X"
"T10",1996,444,10,"X"
"T10",1996,555,1,"X"
"T10",1996,555,2,"X"
"T10",1996,555,3,"X"
"T10",1996,555,4,"X"
"T10",1996,555,5,"X"
"T10",1996,555,6,"X"
"T10",1996,555,7,"X"
"T10",1996,555,8,"X"
"T10",1996,555,9,"X"
"T10",1996,555,10,"X"
"T10",1996,666,1,"X"
"T10",1996,666,2,"X"
"T10",1996,666,3,"X"
"T10",1996,666,4,"X"
"T10",1996,666,5,"X"
"T10",1996,666,6,"X"
"T10",1996,666,7,"X"
"T10",1996,666,8,"X"
"T10",1996,666,9,"X"
"T10",1996,666,10,"X"
"T10",1996,777,1,"X"
"T10",1996,777,2,"X"
"T10",1996,777,3,"X"
"T10",1996,777,4,"X"
"T10",1996,777,5,"X"
"T10",1996,777,6,"X"
"T10",1996,777,7,"X"
"T10",1996,777,8,"X"
"T10",1996,777,9,"X"
"T10",1996,777,10,"X"
"T10",1996,888,1,"X"
"T10",1996,888,2,"X"
"T10",1996,227,5,"X"
"T10",1996,227,6,"X"
"T10",1996,227,7,"X"
"T10",1996,227,8,"X"
"T10",1996,227,9,"X"
"T10",1996,227,10,"X"
"T10",1996,237,1,"X"
"T10",1996,237,2,"X"
"T10",1996,237,3,"X"
"T10",1996,237,4,"X"
"T10",1996,237,5,"X"
"T10",1996,237,6,"X"
"T10",1996,237,7,"X"
"T10",1996,237,8,"X"
"T10",1996,237,9,"X"
"T10",1996,237,10,"X"
"T10",1996,249,1,"X"
"T10",1996,249,2,"X"
"T10",1996,249,3,"X"
"T10",1996,249,4,"X"
"T10",1996,249,5,"X"
"T10",1996,249,6,"X"
"T10",1996,249,7,"X"
"T10",1996,249,8,"X"
"T10",1996,249,9,"X"
"T10",1996,249,10,"X"
"T10",1996,256,1,"X"
"T10",1996,256,2,"X"
"T10",1996,256,3,"X"
"T10",1996,256,4,"X"
"T10",1996,256,5,"X"
"T10",1996,256,6,"X"
"T10",1996,256,7,"X"
"T10",1996,256,8,"X"
"T10",1996,256,9,"X"
"T10",1996,256,10,"X"
"T10",1996,265,1,"X"
"T10",1996,265,2,"X"
"T10",1996,265,3,"X"
"T10",1996,265,4,"X"
"T10",1996,265,5,"X"
"T10",1996,265,6,"X"
"T10",1996,265,7,"X"
"T10",1996,265,8,"X"
"T10",1996,265,9,"X"
"T10",1996,265,10,"X"
"T10",1996,267,1,"X"
"T10",1996,267,2,"X"
"T10",1996,267,3,"X"
"T10",1996,267,4,"X"
"T10",1996,267,5,"X"
"T10",1996,267,6,"X"
"T10",1996,267,7,"X"
"T10",1996,267,8,"X"
"T10",1996,267,9,"X"
"T10",1996,267,10,"X"
"T10",1996,269,1,"X"
"T10",1996,269,2,"X"
"T10",1996,269,3,"X"
"T10",1996,269,4,"X"
"T10",1996,269,5,"X"
"T10",1996,269,6,"X"
"T10",1996,269,7,"X"
"T10",1996,269,8,"X"
"T10",1996,99,1,"X"
"T10",1996,99,2,"X"
"T10",1996,99,3,"X"
"T10",1996,99,4,"X"
"T10",1996,99,5,"X"
"T10",1996,99,6,"X"
"T10",1996,99,7,"X"
"T10",1996,99,8,"X"
"T10",1996,99,9,"X"
"T10",1996,99,10,"X"
"T10",1996,147,1,"X"
"T10",1996,147,2,"X"
"T10",1996,147,3,"X"
"T10",1996,147,4,"X"
"T10",1996,147,5,"X"
"T10",1996,147,6,"X"
"T10",1996,147,7,"X"
"T10",1996,147,8,"X"
"T10",1996,147,9,"X"
"T10",1996,147,10,"X"
"T10",1996,148,1,"X"
"T10",1996,148,2,"X"
"T10",1996,148,3,"X"
"T10",1996,148,4,"X"
"T10",1996,148,5,"X"
"T10",1996,148,6,"X"
"T10",1996,148,7,"X"
"T10",1996,148,8,"X"
"T10",1996,148,9,"X"
"T10",1996,148,10,"X"
"T10",1996,162,1,"X"
"T10",1996,162,2,"X"
"T10",1996,162,3,"X"
"T10",1996,162,4,"X"
"T10",1996,162,5,"X"
"T10",1996,162,6,"X"
"T10",1996,162,7,"X"
"T10",1996,162,8,"X"
"T10",1996,162,9,"X"
"T10",1996,162,10,"X"
"T10",1996,208,1,"X"
"T10",1996,208,2,"X"
"T10",1996,208,3,"X"
"T10",1996,208,4,"X"
"T10",1996,208,5,"X"
"T10",1996,208,6,"X"
"T10",1996,208,7,"X"
"T10",1996,208,8,"X"
"T10",1996,208,9,"X"
"T10",1996,208,10,"X"
"T10",1996,219,1,"X"
"T10",1996,219,2,"X"
"T10",1996,219,3,"X"
"T10",1996,219,4,"X"
"T10",1996,219,5,"X"
"T10",1996,219,6,"X"
"T10",1996,219,7,"X"
"T10",1996,219,8,"X"
"T10",1996,219,9,"X"
"T10",1996,219,10,"X"
"T10",1996,227,1,"X"
"T10",1996,227,2,"X"
"T10",1996,227,3,"X"
"T10",1996,227,4,"X"
"T10",1996,32,7,"X"
"T10",1996,32,8,"X"
"T10",1996,32,9,"X"
"T10",1996,32,10,"X"
"T10",1996,34,1,"X"
"T10",1996,34,2,"X"
"T10",1996,34,3,"X"
"T10",1996,34,4,"X"
"T10",1996,34,5,"X"
"T10",1996,34,6,"X"
"T10",1996,34,7,"X"
"T10",1996,34,8,"X"
"T10",1996,34,9,"X"
"T10",1996,34,10,"X"
"T10",1996,47,1,"X"
"T10",1996,47,2,"X"
"T10",1996,47,3,"X"
"T10",1996,47,4,"X"
"T10",1996,47,5,"X"
"T10",1996,47,6,"X"
"T10",1996,47,7,"X"
"T10",1996,47,8,"X"
"T10",1996,47,9,"X"
"T10",1996,47,10,"X"
"T10",1996,50,1,"X"
"T10",1996,50,2,"X"
"T10",1996,50,3,"X"
"T10",1996,50,4,"X"
"T10",1996,50,5,"X"
"T10",1996,50,6,"X"
"T10",1996,50,7,"X"
"T10",1996,50,8,"X"
"T10",1996,50,9,"X"
"T10",1996,50,10,"X"
"T10",1996,55,1,"X"
"T10",1996,55,2,"X"
"T10",1996,55,3,"X"
"T10",1996,55,4,"X"
"T10",1996,55,5,"X"
"T10",1996,55,6,"X"
"T10",1996,55,7,"X"
"T10",1996,55,8,"X"
"T10",1996,55,9,"X"
"T10",1996,55,10,"X"
"T10",1996,56,1,"X"
"T10",1996,56,2,"X"
"T10",1996,56,3,"X"
"T10",1996,56,4,"X"
"T10",1996,56,5,"X"
"T10",1996,56,6,"X"
"T10",1996,56,7,"X"
"T10",1996,56,8,"X"
"T10",1996,56,9,"X"
"T10",1996,56,10,"X"
"T10",1996,74,1,"X"
"T10",1996,74,2,"X"
"T10",1996,74,3,"X"
"T10",1996,74,4,"X"
"T10",1996,74,5,"X"
"T10",1996,74,6,"X"
"T10",1996,74,7,"X"
"T10",1996,74,8,"X"
"T10",1996,74,9,"X"
"T10",1996,74,10,"X"
"T09",1996,449,3,"X"
"T09",1996,449,4,"X"
"T09",1996,449,5,"X"
"T09",1996,449,6,"X"
"T09",1996,449,7,"X"
"T09",1996,449,8,"X"
"T09",1996,449,9,"X"
"T09",1996,449,10,"X"
"T09",1996,450,1,"X"
"T09",1996,450,2,"X"
"T09",1996,450,3,"X"
"T09",1996,450,4,"X"
"T09",1996,450,5,"X"
"T09",1996,450,6,"X"
"T09",1996,450,7,"X"
"T09",1996,450,8,"X"
"T09",1996,450,9,"X"
"T09",1996,450,10,"X"
"T10",1996,3,1,"X"
"T10",1996,3,2,"X"
"T10",1996,3,3,"X"
"T10",1996,3,4,"X"
"T10",1996,3,5,"X"
"T10",1996,3,6,"X"
"T10",1996,3,7,"X"
"T10",1996,3,8,"X"
"T10",1996,3,9,"X"
"T10",1996,3,10,"X"
"T10",1996,11,1,"X"
"T10",1996,11,2,"X"
"T10",1996,11,3,"X"
"T10",1996,11,4,"X"
"T10",1996,11,5,"X"
"T10",1996,11,6,"X"
"T10",1996,11,7,"X"
"T10",1996,11,8,"X"
"T10",1996,11,9,"X"
"T10",1996,11,10,"X"
"T10",1996,14,1,"X"
"T10",1996,14,2,"X"
"T10",1996,14,3,"X"
"T10",1996,14,4,"X"
"T10",1996,14,5,"X"
"T10",1996,14,6,"X"
"T10",1996,14,7,"X"
"T10",1996,14,8,"X"
"T10",1996,14,9,"X"
"T10",1996,14,10,"X"
"T10",1996,28,1,"X"
"T10",1996,28,2,"X"
"T10",1996,28,3,"X"
"T10",1996,28,4,"X"
"T10",1996,28,5,"X"
"T10",1996,28,6,"X"
"T10",1996,28,7,"X"
"T10",1996,28,8,"X"
"T10",1996,28,9,"X"
"T10",1996,28,10,"X"
"T10",1996,32,1,"X"
"T10",1996,32,2,"X"
"T10",1996,32,3,"X"
"T10",1996,32,4,"X"
"T10",1996,32,5,"X"
"T10",1996,32,6,"X"
"T09",1996,442,9,"X"
"T09",1996,442,10,"X"
"T09",1996,443,1,"X"
"T09",1996,443,2,"X"
"T09",1996,443,3,"X"
"T09",1996,443,4,"X"
"T09",1996,443,5,"X"
"T09",1996,443,6,"X"
"T09",1996,443,7,"X"
"T09",1996,443,8,"X"
"T09",1996,443,9,"X"
"T09",1996,443,10,"X"
"T09",1996,444,1,"X"
"T09",1996,444,2,"X"
"T09",1996,444,3,"X"
"T09",1996,444,4,"X"
"T09",1996,444,5,"X"
"T09",1996,444,6,"X"
"T09",1996,444,7,"X"
"T09",1996,444,8,"X"
"T09",1996,444,9,"X"
"T09",1996,444,10,"X"
"T09",1996,445,1,"X"
"T09",1996,445,2,"X"
"T09",1996,445,3,"X"
"T09",1996,445,4,"X"
"T09",1996,445,5,"X"
"T09",1996,445,6,"X"
"T09",1996,445,7,"X"
"T09",1996,445,8,"X"
"T09",1996,445,9,"X"
"T09",1996,445,10,"X"
"T09",1996,446,1,"P"
"T09",1996,446,2,"X"
"T09",1996,446,3,"X"
"T09",1996,446,4,"X"
"T09",1996,446,5,"X"
"T09",1996,446,6,"X"
"T09",1996,446,7,"X"
"T09",1996,446,8,"X"
"T09",1996,446,9,"X"
"T09",1996,446,10,"X"
"T09",1996,447,1,"X"
"T09",1996,447,2,"X"
"T09",1996,447,3,"X"
"T09",1996,447,4,"X"
"T09",1996,447,5,"X"
"T09",1996,447,6,"X"
"T09",1996,447,7,"X"
"T09",1996,447,8,"X"
"T09",1996,447,9,"X"
"T09",1996,447,10,"X"
"T09",1996,448,1,"X"
"T09",1996,448,2,"X"
"T09",1996,448,3,"X"
"T09",1996,448,4,"X"
"T09",1996,448,5,"X"
"T09",1996,448,6,"X"
"T09",1996,448,7,"X"
"T09",1996,448,8,"X"
"T09",1996,448,9,"X"
"T09",1996,448,10,"X"
"T09",1996,449,1,"X"
"T09",1996,449,2,"X"
"T09",1996,436,5,"X"
"T09",1996,436,6,"X"
"T09",1996,436,7,"X"
"T09",1996,436,8,"X"
"T09",1996,436,9,"X"
"T09",1996,436,10,"X"
"T09",1996,437,1,"X"
"T09",1996,437,2,"X"
"T09",1996,437,3,"X"
"T09",1996,437,4,"X"
"T09",1996,437,5,"X"
"T09",1996,437,6,"D"
"T09",1996,437,7,"X"
"T09",1996,437,8,"X"
"T09",1996,437,9,"X"
"T09",1996,437,10,"X"
"T09",1996,438,1,"X"
"T09",1996,438,2,"X"
"T09",1996,438,3,"X"
"T09",1996,438,4,"X"
"T09",1996,438,5,"X"
"T09",1996,438,6,"X"
"T09",1996,438,7,"X"
"T09",1996,438,8,"X"
"T09",1996,438,9,"X"
"T09",1996,438,10,"X"
"T09",1996,439,1,"X"
"T09",1996,439,2,"X"
"T09",1996,439,3,"X"
"T09",1996,439,4,"X"
"T09",1996,439,5,"X"
"T09",1996,439,6,"X"
"T09",1996,439,7,"X"
"T09",1996,439,8,"X"
"T09",1996,439,9,"X"
"T09",1996,439,10,"X"
"T09",1996,440,1,"X"
"T09",1996,440,2,"X"
"T09",1996,440,3,"X"
"T09",1996,440,4,"X"
"T09",1996,440,5,"X"
"T09",1996,440,6,"X"
"T09",1996,440,7,"X"
"T09",1996,440,8,"X"
"T09",1996,440,9,"X"
"T09",1996,440,10,"X"
"T09",1996,441,1,"X"
"T09",1996,441,2,"X"
"T09",1996,441,3,"X"
"T09",1996,441,4,"X"
"T09",1996,441,5,"X"
"T09",1996,441,6,"X"
"T09",1996,441,7,"X"
"T09",1996,441,8,"X"
"T09",1996,441,9,"X"
"T09",1996,441,10,"X"
"T09",1996,442,1,"X"
"T09",1996,442,2,"X"
"T09",1996,442,3,"X"
"T09",1996,442,4,"X"
"T09",1996,442,5,"X"
"T09",1996,442,6,"X"
"T09",1996,442,7,"X"
"T09",1996,442,8,"X"
"T09",1996,430,1,"X"
"T09",1996,430,2,"X"
"T09",1996,430,3,"X"
"T09",1996,430,4,"X"
"T09",1996,430,5,"X"
"T09",1996,430,6,"D"
"T09",1996,430,7,"D"
"T09",1996,430,8,"X"
"T09",1996,430,9,"X"
"T09",1996,430,10,"X"
"T09",1996,431,1,"X"
"T09",1996,431,2,"X"
"T09",1996,431,3,"X"
"T09",1996,431,4,"X"
"T09",1996,431,5,"X"
"T09",1996,431,6,"X"
"T09",1996,431,7,"D"
"T09",1996,431,8,"D"
"T09",1996,431,9,"X"
"T09",1996,431,10,"X"
"T09",1996,432,1,"X"
"T09",1996,432,2,"X"
"T09",1996,432,3,"X"
"T09",1996,432,4,"X"
"T09",1996,432,5,"X"
"T09",1996,432,6,"D"
"T09",1996,432,7,"D"
"T09",1996,432,8,"X"
"T09",1996,432,9,"X"
"T09",1996,432,10,"X"
"T09",1996,433,1,"X"
"T09",1996,433,2,"X"
"T09",1996,433,3,"X"
"T09",1996,433,4,"X"
"T09",1996,433,5,"X"
"T09",1996,433,6,"X"
"T09",1996,433,7,"X"
"T09",1996,433,8,"X"
"T09",1996,433,9,"X"
"T09",1996,433,10,"X"
"T09",1996,434,1,"X"
"T09",1996,434,2,"X"
"T09",1996,434,3,"X"
"T09",1996,434,4,"X"
"T09",1996,434,5,"X"
"T09",1996,434,6,"X"
"T09",1996,434,7,"X"
"T09",1996,434,8,"X"
"T09",1996,434,9,"X"
"T09",1996,434,10,"X"
"T09",1996,435,1,"X"
"T09",1996,435,2,"X"
"T09",1996,435,3,"X"
"T09",1996,435,4,"X"
"T09",1996,435,5,"X"
"T09",1996,435,6,"X"
"T09",1996,435,7,"X"
"T09",1996,435,8,"X"
"T09",1996,435,9,"X"
"T09",1996,435,10,"X"
"T09",1996,436,1,"X"
"T09",1996,436,2,"X"
"T09",1996,436,3,"X"
"T09",1996,436,4,"X"
"T09",1996,423,7,"X"
"T09",1996,423,8,"X"
"T09",1996,423,9,"X"
"T09",1996,423,10,"X"
"T09",1996,424,1,"X"
"T09",1996,424,2,"X"
"T09",1996,424,3,"X"
"T09",1996,424,4,"X"
"T09",1996,424,5,"X"
"T09",1996,424,6,"X"
"T09",1996,424,7,"X"
"T09",1996,424,8,"X"
"T09",1996,424,9,"X"
"T09",1996,424,10,"X"
"T09",1996,425,1,"X"
"T09",1996,425,2,"X"
"T09",1996,425,3,"X"
"T09",1996,425,4,"X"
"T09",1996,425,5,"X"
"T09",1996,425,6,"X"
"T09",1996,425,7,"X"
"T09",1996,425,8,"X"
"T09",1996,425,9,"X"
"T09",1996,425,10,"X"
"T09",1996,426,1,"X"
"T09",1996,426,2,"X"
"T09",1996,426,3,"X"
"T09",1996,426,4,"X"
"T09",1996,426,5,"X"
"T09",1996,426,6,"X"
"T09",1996,426,7,"X"
"T09",1996,426,8,"X"
"T09",1996,426,9,"X"
"T09",1996,426,10,"X"
"T09",1996,427,1,"X"
"T09",1996,427,2,"X"
"T09",1996,427,3,"X"
"T09",1996,427,4,"X"
"T09",1996,427,5,"X"
"T09",1996,427,6,"X"
"T09",1996,427,7,"X"
"T09",1996,427,8,"X"
"T09",1996,427,9,"X"
"T09",1996,427,10,"X"
"T09",1996,428,1,"X"
"T09",1996,428,2,"D"
"T09",1996,428,3,"X"
"T09",1996,428,4,"X"
"T09",1996,428,5,"X"
"T09",1996,428,6,"X"
"T09",1996,428,7,"X"
"T09",1996,428,8,"X"
"T09",1996,428,9,"X"
"T09",1996,428,10,"X"
"T09",1996,429,1,"X"
"T09",1996,429,2,"X"
"T09",1996,429,3,"X"
"T09",1996,429,4,"X"
"T09",1996,429,5,"X"
"T09",1996,429,6,"X"
"T09",1996,429,7,"X"
"T09",1996,429,8,"X"
"T09",1996,429,9,"X"
"T09",1996,429,10,"X"
"T09",1996,417,3,"X"
"T09",1996,417,4,"X"
"T09",1996,417,5,"X"
"T09",1996,417,6,"X"
"T09",1996,417,7,"X"
"T09",1996,417,8,"X"
"T09",1996,417,9,"X"
"T09",1996,417,10,"X"
"T09",1996,418,1,"X"
"T09",1996,418,2,"X"
"T09",1996,418,3,"X"
"T09",1996,418,4,"X"
"T09",1996,418,5,"X"
"T09",1996,418,6,"X"
"T09",1996,418,7,"X"
"T09",1996,418,8,"X"
"T09",1996,418,9,"X"
"T09",1996,418,10,"X"
"T09",1996,419,1,"X"
"T09",1996,419,2,"X"
"T09",1996,419,3,"X"
"T09",1996,419,4,"X"
"T09",1996,419,5,"X"
"T09",1996,419,6,"X"
"T09",1996,419,7,"X"
"T09",1996,419,8,"X"
"T09",1996,419,9,"X"
"T09",1996,419,10,"X"
"T09",1996,420,1,"X"
"T09",1996,420,2,"X"
"T09",1996,420,3,"X"
"T09",1996,420,4,"X"
"T09",1996,420,5,"X"
"T09",1996,420,6,"X"
"T09",1996,420,7,"X"
"T09",1996,420,8,"X"
"T09",1996,420,9,"X"
"T09",1996,420,10,"X"
"T09",1996,421,1,"X"
"T09",1996,421,2,"X"
"T09",1996,421,3,"X"
"T09",1996,421,4,"X"
"T09",1996,421,5,"X"
"T09",1996,421,6,"X"
"T09",1996,421,7,"X"
"T09",1996,421,8,"X"
"T09",1996,421,9,"X"
"T09",1996,421,10,"X"
"T09",1996,422,1,"X"
"T09",1996,422,2,"X"
"T09",1996,422,3,"X"
"T09",1996,422,4,"X"
"T09",1996,422,5,"X"
"T09",1996,422,6,"X"
"T09",1996,422,7,"X"
"T09",1996,422,8,"X"
"T09",1996,422,9,"X"
"T09",1996,422,10,"D"
"T09",1996,423,1,"X"
"T09",1996,423,2,"X"
"T09",1996,423,3,"X"
"T09",1996,423,4,"X"
"T09",1996,423,5,"X"
"T09",1996,423,6,"X"
"T09",1996,410,9,"X"
"T09",1996,410,10,"X"
"T09",1996,411,1,"X"
"T09",1996,411,2,"X"
"T09",1996,411,3,"X"
"T09",1996,411,4,"X"
"T09",1996,411,5,"X"
"T09",1996,411,6,"X"
"T09",1996,411,7,"X"
"T09",1996,411,8,"X"
"T09",1996,411,9,"X"
"T09",1996,411,10,"X"
"T09",1996,412,1,"X"
"T09",1996,412,2,"X"
"T09",1996,412,3,"X"
"T09",1996,412,4,"X"
"T09",1996,412,5,"X"
"T09",1996,412,6,"X"
"T09",1996,412,7,"X"
"T09",1996,412,8,"X"
"T09",1996,412,9,"X"
"T09",1996,412,10,"X"
"T09",1996,413,1,"X"
"T09",1996,413,2,"X"
"T09",1996,413,3,"X"
"T09",1996,413,4,"X"
"T09",1996,413,5,"X"
"T09",1996,413,6,"X"
"T09",1996,413,7,"X"
"T09",1996,413,8,"X"
"T09",1996,413,9,"X"
"T09",1996,413,10,"X"
"T09",1996,414,1,"X"
"T09",1996,414,2,"D"
"T09",1996,414,3,"D"
"T09",1996,414,4,"X"
"T09",1996,414,5,"X"
"T09",1996,414,6,"X"
"T09",1996,414,7,"X"
"T09",1996,414,8,"X"
"T09",1996,414,9,"X"
"T09",1996,414,10,"X"
"T09",1996,415,1,"X"
"T09",1996,415,2,"X"
"T09",1996,415,3,"X"
"T09",1996,415,4,"X"
"T09",1996,415,5,"X"
"T09",1996,415,6,"X"
"T09",1996,415,7,"X"
"T09",1996,415,8,"D"
"T09",1996,415,9,"X"
"T09",1996,415,10,"X"
"T09",1996,416,1,"X"
"T09",1996,416,2,"X"
"T09",1996,416,3,"X"
"T09",1996,416,4,"X"
"T09",1996,416,5,"X"
"T09",1996,416,6,"D"
"T09",1996,416,7,"X"
"T09",1996,416,8,"X"
"T09",1996,416,9,"X"
"T09",1996,416,10,"X"
"T09",1996,417,1,"X"
"T09",1996,417,2,"X"
"T09",1996,404,5,"X"
"T09",1996,404,6,"X"
"T09",1996,404,7,"X"
"T09",1996,404,8,"X"
"T09",1996,404,9,"X"
"T09",1996,404,10,"X"
"T09",1996,405,1,"X"
"T09",1996,405,2,"X"
"T09",1996,405,3,"X"
"T09",1996,405,4,"X"
"T09",1996,405,5,"X"
"T09",1996,405,6,"X"
"T09",1996,405,7,"X"
"T09",1996,405,8,"X"
"T09",1996,405,9,"X"
"T09",1996,405,10,"X"
"T09",1996,406,1,"X"
"T09",1996,406,2,"X"
"T09",1996,406,3,"X"
"T09",1996,406,4,"X"
"T09",1996,406,5,"X"
"T09",1996,406,6,"X"
"T09",1996,406,7,"X"
"T09",1996,406,8,"X"
"T09",1996,406,9,"X"
"T09",1996,406,10,"X"
"T09",1996,407,1,"X"
"T09",1996,407,2,"X"
"T09",1996,407,3,"X"
"T09",1996,407,4,"X"
"T09",1996,407,5,"X"
"T09",1996,407,6,"X"
"T09",1996,407,7,"X"
"T09",1996,407,8,"X"
"T09",1996,407,9,"X"
"T09",1996,407,10,"X"
"T09",1996,408,1,"X"
"T09",1996,408,2,"X"
"T09",1996,408,3,"X"
"T09",1996,408,4,"X"
"T09",1996,408,5,"X"
"T09",1996,408,6,"X"
"T09",1996,408,7,"X"
"T09",1996,408,8,"X"
"T09",1996,408,9,"X"
"T09",1996,408,10,"X"
"T09",1996,409,1,"X"
"T09",1996,409,2,"X"
"T09",1996,409,3,"X"
"T09",1996,409,4,"X"
"T09",1996,409,5,"X"
"T09",1996,409,6,"X"
"T09",1996,409,7,"X"
"T09",1996,409,8,"X"
"T09",1996,409,9,"X"
"T09",1996,409,10,"X"
"T09",1996,410,1,"X"
"T09",1996,410,2,"X"
"T09",1996,410,3,"X"
"T09",1996,410,4,"X"
"T09",1996,410,5,"X"
"T09",1996,410,6,"X"
"T09",1996,410,7,"X"
"T09",1996,410,8,"X"
"T09",1996,401,1,"X"
"T09",1996,401,2,"X"
"T09",1996,401,3,"X"
"T09",1996,401,4,"X"
"T09",1996,401,5,"X"
"T09",1996,401,6,"X"
"T09",1996,401,7,"X"
"T09",1996,401,8,"X"
"T09",1996,401,9,"X"
"T09",1996,401,10,"X"
"T09",1996,402,1,"X"
"T09",1996,402,2,"X"
"T09",1996,402,3,"X"
"T09",1996,402,4,"X"
"T09",1996,402,5,"X"
"T09",1996,402,6,"X"
"T09",1996,402,7,"X"
"T09",1996,402,8,"X"
"T09",1996,402,9,"X"
"T09",1996,402,10,"X"
"T09",1996,403,1,"X"
"T09",1996,403,2,"X"
"T09",1996,403,3,"X"
"T09",1996,403,4,"X"
"T09",1996,403,5,"X"
"T09",1996,403,6,"X"
"T09",1996,403,7,"X"
"T09",1996,403,8,"X"
"T09",1996,403,9,"X"
"T09",1996,403,10,"X"
"T09",1996,404,1,"X"
"T09",1996,404,2,"X"
"T09",1996,404,3,"X"
"T09",1996,404,4,"X"
"T08",1996,416,3,"X"
"T08",1996,416,4,"X"
"T08",1996,416,5,"X"
"T08",1996,416,6,"X"
"T08",1996,416,7,"X"
"T08",1996,416,8,"X"
"T08",1996,416,9,"X"
"T08",1996,416,10,"X"
"T08",1996,421,1,"X"
"T08",1996,421,2,"X"
"T08",1996,421,3,"X"
"T08",1996,421,4,"X"
"T08",1996,421,5,"X"
"T08",1996,421,6,"X"
"T08",1996,421,7,"X"
"T08",1996,421,8,"X"
"T08",1996,421,9,"X"
"T08",1996,421,10,"X"
"T08",1996,168,9,"X"
"T08",1996,168,10,"X"
"T08",1996,173,1,"X"
"T08",1996,173,2,"X"
"T08",1996,173,3,"X"
"T08",1996,173,4,"X"
"T08",1996,173,5,"X"
"T08",1996,173,6,"X"
"T08",1996,173,7,"X"
"T08",1996,173,8,"X"
"T08",1996,173,9,"X"
"T08",1996,173,10,"X"
"T08",1996,194,1,"X"
"T08",1996,194,2,"X"
"T08",1996,194,3,"X"
"T08",1996,194,4,"X"
"T08",1996,194,5,"X"
"T08",1996,194,6,"X"
"T08",1996,194,7,"X"
"T08",1996,194,8,"X"
"T08",1996,194,9,"X"
"T08",1996,194,10,"X"
"T08",1996,218,1,"X"
"T08",1996,218,2,"X"
"T08",1996,218,3,"X"
"T08",1996,218,4,"X"
"T08",1996,218,5,"P"
"T08",1996,218,6,"X"
"T08",1996,218,7,"X"
"T08",1996,218,8,"P"
"T08",1996,218,9,"X"
"T08",1996,218,10,"X"
"T08",1996,239,1,"X"
"T08",1996,239,2,"X"
"T08",1996,239,3,"X"
"T08",1996,239,4,"X"
"T08",1996,239,5,"X"
"T08",1996,239,6,"X"
"T08",1996,239,7,"X"
"T08",1996,239,8,"P"
"T08",1996,239,9,"X"
"T08",1996,239,10,"X"
"T08",1996,327,1,"X"
"T08",1996,327,2,"X"
"T08",1996,327,3,"X"
"T08",1996,327,4,"X"
"T08",1996,327,5,"X"
"T08",1996,327,6,"X"
"T08",1996,327,7,"X"
"T08",1996,327,8,"X"
"T08",1996,327,9,"X"
"T08",1996,327,10,"X"
"T08",1996,370,1,"X"
"T08",1996,370,2,"X"
"T08",1996,370,3,"X"
"T08",1996,370,4,"X"
"T08",1996,370,5,"X"
"T08",1996,370,6,"X"
"T08",1996,370,7,"P"
"T08",1996,370,8,"X"
"T08",1996,370,9,"X"
"T08",1996,370,10,"X"
"T08",1996,416,1,"X"
"T08",1996,416,2,"X"
"T08",1996,32,1,"X"
"T08",1996,32,2,"X"
"T08",1996,32,3,"X"
"T08",1996,32,4,"X"
"T08",1996,32,5,"X"
"T08",1996,32,6,"X"
"T08",1996,32,7,"X"
"T08",1996,32,8,"X"
"T08",1996,32,9,"X"
"T08",1996,32,10,"X"
"T08",1996,61,1,"X"
"T08",1996,61,2,"P"
"T08",1996,61,3,"X"
"T08",1996,61,4,"P"
"T08",1996,61,5,"X"
"T08",1996,61,6,"X"
"T08",1996,61,7,"X"
"T08",1996,61,8,"X"
"T08",1996,61,9,"X"
"T08",1996,61,10,"X"
"T08",1996,72,1,"X"
"T08",1996,72,2,"X"
"T08",1996,72,3,"X"
"T08",1996,72,4,"X"
"T08",1996,72,5,"X"
"T08",1996,72,6,"X"
"T08",1996,72,7,"X"
"T08",1996,72,8,"X"
"T08",1996,72,9,"X"
"T08",1996,72,10,"X"
"T08",1996,104,1,"X"
"T08",1996,104,2,"X"
"T08",1996,104,3,"X"
"T08",1996,104,4,"X"
"T08",1996,104,5,"X"
"T08",1996,104,6,"X"
"T08",1996,104,7,"X"
"T08",1996,104,8,"X"
"T08",1996,104,9,"X"
"T08",1996,104,10,"X"
"T08",1996,168,1,"X"
"T08",1996,168,2,"X"
"T08",1996,168,3,"X"
"T08",1996,168,4,"X"
"T08",1996,168,5,"X"
"T08",1996,168,6,"X"
"T08",1996,168,7,"X"
"T08",1996,168,8,"X"
"T07",1996,320,5,"X"
"T07",1996,320,6,"X"
"T07",1996,320,7,"X"
"T07",1996,320,8,"X"
"T07",1996,320,9,"X"
"T07",1996,320,10,"X"
"T07",1996,436,1,"X"
"T07",1996,436,2,"X"
"T07",1996,436,3,"X"
"T07",1996,436,4,"X"
"T07",1996,436,5,"X"
"T07",1996,436,6,"X"
"T07",1996,436,7,"X"
"T07",1996,436,8,"X"
"T07",1996,436,9,"X"
"T07",1996,436,10,"X"
"T07",1996,451,1,"B"
"T07",1996,451,2,"B"
"T07",1996,451,3,"B"
"T07",1996,451,4,"B"
"T07",1996,451,5,"B"
"T07",1996,451,6,"B"
"T07",1996,451,7,"B"
"T07",1996,451,8,"B"
"T07",1996,451,9,"B"
"T07",1996,451,10,"B"
"T07",1996,156,1,"X"
"T07",1996,156,2,"X"
"T07",1996,156,3,"X"
"T07",1996,156,4,"X"
"T07",1996,156,5,"X"
"T07",1996,156,6,"X"
"T07",1996,156,7,"X"
"T07",1996,156,8,"X"
"T07",1996,156,9,"X"
"T07",1996,156,10,"X"
"T07",1996,272,1,"X"
"T07",1996,272,2,"X"
"T07",1996,272,3,"X"
"T07",1996,272,4,"X"
"T07",1996,272,5,"X"
"T07",1996,272,6,"X"
"T07",1996,272,7,"X"
"T07",1996,272,8,"X"
"T07",1996,272,9,"X"
"T07",1996,272,10,"X"
"T07",1996,277,1,"X"
"T07",1996,277,2,"X"
"T07",1996,277,3,"X"
"T07",1996,277,4,"X"
"T07",1996,277,5,"X"
"T07",1996,277,6,"X"
"T07",1996,277,7,"X"
"T07",1996,277,8,"X"
"T07",1996,277,9,"X"
"T07",1996,277,10,"X"
"T07",1996,278,1,"X"
"T07",1996,278,2,"X"
"T07",1996,278,3,"X"
"T07",1996,278,4,"X"
"T07",1996,278,5,"X"
"T07",1996,278,6,"X"
"T07",1996,278,7,"X"
"T07",1996,278,8,"X"
"T07",1996,278,9,"X"
"T07",1996,278,10,"X"
"T07",1996,305,1,"X"
"T07",1996,305,2,"X"
"T07",1996,305,3,"X"
"T07",1996,305,4,"X"
"T07",1996,305,5,"X"
"T07",1996,305,6,"X"
"T07",1996,305,7,"X"
"T07",1996,305,8,"X"
"T07",1996,305,9,"X"
"T07",1996,305,10,"X"
"T07",1996,308,1,"X"
"T07",1996,308,2,"X"
"T07",1996,308,3,"X"
"T07",1996,308,4,"X"
"T07",1996,308,5,"X"
"T07",1996,308,6,"X"
"T07",1996,308,7,"X"
"T07",1996,308,8,"X"
"T07",1996,308,9,"X"
"T07",1996,308,10,"X"
"T07",1996,320,1,"X"
"T07",1996,320,2,"X"
"T07",1996,320,3,"X"
"T07",1996,320,4,"X"
"T07",1996,6,7,"X"
"T07",1996,6,8,"X"
"T07",1996,6,9,"X"
"T07",1996,6,10,"X"
"T07",1996,30,1,"X"
"T07",1996,30,2,"X"
"T07",1996,30,3,"X"
"T07",1996,30,4,"X"
"T07",1996,30,5,"X"
"T07",1996,30,6,"X"
"T07",1996,30,7,"X"
"T07",1996,30,8,"X"
"T07",1996,30,9,"P"
"T07",1996,30,10,"X"
"T07",1996,47,1,"X"
"T07",1996,47,2,"X"
"T07",1996,47,3,"X"
"T07",1996,47,4,"X"
"T07",1996,47,5,"X"
"T07",1996,47,6,"X"
"T07",1996,47,7,"X"
"T07",1996,47,8,"X"
"T07",1996,47,9,"X"
"T07",1996,47,10,"X"
"T07",1996,59,1,"X"
"T07",1996,59,2,"X"
"T07",1996,59,3,"X"
"T07",1996,59,4,"X"
"T07",1996,59,5,"X"
"T07",1996,59,6,"X"
"T07",1996,59,7,"X"
"T07",1996,59,8,"X"
"T07",1996,59,9,"X"
"T07",1996,59,10,"X"
"T07",1996,102,1,"X"
"T07",1996,102,2,"X"
"T07",1996,102,3,"X"
"T07",1996,102,4,"X"
"T07",1996,102,5,"X"
"T07",1996,102,6,"X"
"T07",1996,102,7,"X"
"T07",1996,102,8,"X"
"T07",1996,102,9,"X"
"T07",1996,102,10,"X"
"T07",1996,151,1,"X"
"T07",1996,151,2,"X"
"T07",1996,151,3,"X"
"T07",1996,151,4,"X"
"T07",1996,151,5,"X"
"T07",1996,151,6,"X"
"T07",1996,151,7,"X"
"T07",1996,151,8,"X"
"T07",1996,151,9,"X"
"T07",1996,151,10,"X"
"T07",1996,152,1,"X"
"T07",1996,152,2,"X"
"T07",1996,152,3,"X"
"T07",1996,152,4,"X"
"T07",1996,152,5,"X"
"T07",1996,152,6,"X"
"T07",1996,152,7,"X"
"T07",1996,152,8,"X"
"T07",1996,152,9,"X"
"T07",1996,152,10,"X"
"T05",1996,334,3,"X"
"T05",1996,334,4,"X"
"T05",1996,334,5,"X"
"T05",1996,334,6,"X"
"T05",1996,334,7,"X"
"T05",1996,334,8,"X"
"T05",1996,334,9,"X"
"T05",1996,334,10,"X"
"T05",1996,336,1,"X"
"T05",1996,336,2,"X"
"T05",1996,336,3,"X"
"T05",1996,336,4,"X"
"T05",1996,336,5,"X"
"T05",1996,336,6,"X"
"T05",1996,336,7,"X"
"T05",1996,336,8,"X"
"T05",1996,336,9,"X"
"T05",1996,336,10,"X"
"T05",1996,343,1,"X"
"T05",1996,343,2,"X"
"T05",1996,343,3,"X"
"T05",1996,343,4,"X"
"T05",1996,343,5,"X"
"T05",1996,343,6,"X"
"T05",1996,343,7,"X"
"T05",1996,343,8,"X"
"T05",1996,343,9,"X"
"T05",1996,343,10,"X"
"T05",1996,344,1,"X"
"T05",1996,344,2,"X"
"T05",1996,344,3,"X"
"T05",1996,344,4,"X"
"T05",1996,344,5,"X"
"T05",1996,344,6,"X"
"T05",1996,344,7,"X"
"T05",1996,344,8,"X"
"T05",1996,344,9,"X"
"T05",1996,344,10,"X"
"T07",1996,1,1,"X"
"T07",1996,1,2,"X"
"T07",1996,1,3,"X"
"T07",1996,1,4,"X"
"T07",1996,1,5,"X"
"T07",1996,1,6,"X"
"T07",1996,1,7,"X"
"T07",1996,1,8,"X"
"T07",1996,1,9,"X"
"T07",1996,1,10,"X"
"T07",1996,2,1,"X"
"T07",1996,2,2,"X"
"T07",1996,2,3,"X"
"T07",1996,2,4,"X"
"T07",1996,2,5,"X"
"T07",1996,2,6,"X"
"T07",1996,2,7,"X"
"T07",1996,2,8,"X"
"T07",1996,2,9,"X"
"T07",1996,2,10,"X"
"T07",1996,6,1,"X"
"T07",1996,6,2,"X"
"T07",1996,6,3,"X"
"T07",1996,6,4,"X"
"T07",1996,6,5,"X"
"T07",1996,6,6,"X"
"T05",1996,256,9,"X"
"T05",1996,256,10,"X"
"T05",1996,272,1,"X"
"T05",1996,272,2,"X"
"T05",1996,272,3,"X"
"T05",1996,272,4,"X"
"T05",1996,272,5,"X"
"T05",1996,272,6,"X"
"T05",1996,272,7,"X"
"T05",1996,272,8,"X"
"T05",1996,272,9,"X"
"T05",1996,272,10,"X"
"T05",1996,289,1,"X"
"T05",1996,289,2,"X"
"T05",1996,289,3,"X"
"T05",1996,289,4,"X"
"T05",1996,289,5,"X"
"T05",1996,289,6,"X"
"T05",1996,289,7,"X"
"T05",1996,289,8,"X"
"T05",1996,289,9,"X"
"T05",1996,289,10,"X"
"T05",1996,318,1,"X"
"T05",1996,318,2,"X"
"T05",1996,318,3,"X"
"T05",1996,318,4,"X"
"T05",1996,318,5,"X"
"T05",1996,318,6,"X"
"T05",1996,318,7,"X"
"T05",1996,318,8,"X"
"T05",1996,318,9,"X"
"T05",1996,318,10,"P"
"T05",1996,323,1,"X"
"T05",1996,323,2,"X"
"T05",1996,323,3,"X"
"T05",1996,323,4,"X"
"T05",1996,323,5,"X"
"T05",1996,323,6,"X"
"T05",1996,323,7,"X"
"T05",1996,323,8,"X"
"T05",1996,323,9,"X"
"T05",1996,323,10,"X"
"T05",1996,329,1,"X"
"T05",1996,329,2,"X"
"T05",1996,329,3,"X"
"T05",1996,329,4,"X"
"T05",1996,329,5,"X"
"T05",1996,329,6,"X"
"T05",1996,329,7,"X"
"T05",1996,329,8,"X"
"T05",1996,329,9,"X"
"T05",1996,329,10,"X"
"T05",1996,332,1,"X"
"T05",1996,332,2,"X"
"T05",1996,332,3,"X"
"T05",1996,332,4,"X"
"T05",1996,332,5,"X"
"T05",1996,332,6,"X"
"T05",1996,332,7,"X"
"T05",1996,332,8,"X"
"T05",1996,332,9,"X"
"T05",1996,332,10,"X"
"T05",1996,334,1,"X"
"T05",1996,334,2,"X"
"T05",1996,45,5,"X"
"T05",1996,45,6,"X"
"T05",1996,45,7,"X"
"T05",1996,45,8,"X"
"T05",1996,45,9,"X"
"T05",1996,45,10,"X"
"T05",1996,51,1,"X"
"T05",1996,51,2,"X"
"T05",1996,51,3,"X"
"T05",1996,51,4,"X"
"T05",1996,51,5,"X"
"T05",1996,51,6,"X"
"T05",1996,51,7,"X"
"T05",1996,51,8,"X"
"T05",1996,51,9,"X"
"T05",1996,51,10,"X"
"T05",1996,91,1,"X"
"T05",1996,91,2,"X"
"T05",1996,91,3,"X"
"T05",1996,91,4,"X"
"T05",1996,91,5,"X"
"T05",1996,91,6,"X"
"T05",1996,91,7,"X"
"T05",1996,91,8,"X"
"T05",1996,91,9,"X"
"T05",1996,91,10,"X"
"T05",1996,118,1,"X"
"T05",1996,118,2,"X"
"T05",1996,118,3,"X"
"T05",1996,118,4,"X"
"T05",1996,118,5,"X"
"T05",1996,118,6,"X"
"T05",1996,118,7,"X"
"T05",1996,118,8,"X"
"T05",1996,118,9,"X"
"T05",1996,118,10,"X"
"T05",1996,148,1,"X"
"T05",1996,148,2,"X"
"T05",1996,148,3,"X"
"T05",1996,148,4,"X"
"T05",1996,148,5,"X"
"T05",1996,148,6,"X"
"T05",1996,148,7,"X"
"T05",1996,148,8,"X"
"T05",1996,148,9,"X"
"T05",1996,148,10,"X"
"T05",1996,210,1,"X"
"T05",1996,210,2,"X"
"T05",1996,210,3,"X"
"T05",1996,210,4,"X"
"T05",1996,210,5,"X"
"T05",1996,210,6,"X"
"T05",1996,210,7,"X"
"T05",1996,210,8,"X"
"T05",1996,210,9,"X"
"T05",1996,210,10,"X"
"T05",1996,256,1,"X"
"T05",1996,256,2,"X"
"T05",1996,256,3,"X"
"T05",1996,256,4,"X"
"T05",1996,256,5,"X"
"T05",1996,256,6,"X"
"T05",1996,256,7,"X"
"T05",1996,256,8,"X"
"T05",1996,9,1,"X"
"T05",1996,9,2,"X"
"T05",1996,9,3,"X"
"T05",1996,9,4,"X"
"T05",1996,9,5,"X"
"T05",1996,9,6,"X"
"T05",1996,9,7,"X"
"T05",1996,9,8,"X"
"T05",1996,9,9,"X"
"T05",1996,9,10,"X"
"T05",1996,26,1,"X"
"T05",1996,26,2,"X"
"T05",1996,26,3,"X"
"T05",1996,26,4,"X"
"T05",1996,26,5,"X"
"T05",1996,26,6,"X"
"T05",1996,26,7,"X"
"T05",1996,26,8,"X"
"T05",1996,26,9,"X"
"T05",1996,26,10,"X"
"T05",1996,45,1,"X"
"T05",1996,45,2,"X"
"T05",1996,45,3,"X"
"T05",1996,45,4,"X"
"T04",1996,800,5,"X"
"T04",1996,800,6,"X"
"T04",1996,800,7,"X"
"T04",1996,800,8,"X"
"T04",1996,800,9,"X"
"T04",1996,800,10,"X"
"T04",1996,801,1,"X"
"T04",1996,801,2,"X"
"T04",1996,801,3,"X"
"T04",1996,801,4,"X"
"T04",1996,801,5,"X"
"T04",1996,801,6,"X"
"T04",1996,801,7,"X"
"T04",1996,801,8,"X"
"T04",1996,801,9,"X"
"T04",1996,801,10,"X"
"T04",1996,501,1,"X"
"T04",1996,501,2,"X"
"T04",1996,501,3,"X"
"T04",1996,501,4,"X"
"T04",1996,501,5,"X"
"T04",1996,501,6,"X"
"T04",1996,501,7,"X"
"T04",1996,501,8,"X"
"T04",1996,501,9,"X"
"T04",1996,501,10,"X"
"T04",1996,502,1,"X"
"T04",1996,502,2,"X"
"T04",1996,502,3,"X"
"T04",1996,502,4,"X"
"T04",1996,502,5,"X"
"T04",1996,502,6,"X"
"T04",1996,502,7,"X"
"T04",1996,502,8,"X"
"T04",1996,502,9,"X"
"T04",1996,502,10,"X"
"T04",1996,505,1,"X"
"T04",1996,505,2,"X"
"T04",1996,505,3,"X"
"T04",1996,505,4,"X"
"T04",1996,505,5,"X"
"T04",1996,505,6,"X"
"T04",1996,505,7,"X"
"T04",1996,505,8,"X"
"T04",1996,505,9,"X"
"T04",1996,505,10,"X"
"T04",1996,507,1,"X"
"T04",1996,507,2,"X"
"T04",1996,507,3,"X"
"T04",1996,507,4,"X"
"T04",1996,507,5,"X"
"T04",1996,507,6,"X"
"T04",1996,507,7,"X"
"T04",1996,507,8,"X"
"T04",1996,507,9,"X"
"T04",1996,507,10,"X"
"T04",1996,509,1,"X"
"T04",1996,509,2,"X"
"T04",1996,509,3,"X"
"T04",1996,509,4,"X"
"T04",1996,509,5,"X"
"T04",1996,509,6,"X"
"T04",1996,509,7,"X"
"T04",1996,509,8,"X"
"T04",1996,509,9,"X"
"T04",1996,509,10,"X"
"T04",1996,611,1,"X"
"T04",1996,611,2,"X"
"T04",1996,611,3,"X"
"T04",1996,611,4,"X"
"T04",1996,611,5,"X"
"T04",1996,611,6,"X"
"T04",1996,611,7,"X"
"T04",1996,611,8,"X"
"T04",1996,611,9,"X"
"T04",1996,611,10,"X"
"T04",1996,800,1,"X"
"T04",1996,800,2,"X"
"T04",1996,800,3,"X"
"T04",1996,800,4,"X"
"T04",1996,428,7,"X"
"T04",1996,428,8,"X"
"T04",1996,428,9,"X"
"T04",1996,428,10,"X"
"T04",1996,429,1,"X"
"T04",1996,429,2,"X"
"T04",1996,429,3,"X"
"T04",1996,429,4,"X"
"T04",1996,429,5,"X"
"T04",1996,429,6,"X"
"T04",1996,429,7,"X"
"T04",1996,429,8,"X"
"T04",1996,429,9,"X"
"T04",1996,429,10,"X"
"T04",1996,444,1,"X"
"T04",1996,444,2,"X"
"T04",1996,444,3,"X"
"T04",1996,444,4,"X"
"T04",1996,444,5,"X"
"T04",1996,444,6,"X"
"T04",1996,444,7,"X"
"T04",1996,444,8,"X"
"T04",1996,444,9,"X"
"T04",1996,444,10,"X"
"T04",1996,449,1,"X"
"T04",1996,449,2,"X"
"T04",1996,449,3,"X"
"T04",1996,449,4,"X"
"T04",1996,449,5,"X"
"T04",1996,449,6,"X"
"T04",1996,449,7,"X"
"T04",1996,449,8,"X"
"T04",1996,449,9,"X"
"T04",1996,449,10,"X"
"T04",1996,450,1,"X"
"T04",1996,450,2,"X"
"T04",1996,450,3,"X"
"T04",1996,450,4,"X"
"T04",1996,450,5,"X"
"T04",1996,450,6,"X"
"T04",1996,450,7,"X"
"T04",1996,450,8,"X"
"T04",1996,450,9,"X"
"T04",1996,450,10,"X"
"T04",1996,454,1,"X"
"T04",1996,454,2,"X"
"T04",1996,454,3,"X"
"T04",1996,454,4,"X"
"T04",1996,454,5,"X"
"T04",1996,454,6,"X"
"T04",1996,454,7,"X"
"T04",1996,454,8,"X"
"T04",1996,454,9,"X"
"T04",1996,454,10,"X"
"T04",1996,500,1,"X"
"T04",1996,500,2,"X"
"T04",1996,500,3,"X"
"T04",1996,500,4,"X"
"T04",1996,500,5,"X"
"T04",1996,500,6,"X"
"T04",1996,500,7,"X"
"T04",1996,500,8,"X"
"T04",1996,500,9,"X"
"T04",1996,500,10,"X"
"T04",1996,396,3,"X"
"T04",1996,396,4,"X"
"T04",1996,396,5,"X"
"T04",1996,396,6,"X"
"T04",1996,396,7,"X"
"T04",1996,396,8,"X"
"T04",1996,396,9,"X"
"T04",1996,396,10,"X"
"T04",1996,399,1,"X"
"T04",1996,399,2,"X"
"T04",1996,399,3,"X"
"T04",1996,399,4,"X"
"T04",1996,399,5,"X"
"T04",1996,399,6,"X"
"T04",1996,399,7,"X"
"T04",1996,399,8,"X"
"T04",1996,399,9,"X"
"T04",1996,399,10,"X"
"T04",1996,402,1,"X"
"T04",1996,402,2,"X"
"T04",1996,402,3,"X"
"T04",1996,402,4,"X"
"T04",1996,402,5,"X"
"T04",1996,402,6,"X"
"T04",1996,402,7,"X"
"T04",1996,402,8,"X"
"T04",1996,402,9,"X"
"T04",1996,402,10,"X"
"T04",1996,404,1,"X"
"T04",1996,404,2,"X"
"T04",1996,404,3,"X"
"T04",1996,404,4,"X"
"T04",1996,404,5,"X"
"T04",1996,404,6,"X"
"T04",1996,404,7,"X"
"T04",1996,404,8,"X"
"T04",1996,404,9,"X"
"T04",1996,404,10,"X"
"T04",1996,411,1,"X"
"T04",1996,411,2,"X"
"T04",1996,411,3,"X"
"T04",1996,411,4,"X"
"T04",1996,411,5,"X"
"T04",1996,411,6,"X"
"T04",1996,411,7,"X"
"T04",1996,411,8,"X"
"T04",1996,411,9,"X"
"T04",1996,411,10,"X"
"T04",1996,419,1,"X"
"T04",1996,419,2,"X"
"T04",1996,419,3,"X"
"T04",1996,419,4,"X"
"T04",1996,419,5,"X"
"T04",1996,419,6,"X"
"T04",1996,419,7,"X"
"T04",1996,419,8,"X"
"T04",1996,419,9,"X"
"T04",1996,419,10,"X"
"T04",1996,428,1,"X"
"T04",1996,428,2,"X"
"T04",1996,428,3,"X"
"T04",1996,428,4,"X"
"T04",1996,428,5,"X"
"T04",1996,428,6,"X"
"T04",1996,307,9,"X"
"T04",1996,307,10,"X"
"T04",1996,310,1,"X"
"T04",1996,310,2,"X"
"T04",1996,310,3,"X"
"T04",1996,310,4,"X"
"T04",1996,310,5,"X"
"T04",1996,310,6,"X"
"T04",1996,310,7,"X"
"T04",1996,310,8,"X"
"T04",1996,310,9,"X"
"T04",1996,310,10,"X"
"T04",1996,326,1,"X"
"T04",1996,326,2,"X"
"T04",1996,326,3,"X"
"T04",1996,326,4,"X"
"T04",1996,326,5,"X"
"T04",1996,326,6,"X"
"T04",1996,326,7,"X"
"T04",1996,326,8,"X"
"T04",1996,326,9,"X"
"T04",1996,326,10,"X"
"T04",1996,348,1,"X"
"T04",1996,348,2,"X"
"T04",1996,348,3,"X"
"T04",1996,348,4,"X"
"T04",1996,348,5,"X"
"T04",1996,348,6,"X"
"T04",1996,348,7,"X"
"T04",1996,348,8,"X"
"T04",1996,348,9,"X"
"T04",1996,348,10,"X"
"T04",1996,371,1,"X"
"T04",1996,371,2,"X"
"T04",1996,371,3,"X"
"T04",1996,371,4,"X"
"T04",1996,371,5,"X"
"T04",1996,371,6,"X"
"T04",1996,371,7,"X"
"T04",1996,371,8,"X"
"T04",1996,371,9,"X"
"T04",1996,371,10,"X"
"T04",1996,372,1,"X"
"T04",1996,372,2,"X"
"T04",1996,372,3,"X"
"T04",1996,372,4,"X"
"T04",1996,372,5,"X"
"T04",1996,372,6,"X"
"T04",1996,372,7,"X"
"T04",1996,372,8,"X"
"T04",1996,372,9,"X"
"T04",1996,372,10,"X"
"T04",1996,390,1,"X"
"T04",1996,390,2,"X"
"T04",1996,390,3,"X"
"T04",1996,390,4,"X"
"T04",1996,390,5,"X"
"T04",1996,390,6,"X"
"T04",1996,390,7,"X"
"T04",1996,390,8,"X"
"T04",1996,390,9,"X"
"T04",1996,390,10,"X"
"T04",1996,396,1,"X"
"T04",1996,396,2,"X"
"T04",1996,184,5,"X"
"T04",1996,184,6,"X"
"T04",1996,184,7,"X"
"T04",1996,184,8,"X"
"T04",1996,184,9,"X"
"T04",1996,184,10,"X"
"T04",1996,206,1,"X"
"T04",1996,206,2,"X"
"T04",1996,206,3,"X"
"T04",1996,206,4,"X"
"T04",1996,206,5,"X"
"T04",1996,206,6,"X"
"T04",1996,206,7,"X"
"T04",1996,206,8,"X"
"T04",1996,206,9,"X"
"T04",1996,206,10,"X"
"T04",1996,226,1,"X"
"T04",1996,226,2,"X"
"T04",1996,226,3,"X"
"T04",1996,226,4,"X"
"T04",1996,226,5,"X"
"T04",1996,226,6,"X"
"T04",1996,226,7,"X"
"T04",1996,226,8,"X"
"T04",1996,226,9,"X"
"T04",1996,226,10,"X"
"T04",1996,247,1,"X"
"T04",1996,247,2,"X"
"T04",1996,247,3,"X"
"T04",1996,247,4,"X"
"T04",1996,247,5,"X"
"T04",1996,247,6,"X"
"T04",1996,247,7,"X"
"T04",1996,247,8,"X"
"T04",1996,247,9,"X"
"T04",1996,247,10,"X"
"T04",1996,251,1,"X"
"T04",1996,251,2,"X"
"T04",1996,251,3,"X"
"T04",1996,251,4,"X"
"T04",1996,251,5,"X"
"T04",1996,251,6,"X"
"T04",1996,251,7,"X"
"T04",1996,251,8,"X"
"T04",1996,251,9,"X"
"T04",1996,251,10,"X"
"T04",1996,254,1,"X"
"T04",1996,254,2,"X"
"T04",1996,254,3,"X"
"T04",1996,254,4,"X"
"T04",1996,254,5,"X"
"T04",1996,254,6,"X"
"T04",1996,254,7,"X"
"T04",1996,254,8,"X"
"T04",1996,254,9,"X"
"T04",1996,254,10,"X"
"T04",1996,307,1,"X"
"T04",1996,307,2,"X"
"T04",1996,307,3,"X"
"T04",1996,307,4,"X"
"T04",1996,307,5,"X"
"T04",1996,307,6,"X"
"T04",1996,307,7,"X"
"T04",1996,307,8,"X"
"T04",1996,21,1,"X"
"T04",1996,21,2,"X"
"T04",1996,21,3,"X"
"T04",1996,21,4,"X"
"T04",1996,21,5,"X"
"T04",1996,21,6,"X"
"T04",1996,21,7,"X"
"T04",1996,21,8,"X"
"T04",1996,21,9,"X"
"T04",1996,21,10,"X"
"T04",1996,61,1,"X"
"T04",1996,61,2,"X"
"T04",1996,61,3,"X"
"T04",1996,61,4,"X"
"T04",1996,61,5,"X"
"T04",1996,61,6,"X"
"T04",1996,61,7,"X"
"T04",1996,61,8,"X"
"T04",1996,61,9,"X"
"T04",1996,61,10,"X"
"T04",1996,71,1,"X"
"T04",1996,71,2,"X"
"T04",1996,71,3,"X"
"T04",1996,71,4,"X"
"T04",1996,71,5,"X"
"T04",1996,71,6,"X"
"T04",1996,71,7,"X"
"T04",1996,71,8,"X"
"T04",1996,71,9,"X"
"T04",1996,71,10,"X"
"T04",1996,78,1,"X"
"T04",1996,78,2,"X"
"T04",1996,78,3,"X"
"T04",1996,78,4,"X"
"T04",1996,78,5,"X"
"T04",1996,78,6,"X"
"T04",1996,78,7,"X"
"T04",1996,78,8,"X"
"T04",1996,78,9,"X"
"T04",1996,78,10,"X"
"T04",1996,138,1,"X"
"T04",1996,138,2,"X"
"T04",1996,138,3,"X"
"T04",1996,138,4,"X"
"T04",1996,138,5,"X"
"T04",1996,138,6,"X"
"T04",1996,138,7,"X"
"T04",1996,138,8,"X"
"T04",1996,138,9,"X"
"T04",1996,138,10,"X"
"T04",1996,164,1,"X"
"T04",1996,164,2,"X"
"T04",1996,164,3,"X"
"T04",1996,164,4,"X"
"T04",1996,164,5,"X"
"T04",1996,164,6,"X"
"T04",1996,164,7,"X"
"T04",1996,164,8,"X"
"T04",1996,164,9,"X"
"T04",1996,164,10,"X"
"T04",1996,184,1,"X"
"T04",1996,184,2,"X"
"T04",1996,184,3,"X"
"T04",1996,184,4,"X"
"T04",1996,1,1,"X"
"T04",1996,1,2,"X"
"T04",1996,1,3,"X"
"T04",1996,1,4,"X"
"T04",1996,1,5,"X"
"T04",1996,1,6,"X"
"T04",1996,1,7,"X"
"T04",1996,1,8,"X"
"T04",1996,1,9,"X"
"T04",1996,1,10,"X"
"T04",1996,2,1,"X"
"T04",1996,2,2,"X"
"T04",1996,2,3,"X"
"T04",1996,2,4,"X"
"T04",1996,2,5,"X"
"T04",1996,2,6,"X"
"T04",1996,2,7,"X"
"T04",1996,2,8,"X"
"T04",1996,2,9,"X"
"T04",1996,2,10,"X"
"T04",1996,13,1,"X"
"T04",1996,13,2,"X"
"T04",1996,13,3,"X"
"T04",1996,13,4,"X"
"T04",1996,13,5,"X"
"T04",1996,13,6,"X"
"T04",1996,13,7,"X"
"T04",1996,13,8,"X"
"T04",1996,13,9,"X"
"T04",1996,13,10,"X"
"T04",1996,16,1,"X"
"T04",1996,16,2,"X"
"T04",1996,16,3,"X"
"T04",1996,16,4,"X"
"T04",1996,16,5,"X"
"T04",1996,16,6,"X"
"T04",1996,16,7,"X"
"T04",1996,16,8,"X"
"T04",1996,16,9,"X"
"T04",1996,16,10,"X"
"T04",1996,19,1,"X"
"T04",1996,19,2,"X"
"T04",1996,19,3,"X"
"T04",1996,19,4,"X"
"T04",1996,19,5,"X"
"T04",1996,19,6,"X"
"T04",1996,19,7,"X"
"T04",1996,19,8,"X"
"T04",1996,19,9,"X"
"T04",1996,19,10,"X"
"T03",1996,271,5,"X"
"T03",1996,271,6,"X"
"T03",1996,271,7,"X"
"T03",1996,271,8,"X"
"T03",1996,271,9,"X"
"T03",1996,271,10,"X"
"T03",1996,311,1,"B"
"T03",1996,311,1,"D"
"T03",1996,311,2,"X"
"T03",1996,311,3,"D"
"T03",1996,311,4,"B"
"T03",1996,311,4,"D"
"T03",1996,311,5,"X"
"T03",1996,311,6,"X"
"T03",1996,311,7,"X"
"T03",1996,311,8,"X"
"T03",1996,311,9,"D"
"T03",1996,311,10,"X"
"T03",1996,351,1,"X"
"T03",1996,351,2,"X"
"T03",1996,351,3,"X"
"T03",1996,351,4,"X"
"T03",1996,351,5,"X"
"T03",1996,351,6,"X"
"T03",1996,351,7,"X"
"T03",1996,351,8,"X"
"T03",1996,351,9,"X"
"T03",1996,351,10,"X"
"T03",1996,353,1,"X"
"T03",1996,353,2,"X"
"T03",1996,353,3,"X"
"T03",1996,353,4,"X"
"T03",1996,353,5,"X"
"T03",1996,353,6,"X"
"T03",1996,353,7,"X"
"T03",1996,353,8,"X"
"T03",1996,353,9,"X"
"T03",1996,353,10,"X"
"T03",1996,57,1,"X"
"T03",1996,57,2,"D"
"T03",1996,57,3,"D"
"T03",1996,57,4,"X"
"T03",1996,57,5,"D"
"T03",1996,57,6,"X"
"T03",1996,57,7,"X"
"T03",1996,57,8,"X"
"T03",1996,57,9,"X"
"T03",1996,57,10,"X"
"T03",1996,74,1,"X"
"T03",1996,74,2,"X"
"T03",1996,74,3,"X"
"T03",1996,74,4,"X"
"T03",1996,74,5,"X"
"T03",1996,74,6,"X"
"T03",1996,74,7,"X"
"T03",1996,74,8,"X"
"T03",1996,74,9,"X"
"T03",1996,74,10,"X"
"T03",1996,75,1,"X"
"T03",1996,75,2,"X"
"T03",1996,75,3,"X"
"T03",1996,75,4,"X"
"T03",1996,75,5,"X"
"T03",1996,75,6,"X"
"T03",1996,75,7,"X"
"T03",1996,75,8,"D"
"T03",1996,75,9,"D"
"T03",1996,75,10,"D"
"T03",1996,179,1,"X"
"T03",1996,179,2,"X"
"T03",1996,179,3,"X"
"T03",1996,179,4,"X"
"T03",1996,179,5,"X"
"T03",1996,179,6,"X"
"T03",1996,179,7,"X"
"T03",1996,179,8,"X"
"T03",1996,179,9,"D"
"T03",1996,179,10,"D"
"T03",1996,198,1,"X"
"T03",1996,198,2,"X"
"T03",1996,198,3,"X"
"T03",1996,198,4,"X"
"T03",1996,198,5,"X"
"T03",1996,198,6,"X"
"T03",1996,198,7,"X"
"T03",1996,198,8,"X"
"T03",1996,198,9,"X"
"T03",1996,198,10,"X"
"T03",1996,239,1,"X"
"T03",1996,239,2,"X"
"T03",1996,239,3,"X"
"T03",1996,239,4,"X"
"T03",1996,239,5,"X"
"T03",1996,239,6,"X"
"T03",1996,239,7,"X"
"T03",1996,239,8,"X"
"T03",1996,239,9,"X"
"T03",1996,239,10,"X"
"T03",1996,271,1,"X"
"T03",1996,271,2,"X"
"T03",1996,271,3,"X"
"T03",1996,271,4,"X"
"T02",1996,438,9,"X"
"T02",1996,438,10,"X"
"T02",1996,439,1,"X"
"T02",1996,439,2,"X"
"T02",1996,439,3,"X"
"T02",1996,439,4,"X"
"T02",1996,439,5,"X"
"T02",1996,439,6,"X"
"T02",1996,439,7,"X"
"T02",1996,439,8,"X"
"T02",1996,439,9,"X"
"T02",1996,439,10,"X"
"T02",1996,440,1,"X"
"T02",1996,440,2,"X"
"T02",1996,440,3,"X"
"T02",1996,440,4,"X"
"T02",1996,440,5,"X"
"T02",1996,440,6,"X"
"T02",1996,440,7,"X"
"T02",1996,440,8,"X"
"T02",1996,440,9,"X"
"T02",1996,440,10,"X"
"T02",1996,441,1,"X"
"T02",1996,441,2,"X"
"T02",1996,441,3,"X"
"T02",1996,441,4,"X"
"T02",1996,441,5,"X"
"T02",1996,441,6,"X"
"T02",1996,441,7,"X"
"T02",1996,441,8,"X"
"T02",1996,441,9,"X"
"T02",1996,441,10,"X"
"T02",1996,442,1,"X"
"T02",1996,442,2,"X"
"T02",1996,442,3,"X"
"T02",1996,442,4,"X"
"T02",1996,442,5,"X"
"T02",1996,442,6,"X"
"T02",1996,442,7,"X"
"T02",1996,442,8,"X"
"T02",1996,442,9,"X"
"T02",1996,442,10,"X"
"T02",1996,443,1,"X"
"T02",1996,443,2,"X"
"T02",1996,443,3,"X"
"T02",1996,443,4,"X"
"T02",1996,443,5,"X"
"T02",1996,443,6,"X"
"T02",1996,443,7,"X"
"T02",1996,443,8,"X"
"T02",1996,443,9,"X"
"T02",1996,443,10,"X"
"T02",1996,424,5,"X"
"T02",1996,424,6,"X"
"T02",1996,424,7,"X"
"T02",1996,424,8,"X"
"T02",1996,424,9,"X"
"T02",1996,424,10,"X"
"T02",1996,428,1,"X"
"T02",1996,428,2,"X"
"T02",1996,428,3,"X"
"T02",1996,428,4,"X"
"T02",1996,428,5,"X"
"T02",1996,428,6,"X"
"T02",1996,428,7,"X"
"T02",1996,428,8,"X"
"T02",1996,428,9,"X"
"T02",1996,428,10,"X"
"T02",1996,434,1,"X"
"T02",1996,434,2,"X"
"T02",1996,434,3,"X"
"T02",1996,434,4,"X"
"T02",1996,434,5,"X"
"T02",1996,434,6,"X"
"T02",1996,434,7,"X"
"T02",1996,434,8,"X"
"T02",1996,434,9,"X"
"T02",1996,434,10,"X"
"T02",1996,435,1,"X"
"T02",1996,435,2,"X"
"T02",1996,435,3,"X"
"T02",1996,435,4,"X"
"T02",1996,435,5,"X"
"T02",1996,435,6,"X"
"T02",1996,435,7,"X"
"T02",1996,435,8,"X"
"T02",1996,435,9,"X"
"T02",1996,435,10,"X"
"T02",1996,436,1,"X"
"T02",1996,436,2,"X"
"T02",1996,436,3,"X"
"T02",1996,436,4,"X"
"T02",1996,436,5,"X"
"T02",1996,436,6,"X"
"T02",1996,436,7,"X"
"T02",1996,436,8,"X"
"T02",1996,436,9,"X"
"T02",1996,436,10,"X"
"T02",1996,437,1,"X"
"T02",1996,437,2,"X"
"T02",1996,437,3,"X"
"T02",1996,437,4,"X"
"T02",1996,437,5,"X"
"T02",1996,437,6,"X"
"T02",1996,437,7,"X"
"T02",1996,437,8,"X"
"T02",1996,437,9,"X"
"T02",1996,437,10,"X"
"T02",1996,438,1,"X"
"T02",1996,438,2,"X"
"T02",1996,438,3,"X"
"T02",1996,438,4,"X"
"T02",1996,438,5,"X"
"T02",1996,438,6,"X"
"T02",1996,438,7,"X"
"T02",1996,438,8,"X"
"T02",1996,384,1,"X"
"T02",1996,384,2,"X"
"T02",1996,384,3,"X"
"T02",1996,384,4,"X"
"T02",1996,384,5,"X"
"T02",1996,384,6,"X"
"T02",1996,384,7,"X"
"T02",1996,384,8,"X"
"T02",1996,384,9,"X"
"T02",1996,384,10,"X"
"T02",1996,396,1,"X"
"T02",1996,396,2,"X"
"T02",1996,396,3,"X"
"T02",1996,396,4,"X"
"T02",1996,396,5,"X"
"T02",1996,396,6,"X"
"T02",1996,396,7,"X"
"T02",1996,396,8,"X"
"T02",1996,396,9,"X"
"T02",1996,396,10,"X"
"T02",1996,424,1,"X"
"T02",1996,424,2,"X"
"T02",1996,424,3,"X"
"T02",1996,424,4,"X"
"T01",1996,606,3,"X"
"T01",1996,606,4,"X"
"T01",1996,606,5,"X"
"T01",1996,606,6,"X"
"T01",1996,606,7,"X"
"T01",1996,606,8,"X"
"T01",1996,606,9,"X"
"T01",1996,606,10,"X"
"T01",1996,607,1,"X"
"T01",1996,607,2,"X"
"T01",1996,607,3,"X"
"T01",1996,607,4,"X"
"T01",1996,607,5,"X"
"T01",1996,607,6,"X"
"T01",1996,607,7,"X"
"T01",1996,607,8,"X"
"T01",1996,607,9,"X"
"T01",1996,607,10,"X"
"T01",1996,629,1,"X"
"T01",1996,629,2,"X"
"T01",1996,629,3,"X"
"T01",1996,629,4,"X"
"T01",1996,629,5,"X"
"T01",1996,629,6,"X"
"T01",1996,629,7,"X"
"T01",1996,629,8,"X"
"T01",1996,629,9,"X"
"T01",1996,629,10,"X"
"T01",1996,745,1,"X"
"T01",1996,745,2,"X"
"T01",1996,745,3,"X"
"T01",1996,745,4,"X"
"T01",1996,745,5,"X"
"T01",1996,745,6,"X"
"T01",1996,745,7,"X"
"T01",1996,745,8,"X"
"T01",1996,745,9,"X"
"T01",1996,745,10,"X"
"T01",1996,746,1,"X"
"T01",1996,746,2,"X"
"T01",1996,746,3,"X"
"T01",1996,746,4,"X"
"T01",1996,746,5,"X"
"T01",1996,746,6,"X"
"T01",1996,746,7,"X"
"T01",1996,746,8,"X"
"T01",1996,746,9,"X"
"T01",1996,746,10,"X"
"T01",1996,135,9,"X"
"T01",1996,135,10,"X"
"T01",1996,169,1,"X"
"T01",1996,169,2,"X"
"T01",1996,169,3,"X"
"T01",1996,169,4,"X"
"T01",1996,169,5,"X"
"T01",1996,169,6,"X"
"T01",1996,169,7,"X"
"T01",1996,169,8,"X"
"T01",1996,169,9,"X"
"T01",1996,169,10,"X"
"T01",1996,393,1,"X"
"T01",1996,393,2,"X"
"T01",1996,393,3,"X"
"T01",1996,393,4,"X"
"T01",1996,393,5,"X"
"T01",1996,393,6,"X"
"T01",1996,393,7,"X"
"T01",1996,393,8,"X"
"T01",1996,393,9,"X"
"T01",1996,393,10,"X"
"T01",1996,394,1,"X"
"T01",1996,394,2,"X"
"T01",1996,394,3,"X"
"T01",1996,394,4,"X"
"T01",1996,394,5,"X"
"T01",1996,394,6,"X"
"T01",1996,394,7,"X"
"T01",1996,394,8,"X"
"T01",1996,394,9,"X"
"T01",1996,394,10,"X"
"T01",1996,427,1,"X"
"T01",1996,427,2,"X"
"T01",1996,427,3,"X"
"T01",1996,427,4,"X"
"T01",1996,427,5,"X"
"T01",1996,427,6,"X"
"T01",1996,427,7,"X"
"T01",1996,427,8,"X"
"T01",1996,427,9,"X"
"T01",1996,427,10,"X"
"T01",1996,462,1,"X"
"T01",1996,462,2,"X"
"T01",1996,462,3,"X"
"T01",1996,462,4,"X"
"T01",1996,462,5,"X"
"T01",1996,462,6,"X"
"T01",1996,462,7,"X"
"T01",1996,462,8,"X"
"T01",1996,462,9,"X"
"T01",1996,462,10,"X"
"T01",1996,603,1,"X"
"T01",1996,603,2,"X"
"T01",1996,603,3,"X"
"T01",1996,603,4,"X"
"T01",1996,603,5,"X"
"T01",1996,603,6,"X"
"T01",1996,603,7,"X"
"T01",1996,603,8,"X"
"T01",1996,603,9,"X"
"T01",1996,603,10,"X"
"T01",1996,606,1,"X"
"T01",1996,606,2,"X"
"T01",1996,135,1,"X"
"T01",1996,135,2,"X"
"T01",1996,135,3,"X"
"T01",1996,135,4,"X"
"T01",1996,135,5,"X"
"T01",1996,135,6,"X"
"T01",1996,135,7,"X"
"T01",1996,135,8,"X"
"T01",1999,394,9,"X"
"T01",1999,394,10,"X"
"T01",1999,427,1,"X"
"T01",1999,427,2,"X"
"T01",1999,427,3,"X"
"T01",1999,427,4,"X"
"T01",1999,427,5,"X"
"T01",1999,427,6,"X"
"T01",1999,427,7,"X"
"T01",1999,427,8,"X"
"T01",1999,427,9,"X"
"T01",1999,427,10,"X"
"T01",1999,462,1,"X"
"T01",1999,462,2,"X"
"T01",1999,462,3,"X"
"T01",1999,462,4,"X"
"T01",1999,462,5,"X"
"T01",1999,462,6,"X"
"T01",1999,462,7,"X"
"T01",1999,462,8,"X"
"T01",1999,462,9,"X"
"T01",1999,462,10,"X"
"T01",1999,603,1,"X"
"T01",1999,603,2,"X"
"T01",1999,603,3,"X"
"T01",1999,603,4,"X"
"T01",1999,603,5,"X"
"T01",1999,603,6,"X"
"T01",1999,603,7,"X"
"T01",1999,603,8,"X"
"T01",1999,603,9,"X"
"T01",1999,603,10,"X"
"T01",1999,606,1,"X"
"T01",1999,606,2,"X"
"T01",1999,606,3,"X"
"T01",1999,606,4,"X"
"T01",1999,606,5,"X"
"T01",1999,606,6,"X"
"T01",1999,606,7,"X"
"T01",1999,606,8,"X"
"T01",1999,606,9,"X"
"T01",1999,606,10,"X"
"T01",1999,135,1,"X"
"T01",1999,135,2,"X"
"T01",1999,135,3,"X"
"T01",1999,135,4,"X"
"T01",1999,135,5,"X"
"T01",1999,135,6,"X"
"T01",1999,135,7,"X"
"T01",1999,135,8,"X"
"T01",1999,135,9,"X"
"T01",1999,135,10,"X"
"T01",1999,169,1,"X"
"T01",1999,169,2,"X"
"T01",1999,169,3,"X"
"T01",1999,169,4,"X"
"T01",1999,169,5,"X"
"T01",1999,169,6,"X"
"T02",1999,396,1,"X"
"T02",1999,396,2,"X"
"T01",1999,607,1,"X"
"T01",1999,607,2,"X"
"T01",1999,607,3,"X"
"T01",1999,607,4,"X"
"T01",1999,607,5,"X"
"T01",1999,607,6,"X"
"T01",1999,607,7,"X"
"T01",1999,607,8,"X"
"T01",1999,607,9,"X"
"T01",1999,607,10,"X"
"T01",1999,629,1,"X"
"T01",1999,629,2,"X"
"T01",1999,629,3,"X"
"T01",1999,629,4,"X"
"T01",1999,629,5,"X"
"T01",1999,629,6,"X"
"T01",1999,629,7,"X"
"T01",1999,629,8,"X"
"T01",1999,629,9,"X"
"T01",1999,629,10,"X"
"T01",1999,745,1,"X"
"T01",1999,745,2,"X"
"T01",1999,745,3,"X"
"T01",1999,745,4,"X"
"T01",1999,745,5,"X"
"T01",1999,745,6,"X"
"T01",1999,745,7,"X"
"T01",1999,745,8,"X"
"T01",1999,745,9,"X"
"T01",1999,745,10,"X"
"T01",1999,746,1,"X"
"T01",1999,746,2,"X"
"T01",1999,746,3,"X"
"T01",1999,746,4,"X"
"T01",1999,746,5,"X"
"T01",1999,746,6,"X"
"T01",1999,746,7,"X"
"T01",1999,746,8,"X"
"T01",1999,746,9,"X"
"T01",1999,746,10,"X"
"T01",1999,169,7,"X"
"T01",1999,169,8,"X"
"T01",1999,169,9,"X"
"T01",1999,169,10,"X"
"T01",1999,393,1,"X"
"T01",1999,393,2,"X"
"T01",1999,393,3,"X"
"T01",1999,393,4,"X"
"T01",1999,393,5,"X"
"T01",1999,393,6,"X"
"T01",1999,393,7,"X"
"T01",1999,393,8,"X"
"T01",1999,393,9,"X"
"T01",1999,393,10,"X"
"T01",1999,394,1,"X"
"T01",1999,394,2,"X"
"T01",1999,394,3,"X"
"T01",1999,394,4,"X"
"T01",1999,394,5,"X"
"T01",1999,394,6,"X"
"T01",1999,394,7,"X"
"T01",1999,394,8,"X"
"T02",1999,424,3,"X"
"T02",1999,424,4,"X"
"T02",1999,424,5,"X"
"T02",1999,424,6,"X"
"T02",1999,424,7,"X"
"T02",1999,424,8,"X"
"T02",1999,424,9,"X"
"T02",1999,424,10,"X"
"T02",1999,428,1,"X"
"T02",1999,428,2,"X"
"T02",1999,428,3,"X"
"T02",1999,428,4,"X"
"T02",1999,428,5,"X"
"T02",1999,428,6,"X"
"T02",1999,428,7,"X"
"T02",1999,428,8,"X"
"T02",1999,428,9,"X"
"T02",1999,428,10,"X"
"T02",1999,434,1,"X"
"T02",1999,434,2,"X"
"T02",1999,434,3,"X"
"T02",1999,434,4,"X"
"T02",1999,434,5,"X"
"T02",1999,434,6,"X"
"T02",1999,434,7,"X"
"T02",1999,434,8,"X"
"T02",1999,434,9,"X"
"T02",1999,434,10,"X"
"T02",1999,435,1,"X"
"T02",1999,435,2,"X"
"T02",1999,435,3,"X"
"T02",1999,435,4,"X"
"T02",1999,435,5,"X"
"T02",1999,435,6,"X"
"T02",1999,435,7,"X"
"T02",1999,435,8,"X"
"T02",1999,435,9,"X"
"T02",1999,435,10,"X"
"T02",1999,436,1,"X"
"T02",1999,436,2,"X"
"T02",1999,436,3,"X"
"T02",1999,436,4,"X"
"T02",1999,436,5,"X"
"T02",1999,436,6,"X"
"T02",1999,436,7,"X"
"T02",1999,436,8,"X"
"T02",1999,436,9,"X"
"T02",1999,436,10,"X"
"T02",1999,437,1,"X"
"T02",1999,437,2,"X"
"T02",1999,437,3,"X"
"T02",1999,437,4,"X"
"T02",1999,437,5,"X"
"T02",1999,437,6,"X"
"T02",1999,384,1,"X"
"T02",1999,384,2,"X"
"T02",1999,384,3,"X"
"T02",1999,384,4,"X"
"T02",1999,384,5,"X"
"T02",1999,384,6,"X"
"T02",1999,384,7,"X"
"T02",1999,384,8,"X"
"T02",1999,384,9,"X"
"T02",1999,384,10,"X"
"T02",1999,438,7,"X"
"T02",1999,438,8,"X"
"T02",1999,438,9,"X"
"T02",1999,438,10,"X"
"T02",1999,439,1,"X"
"T02",1999,439,2,"X"
"T02",1999,439,3,"X"
"T02",1999,439,4,"X"
"T02",1999,439,5,"X"
"T02",1999,439,6,"X"
"T02",1999,439,7,"X"
"T02",1999,439,8,"X"
"T02",1999,439,9,"X"
"T02",1999,439,10,"X"
"T02",1999,440,1,"X"
"T02",1999,440,2,"X"
"T02",1999,440,3,"X"
"T02",1999,440,4,"X"
"T02",1999,440,5,"X"
"T02",1999,440,6,"X"
"T02",1999,440,7,"X"
"T02",1999,440,8,"X"
"T02",1999,440,9,"X"
"T02",1999,440,10,"X"
"T02",1999,441,1,"X"
"T02",1999,441,2,"X"
"T02",1999,441,3,"X"
"T02",1999,441,4,"X"
"T02",1999,441,5,"X"
"T02",1999,441,6,"X"
"T02",1999,441,7,"X"
"T02",1999,441,8,"X"
"T02",1999,441,9,"X"
"T02",1999,441,10,"X"
"T02",1999,442,1,"X"
"T02",1999,442,2,"X"
"T02",1999,442,3,"X"
"T02",1999,442,4,"X"
"T02",1999,442,5,"X"
"T02",1999,442,6,"X"
"T02",1999,442,7,"X"
"T02",1999,442,8,"X"
"T02",1999,442,9,"X"
"T02",1999,442,10,"X"
"T02",1999,443,1,"X"
"T02",1999,443,2,"X"
"T02",1999,443,3,"X"
"T02",1999,443,4,"X"
"T02",1999,443,5,"X"
"T02",1999,443,6,"X"
"T02",1999,443,7,"X"
"T02",1999,443,8,"X"
"T02",1999,443,9,"X"
"T02",1999,443,10,"X"
"T02",1999,396,3,"X"
"T02",1999,396,4,"X"
"T02",1999,396,5,"X"
"T02",1999,396,6,"X"
"T02",1999,396,7,"X"
"T02",1999,396,8,"X"
"T02",1999,396,9,"X"
"T02",1999,396,10,"X"
"T02",1999,424,1,"X"
"T02",1999,424,2,"X"
"T03",1999,198,3,"X"
"T03",1999,198,4,"X"
"T03",1999,198,5,"X"
"T03",1999,198,6,"X"
"T03",1999,198,7,"X"
"T03",1999,198,8,"X"
"T03",1999,198,9,"X"
"T03",1999,198,10,"X"
"T03",1999,203,1,"X"
"T03",1999,203,2,"X"
"T03",1999,203,3,"X"
"T03",1999,203,4,"X"
"T03",1999,203,5,"X"
"T03",1999,203,6,"X"
"T03",1999,203,7,"X"
"T03",1999,203,8,"X"
"T03",1999,203,9,"X"
"T03",1999,203,10,"X"
"T03",1999,204,1,"X"
"T03",1999,204,2,"X"
"T03",1999,204,3,"X"
"T03",1999,204,4,"X"
"T03",1999,204,5,"X"
"T03",1999,204,6,"X"
"T03",1999,204,7,"X"
"T03",1999,204,8,"X"
"T03",1999,204,9,"X"
"T03",1999,204,10,"X"
"T03",1999,31,1,"X"
"T03",1999,31,2,"X"
"T03",1999,31,3,"X"
"T03",1999,31,4,"X"
"T03",1999,31,5,"X"
"T03",1999,31,6,"X"
"T03",1999,31,7,"X"
"T03",1999,31,8,"X"
"T03",1999,31,9,"X"
"T03",1999,31,10,"X"
"T03",1999,52,1,"X"
"T03",1999,52,2,"X"
"T03",1999,52,3,"X"
"T03",1999,52,4,"X"
"T03",1999,52,5,"X"
"T03",1999,52,6,"X"
"T03",1999,52,7,"X"
"T03",1999,52,8,"X"
"T03",1999,52,9,"X"
"T03",1999,52,10,"X"
"T03",1999,57,1,"X"
"T03",1999,57,2,"X"
"T03",1999,57,3,"X"
"T03",1999,57,4,"X"
"T03",1999,57,5,"X"
"T03",1999,57,6,"X"
"T02",1999,437,7,"X"
"T02",1999,437,8,"X"
"T02",1999,437,9,"X"
"T02",1999,437,10,"P"
"T02",1999,438,1,"X"
"T02",1999,438,2,"X"
"T02",1999,438,3,"X"
"T02",1999,438,4,"X"
"T02",1999,438,5,"X"
"T02",1999,438,6,"X"
"T03",1999,271,7,"X"
"T03",1999,271,8,"X"
"T03",1999,271,9,"X"
"T03",1999,271,10,"X"
"T03",1999,274,1,"X"
"T03",1999,274,2,"X"
"T03",1999,274,3,"X"
"T03",1999,274,4,"X"
"T03",1999,274,5,"X"
"T03",1999,274,6,"X"
"T03",1999,274,7,"X"
"T03",1999,274,8,"X"
"T03",1999,274,9,"X"
"T03",1999,274,10,"X"
"T03",1999,277,1,"X"
"T03",1999,277,2,"X"
"T03",1999,277,3,"X"
"T03",1999,277,4,"X"
"T03",1999,277,5,"X"
"T03",1999,277,6,"X"
"T03",1999,277,7,"X"
"T03",1999,277,8,"X"
"T03",1999,277,9,"X"
"T03",1999,277,10,"X"
"T03",1999,281,1,"X"
"T03",1999,281,2,"X"
"T03",1999,281,3,"X"
"T03",1999,281,4,"X"
"T03",1999,57,7,"X"
"T03",1999,57,8,"X"
"T03",1999,57,9,"X"
"T03",1999,57,10,"X"
"T03",1999,74,1,"X"
"T03",1999,74,2,"X"
"T03",1999,74,3,"X"
"T03",1999,74,4,"X"
"T03",1999,74,5,"X"
"T03",1999,74,6,"X"
"T03",1999,74,7,"X"
"T03",1999,74,8,"X"
"T03",1999,74,9,"X"
"T03",1999,74,10,"X"
"T03",1999,75,1,"X"
"T03",1999,75,2,"X"
"T03",1999,75,3,"X"
"T03",1999,75,4,"X"
"T03",1999,75,5,"X"
"T03",1999,75,6,"X"
"T03",1999,75,7,"X"
"T03",1999,75,8,"X"
"T03",1999,75,9,"X"
"T03",1999,75,10,"X"
"T03",1999,179,1,"X"
"T03",1999,179,2,"X"
"T03",1999,179,3,"X"
"T03",1999,179,4,"X"
"T03",1999,179,5,"X"
"T03",1999,179,6,"X"
"T03",1999,179,7,"X"
"T03",1999,179,8,"X"
"T03",1999,179,9,"X"
"T03",1999,179,10,"X"
"T03",1999,198,1,"X"
"T03",1999,198,2,"X"
"T03",1999,331,9,"X"
"T03",1999,331,10,"X"
"T03",1999,333,1,"X"
"T03",1999,333,2,"X"
"T03",1999,333,3,"X"
"T03",1999,333,4,"X"
"T03",1999,333,5,"X"
"T03",1999,333,6,"X"
"T03",1999,333,7,"X"
"T03",1999,333,8,"X"
"T03",1999,333,9,"X"
"T03",1999,333,10,"X"
"T03",1999,351,1,"X"
"T03",1999,351,2,"X"
"T03",1999,351,3,"X"
"T03",1999,351,4,"X"
"T03",1999,351,5,"X"
"T03",1999,351,6,"X"
"T03",1999,351,7,"X"
"T03",1999,351,8,"X"
"T03",1999,351,9,"X"
"T03",1999,351,10,"X"
"T03",1999,353,1,"X"
"T03",1999,353,2,"X"
"T03",1999,353,3,"X"
"T03",1999,353,4,"X"
"T03",1999,353,5,"X"
"T03",1999,353,6,"X"
"T03",1999,237,1,"X"
"T03",1999,237,2,"X"
"T03",1999,237,3,"X"
"T03",1999,237,4,"X"
"T03",1999,237,5,"X"
"T03",1999,237,6,"X"
"T03",1999,237,7,"X"
"T03",1999,237,8,"X"
"T03",1999,237,9,"X"
"T03",1999,237,10,"X"
"T03",1999,239,1,"X"
"T03",1999,239,2,"X"
"T03",1999,239,3,"X"
"T03",1999,239,4,"X"
"T03",1999,239,5,"X"
"T03",1999,239,6,"X"
"T03",1999,239,7,"X"
"T03",1999,239,8,"X"
"T03",1999,239,9,"X"
"T03",1999,239,10,"X"
"T03",1999,243,1,"X"
"T03",1999,243,2,"X"
"T03",1999,243,3,"X"
"T03",1999,243,4,"X"
"T03",1999,243,5,"X"
"T03",1999,243,6,"X"
"T03",1999,243,7,"X"
"T03",1999,243,8,"X"
"T03",1999,243,9,"X"
"T03",1999,243,10,"X"
"T03",1999,271,1,"X"
"T03",1999,271,2,"X"
"T03",1999,271,3,"X"
"T03",1999,271,4,"X"
"T03",1999,271,5,"X"
"T03",1999,271,6,"X"
"T04",1999,16,5,"X"
"T04",1999,16,6,"X"
"T04",1999,16,7,"X"
"T04",1999,16,8,"X"
"T04",1999,16,9,"X"
"T04",1999,16,10,"X"
"T04",1999,19,1,"X"
"T04",1999,19,2,"X"
"T04",1999,19,3,"X"
"T04",1999,19,4,"X"
"T04",1999,19,5,"X"
"T04",1999,19,6,"X"
"T04",1999,19,7,"X"
"T04",1999,19,8,"X"
"T03",1999,353,7,"X"
"T03",1999,353,8,"X"
"T03",1999,353,9,"X"
"T03",1999,353,10,"X"
"T03",1999,370,1,"X"
"T03",1999,370,2,"X"
"T03",1999,370,3,"X"
"T03",1999,370,4,"X"
"T03",1999,370,5,"X"
"T03",1999,370,6,"X"
"T03",1999,370,7,"X"
"T03",1999,370,8,"X"
"T03",1999,370,9,"X"
"T03",1999,370,10,"X"
"T03",1999,281,5,"X"
"T03",1999,281,6,"X"
"T03",1999,281,7,"X"
"T03",1999,281,8,"X"
"T03",1999,281,9,"X"
"T03",1999,281,10,"X"
"T03",1999,294,1,"X"
"T03",1999,294,2,"X"
"T03",1999,294,3,"X"
"T03",1999,294,4,"X"
"T03",1999,294,5,"X"
"T03",1999,294,6,"X"
"T03",1999,294,7,"X"
"T03",1999,294,8,"X"
"T03",1999,294,9,"X"
"T03",1999,294,10,"X"
"T03",1999,311,1,"B"
"T03",1999,311,1,"D"
"T03",1999,311,2,"X"
"T03",1999,311,3,"D"
"T03",1999,311,4,"B"
"T03",1999,311,4,"D"
"T03",1999,311,5,"X"
"T03",1999,311,6,"X"
"T03",1999,311,7,"X"
"T03",1999,311,8,"X"
"T03",1999,311,9,"D"
"T03",1999,311,10,"X"
"T03",1999,331,1,"X"
"T03",1999,331,2,"X"
"T03",1999,331,3,"X"
"T03",1999,331,4,"X"
"T03",1999,331,5,"X"
"T03",1999,331,6,"X"
"T03",1999,331,7,"X"
"T03",1999,331,8,"X"
"T04",1999,78,3,"X"
"T04",1999,78,4,"X"
"T04",1999,78,5,"X"
"T04",1999,78,6,"X"
"T04",1999,78,7,"X"
"T04",1999,78,8,"X"
"T04",1999,78,9,"X"
"T04",1999,78,10,"X"
"T04",1999,138,1,"X"
"T04",1999,138,2,"X"
"T04",1999,138,3,"X"
"T04",1999,138,4,"X"
"T04",1999,138,5,"X"
"T04",1999,138,6,"X"
"T04",1999,138,7,"X"
"T04",1999,138,8,"X"
"T04",1999,138,9,"X"
"T04",1999,138,10,"X"
"T04",1999,164,1,"X"
"T04",1999,164,2,"X"
"T04",1999,164,3,"X"
"T04",1999,164,4,"X"
"T04",1999,164,5,"X"
"T04",1999,164,6,"X"
"T04",1999,164,7,"X"
"T04",1999,164,8,"X"
"T04",1999,164,9,"X"
"T04",1999,164,10,"X"
"T04",1999,184,1,"X"
"T04",1999,184,2,"X"
"T04",1999,1,1,"X"
"T04",1999,1,2,"X"
"T04",1999,1,3,"X"
"T04",1999,1,4,"X"
"T04",1999,1,5,"X"
"T04",1999,1,6,"X"
"T04",1999,1,7,"X"
"T04",1999,1,8,"X"
"T04",1999,1,9,"X"
"T04",1999,1,10,"X"
"T04",1999,2,1,"X"
"T04",1999,2,2,"X"
"T04",1999,2,3,"X"
"T04",1999,2,4,"X"
"T04",1999,2,5,"X"
"T04",1999,2,6,"X"
"T04",1999,2,7,"X"
"T04",1999,2,8,"X"
"T04",1999,2,9,"X"
"T04",1999,2,10,"X"
"T04",1999,13,1,"X"
"T04",1999,13,2,"X"
"T04",1999,13,3,"X"
"T04",1999,13,4,"X"
"T04",1999,13,5,"X"
"T04",1999,13,6,"X"
"T04",1999,13,7,"X"
"T04",1999,13,8,"X"
"T04",1999,13,9,"X"
"T04",1999,13,10,"X"
"T04",1999,16,1,"X"
"T04",1999,16,2,"X"
"T04",1999,16,3,"X"
"T04",1999,16,4,"X"
"T04",1999,247,7,"X"
"T04",1999,247,8,"X"
"T04",1999,247,9,"X"
"T04",1999,247,10,"X"
"T04",1999,251,1,"X"
"T04",1999,251,2,"X"
"T04",1999,251,3,"X"
"T04",1999,251,4,"X"
"T04",1999,251,5,"X"
"T04",1999,251,6,"X"
"T04",1999,251,7,"X"
"T04",1999,251,8,"X"
"T04",1999,251,9,"X"
"T04",1999,251,10,"X"
"T04",1999,254,1,"X"
"T04",1999,254,2,"X"
"T04",1999,254,3,"X"
"T04",1999,254,4,"X"
"T04",1999,254,5,"X"
"T04",1999,254,6,"X"
"T04",1999,254,7,"X"
"T04",1999,254,8,"X"
"T04",1999,254,9,"X"
"T04",1999,254,10,"X"
"T04",1999,307,1,"X"
"T04",1999,307,2,"X"
"T04",1999,307,3,"X"
"T04",1999,307,4,"X"
"T04",1999,307,5,"X"
"T04",1999,307,6,"X"
"T04",1999,19,9,"X"
"T04",1999,19,10,"X"
"T04",1999,21,1,"X"
"T04",1999,21,2,"X"
"T04",1999,21,3,"X"
"T04",1999,21,4,"X"
"T04",1999,21,5,"X"
"T04",1999,21,6,"X"
"T04",1999,21,7,"X"
"T04",1999,21,8,"X"
"T04",1999,21,9,"X"
"T04",1999,21,10,"X"
"T04",1999,61,1,"X"
"T04",1999,61,2,"X"
"T04",1999,61,3,"X"
"T04",1999,61,4,"X"
"T04",1999,61,5,"S"
"T04",1999,61,6,"X"
"T04",1999,61,7,"X"
"T04",1999,61,8,"X"
"T04",1999,61,9,"X"
"T04",1999,61,10,"X"
"T04",1999,71,1,"X"
"T04",1999,71,2,"X"
"T04",1999,71,3,"X"
"T04",1999,71,4,"X"
"T04",1999,71,5,"X"
"T04",1999,71,6,"X"
"T04",1999,71,7,"X"
"T04",1999,71,8,"X"
"T04",1999,71,9,"X"
"T04",1999,71,10,"X"
"T04",1999,78,1,"X"
"T04",1999,78,2,"X"
"T04",1999,371,1,"X"
"T04",1999,371,2,"X"
"T04",1999,371,3,"X"
"T04",1999,371,4,"X"
"T04",1999,371,5,"X"
"T04",1999,371,6,"X"
"T04",1999,371,7,"X"
"T04",1999,371,8,"X"
"T04",1999,371,9,"X"
"T04",1999,371,10,"X"
"T04",1999,372,1,"X"
"T04",1999,372,2,"X"
"T04",1999,372,3,"X"
"T04",1999,372,4,"X"
"T04",1999,372,5,"X"
"T04",1999,372,6,"X"
"T04",1999,372,7,"X"
"T04",1999,372,8,"X"
"T04",1999,372,9,"X"
"T04",1999,372,10,"X"
"T04",1999,390,1,"X"
"T04",1999,390,2,"X"
"T04",1999,390,3,"X"
"T04",1999,390,4,"X"
"T04",1999,390,5,"X"
"T04",1999,390,6,"X"
"T04",1999,390,7,"X"
"T04",1999,390,8,"X"
"T04",1999,390,9,"X"
"T04",1999,390,10,"X"
"T04",1999,184,3,"X"
"T04",1999,184,4,"X"
"T04",1999,184,5,"X"
"T04",1999,184,6,"X"
"T04",1999,184,7,"X"
"T04",1999,184,8,"X"
"T04",1999,184,9,"X"
"T04",1999,184,10,"X"
"T04",1999,206,1,"X"
"T04",1999,206,2,"X"
"T04",1999,206,3,"X"
"T04",1999,206,4,"X"
"T04",1999,206,5,"X"
"T04",1999,206,6,"X"
"T04",1999,206,7,"X"
"T04",1999,206,8,"X"
"T04",1999,206,9,"X"
"T04",1999,206,10,"X"
"T04",1999,226,1,"X"
"T04",1999,226,2,"X"
"T04",1999,226,3,"X"
"T04",1999,226,4,"X"
"T04",1999,226,5,"X"
"T04",1999,226,6,"X"
"T04",1999,226,7,"X"
"T04",1999,226,8,"X"
"T04",1999,226,9,"X"
"T04",1999,226,10,"X"
"T04",1999,247,1,"X"
"T04",1999,247,2,"X"
"T04",1999,247,3,"X"
"T04",1999,247,4,"X"
"T04",1999,247,5,"X"
"T04",1999,247,6,"X"
"T04",1999,404,5,"X"
"T04",1999,404,6,"X"
"T04",1999,404,7,"X"
"T04",1999,404,8,"X"
"T04",1999,404,9,"X"
"T04",1999,404,10,"X"
"T04",1999,411,1,"X"
"T04",1999,411,2,"X"
"T04",1999,411,3,"X"
"T04",1999,411,4,"X"
"T04",1999,411,5,"X"
"T04",1999,411,6,"X"
"T04",1999,411,7,"X"
"T04",1999,411,8,"X"
"T04",1999,411,9,"X"
"T04",1999,411,10,"X"
"T04",1999,419,1,"X"
"T04",1999,419,2,"X"
"T04",1999,419,3,"X"
"T04",1999,419,4,"X"
"T04",1999,419,5,"X"
"T04",1999,419,6,"X"
"T04",1999,419,7,"X"
"T04",1999,419,8,"X"
"T04",1999,419,9,"X"
"T04",1999,419,10,"X"
"T04",1999,428,1,"X"
"T04",1999,428,2,"X"
"T04",1999,428,3,"X"
"T04",1999,428,4,"X"
"T04",1999,307,7,"X"
"T04",1999,307,8,"X"
"T04",1999,307,9,"X"
"T04",1999,307,10,"X"
"T04",1999,310,1,"X"
"T04",1999,310,2,"X"
"T04",1999,310,3,"X"
"T04",1999,310,4,"X"
"T04",1999,310,5,"X"
"T04",1999,310,6,"X"
"T04",1999,310,7,"X"
"T04",1999,310,8,"X"
"T04",1999,310,9,"X"
"T04",1999,310,10,"X"
"T04",1999,326,1,"X"
"T04",1999,326,2,"X"
"T04",1999,326,3,"X"
"T04",1999,326,4,"X"
"T04",1999,326,5,"X"
"T04",1999,326,6,"X"
"T04",1999,326,7,"X"
"T04",1999,326,8,"X"
"T04",1999,326,9,"X"
"T04",1999,326,10,"X"
"T04",1999,348,1,"X"
"T04",1999,348,2,"X"
"T04",1999,348,3,"X"
"T04",1999,348,4,"X"
"T04",1999,348,5,"X"
"T04",1999,348,6,"X"
"T04",1999,348,7,"X"
"T04",1999,348,8,"X"
"T04",1999,348,9,"X"
"T04",1999,348,10,"X"
"T04",1999,449,9,"X"
"T04",1999,449,10,"X"
"T04",1999,450,1,"X"
"T04",1999,450,2,"X"
"T04",1999,450,3,"X"
"T04",1999,450,4,"X"
"T04",1999,450,5,"X"
"T04",1999,450,6,"X"
"T04",1999,450,7,"X"
"T04",1999,450,8,"X"
"T04",1999,450,9,"X"
"T04",1999,450,10,"X"
"T04",1999,454,1,"X"
"T04",1999,454,2,"X"
"T04",1999,454,3,"X"
"T04",1999,454,4,"X"
"T04",1999,454,5,"X"
"T04",1999,454,6,"X"
"T04",1999,454,7,"X"
"T04",1999,454,8,"X"
"T04",1999,454,9,"X"
"T04",1999,454,10,"X"
"T04",1999,500,1,"X"
"T04",1999,500,2,"X"
"T04",1999,500,3,"X"
"T04",1999,500,4,"S"
"T04",1999,500,5,"X"
"T04",1999,500,6,"X"
"T04",1999,500,7,"X"
"T04",1999,500,8,"X"
"T04",1999,396,1,"X"
"T04",1999,396,2,"X"
"T04",1999,396,3,"X"
"T04",1999,396,4,"X"
"T04",1999,396,5,"X"
"T04",1999,396,6,"X"
"T04",1999,396,7,"X"
"T04",1999,396,8,"X"
"T04",1999,396,9,"X"
"T04",1999,396,10,"X"
"T04",1999,399,1,"X"
"T04",1999,399,2,"X"
"T04",1999,399,3,"X"
"T04",1999,399,4,"X"
"T04",1999,399,5,"X"
"T04",1999,399,6,"X"
"T04",1999,399,7,"X"
"T04",1999,399,8,"X"
"T04",1999,399,9,"X"
"T04",1999,399,10,"X"
"T04",1999,402,1,"X"
"T04",1999,402,2,"X"
"T04",1999,402,3,"X"
"T04",1999,402,4,"X"
"T04",1999,402,5,"X"
"T04",1999,402,6,"X"
"T04",1999,402,7,"X"
"T04",1999,402,8,"X"
"T04",1999,402,9,"X"
"T04",1999,402,10,"X"
"T04",1999,404,1,"X"
"T04",1999,404,2,"X"
"T04",1999,404,3,"X"
"T04",1999,404,4,"X"
"T04",1999,507,3,"X"
"T04",1999,507,4,"X"
"T04",1999,507,5,"X"
"T04",1999,507,6,"X"
"T04",1999,507,7,"X"
"T04",1999,507,8,"X"
"T04",1999,507,9,"X"
"T04",1999,507,10,"X"
"T04",1999,509,1,"X"
"T04",1999,509,2,"X"
"T04",1999,509,3,"X"
"T04",1999,509,4,"X"
"T04",1999,509,5,"X"
"T04",1999,509,6,"X"
"T04",1999,509,7,"X"
"T04",1999,509,8,"X"
"T04",1999,509,9,"X"
"T04",1999,509,10,"X"
"T04",1999,611,1,"X"
"T04",1999,611,2,"X"
"T04",1999,611,3,"X"
"T04",1999,611,4,"X"
"T04",1999,611,5,"X"
"T04",1999,611,6,"X"
"T04",1999,611,7,"X"
"T04",1999,611,8,"X"
"T04",1999,611,9,"X"
"T04",1999,611,10,"X"
"T04",1999,800,1,"X"
"T04",1999,800,2,"X"
"T04",1999,428,5,"X"
"T04",1999,428,6,"X"
"T04",1999,428,7,"X"
"T04",1999,428,8,"X"
"T04",1999,428,9,"X"
"T04",1999,428,10,"X"
"T04",1999,429,1,"X"
"T04",1999,429,2,"X"
"T04",1999,429,3,"X"
"T04",1999,429,4,"X"
"T04",1999,429,5,"X"
"T04",1999,429,6,"X"
"T04",1999,429,7,"X"
"T04",1999,429,8,"X"
"T04",1999,429,9,"X"
"T04",1999,429,10,"X"
"T04",1999,444,1,"X"
"T04",1999,444,2,"X"
"T04",1999,444,3,"X"
"T04",1999,444,4,"X"
"T04",1999,444,5,"X"
"T04",1999,444,6,"X"
"T04",1999,444,7,"X"
"T04",1999,444,8,"X"
"T04",1999,444,9,"X"
"T04",1999,444,10,"X"
"T04",1999,449,1,"X"
"T04",1999,449,2,"X"
"T04",1999,449,3,"X"
"T04",1999,449,4,"X"
"T04",1999,449,5,"X"
"T04",1999,449,6,"X"
"T04",1999,449,7,"X"
"T04",1999,449,8,"X"
"T07",1999,6,7,"X"
"T07",1999,6,8,"X"
"T07",1999,6,9,"X"
"T07",1999,6,10,"X"
"T07",1999,30,1,"X"
"T07",1999,30,2,"X"
"T07",1999,30,3,"X"
"T07",1999,30,4,"X"
"T07",1999,30,5,"X"
"T07",1999,30,6,"X"
"T07",1999,30,7,"X"
"T07",1999,30,8,"X"
"T04",1999,800,3,"X"
"T04",1999,800,4,"X"
"T04",1999,800,5,"X"
"T04",1999,800,6,"X"
"T04",1999,800,7,"X"
"T04",1999,800,8,"X"
"T04",1999,800,9,"X"
"T04",1999,800,10,"X"
"T04",1999,801,1,"X"
"T04",1999,801,2,"X"
"T04",1999,801,3,"X"
"T04",1999,801,4,"X"
"T04",1999,801,5,"X"
"T04",1999,801,6,"X"
"T04",1999,801,7,"X"
"T04",1999,801,8,"X"
"T04",1999,801,9,"X"
"T04",1999,801,10,"X"
"T04",1999,500,9,"S"
"T04",1999,500,10,"X"
"T04",1999,501,1,"X"
"T04",1999,501,2,"X"
"T04",1999,501,3,"X"
"T04",1999,501,4,"X"
"T04",1999,501,5,"X"
"T04",1999,501,6,"X"
"T04",1999,501,7,"X"
"T04",1999,501,8,"X"
"T04",1999,501,9,"X"
"T04",1999,501,10,"X"
"T04",1999,502,1,"X"
"T04",1999,502,2,"X"
"T04",1999,502,3,"X"
"T04",1999,502,4,"X"
"T04",1999,502,5,"X"
"T04",1999,502,6,"X"
"T04",1999,502,7,"X"
"T04",1999,502,8,"X"
"T04",1999,502,9,"X"
"T04",1999,502,10,"X"
"T04",1999,505,1,"X"
"T04",1999,505,2,"X"
"T04",1999,505,3,"X"
"T04",1999,505,4,"X"
"T04",1999,505,5,"X"
"T04",1999,505,6,"X"
"T04",1999,505,7,"X"
"T04",1999,505,8,"S"
"T04",1999,505,9,"X"
"T04",1999,505,10,"X"
"T04",1999,507,1,"X"
"T04",1999,507,2,"X"
"T07",1999,102,5,"X"
"T07",1999,102,6,"X"
"T07",1999,102,7,"X"
"T07",1999,102,8,"X"
"T07",1999,102,9,"X"
"T07",1999,102,10,"X"
"T07",1999,151,1,"X"
"T07",1999,151,2,"X"
"T07",1999,151,3,"X"
"T07",1999,151,4,"X"
"T07",1999,151,5,"X"
"T07",1999,151,6,"X"
"T07",1999,151,7,"X"
"T07",1999,151,8,"X"
"T07",1999,151,9,"X"
"T07",1999,151,10,"X"
"T07",1999,152,1,"X"
"T07",1999,152,2,"X"
"T07",1999,152,3,"X"
"T07",1999,152,4,"X"
"T07",1999,152,5,"X"
"T07",1999,152,6,"X"
"T07",1999,152,7,"X"
"T07",1999,152,8,"X"
"T07",1999,152,9,"X"
"T07",1999,152,10,"X"
"T07",1999,156,1,"X"
"T07",1999,156,2,"X"
"T07",1999,156,3,"X"
"T07",1999,156,4,"X"
"T07",1999,156,5,"X"
"T07",1999,156,6,"X"
"T07",1999,156,7,"X"
"T07",1999,156,8,"X"
"T07",1999,156,9,"X"
"T07",1999,156,10,"X"
"T07",1999,272,1,"X"
"T07",1999,272,2,"X"
"T07",1999,1,1,"X"
"T07",1999,1,2,"X"
"T07",1999,1,3,"X"
"T07",1999,1,4,"X"
"T07",1999,1,5,"X"
"T07",1999,1,6,"X"
"T07",1999,1,7,"X"
"T07",1999,1,8,"X"
"T07",1999,1,9,"X"
"T07",1999,1,10,"X"
"T07",1999,2,1,"X"
"T07",1999,2,2,"X"
"T07",1999,2,3,"X"
"T07",1999,2,4,"X"
"T07",1999,2,5,"X"
"T07",1999,2,6,"X"
"T07",1999,2,7,"X"
"T07",1999,2,8,"X"
"T07",1999,2,9,"X"
"T07",1999,2,10,"X"
"T07",1999,6,1,"X"
"T07",1999,6,2,"X"
"T07",1999,6,3,"X"
"T07",1999,6,4,"X"
"T07",1999,6,5,"X"
"T07",1999,6,6,"X"
"T07",1999,278,9,"X"
"T07",1999,278,10,"X"
"T07",1999,305,1,"X"
"T07",1999,305,2,"X"
"T07",1999,305,3,"X"
"T07",1999,305,4,"X"
"T07",1999,305,5,"X"
"T07",1999,305,6,"X"
"T07",1999,305,7,"X"
"T07",1999,305,8,"X"
"T07",1999,305,9,"X"
"T07",1999,305,10,"X"
"T07",1999,308,1,"X"
"T07",1999,308,2,"X"
"T07",1999,308,3,"X"
"T07",1999,308,4,"X"
"T07",1999,308,5,"X"
"T07",1999,308,6,"X"
"T07",1999,308,7,"X"
"T07",1999,308,8,"X"
"T07",1999,308,9,"X"
"T07",1999,308,10,"X"
"T07",1999,320,1,"X"
"T07",1999,320,2,"X"
"T07",1999,320,3,"X"
"T07",1999,320,4,"X"
"T07",1999,320,5,"X"
"T07",1999,320,6,"X"
"T07",1999,320,7,"X"
"T07",1999,320,8,"X"
"T07",1999,320,9,"X"
"T07",1999,320,10,"X"
"T07",1999,436,1,"X"
"T07",1999,436,2,"X"
"T07",1999,436,3,"X"
"T07",1999,436,4,"X"
"T07",1999,436,5,"X"
"T07",1999,436,6,"X"
"T07",1999,30,9,"P"
"T07",1999,30,10,"X"
"T07",1999,47,1,"X"
"T07",1999,47,2,"X"
"T07",1999,47,3,"X"
"T07",1999,47,4,"X"
"T07",1999,47,5,"X"
"T07",1999,47,6,"X"
"T07",1999,47,7,"X"
"T07",1999,47,8,"X"
"T07",1999,47,9,"X"
"T07",1999,47,10,"X"
"T07",1999,59,1,"X"
"T07",1999,59,2,"X"
"T07",1999,59,3,"X"
"T07",1999,59,4,"X"
"T07",1999,59,5,"X"
"T07",1999,59,6,"X"
"T07",1999,59,7,"X"
"T07",1999,59,8,"X"
"T07",1999,59,9,"X"
"T07",1999,59,10,"X"
"T07",1999,102,1,"X"
"T07",1999,102,2,"X"
"T07",1999,102,3,"X"
"T07",1999,102,4,"X"
"T08",1999,72,3,"X"
"T08",1999,72,4,"X"
"T08",1999,72,5,"X"
"T08",1999,72,6,"X"
"T08",1999,72,7,"X"
"T08",1999,72,8,"X"
"T08",1999,72,9,"X"
"T08",1999,72,10,"X"
"T08",1999,104,1,"X"
"T08",1999,104,2,"X"
"T08",1999,104,3,"X"
"T08",1999,104,4,"X"
"T08",1999,104,5,"X"
"T08",1999,104,6,"X"
"T08",1999,104,7,"X"
"T08",1999,104,8,"X"
"T08",1999,104,9,"X"
"T08",1999,104,10,"X"
"T08",1999,173,1,"X"
"T08",1999,173,2,"X"
"T08",1999,173,3,"X"
"T08",1999,173,4,"X"
"T08",1999,173,5,"X"
"T08",1999,173,6,"X"
"T07",1999,436,7,"X"
"T07",1999,436,8,"X"
"T07",1999,436,9,"X"
"T07",1999,436,10,"X"
"T07",1999,451,1,"B"
"T07",1999,451,2,"B"
"T07",1999,451,3,"B"
"T07",1999,451,4,"B"
"T07",1999,451,5,"B"
"T07",1999,451,6,"B"
"T07",1999,451,7,"B"
"T07",1999,451,8,"B"
"T07",1999,451,9,"B"
"T07",1999,451,10,"B"
"T07",1999,272,3,"X"
"T07",1999,272,4,"X"
"T07",1999,272,5,"X"
"T07",1999,272,6,"X"
"T07",1999,272,7,"X"
"T07",1999,272,8,"X"
"T07",1999,272,9,"X"
"T07",1999,272,10,"X"
"T07",1999,277,1,"X"
"T07",1999,277,2,"X"
"T07",1999,277,3,"X"
"T07",1999,277,4,"X"
"T07",1999,277,5,"X"
"T07",1999,277,6,"X"
"T07",1999,277,7,"X"
"T07",1999,277,8,"X"
"T07",1999,277,9,"X"
"T07",1999,277,10,"X"
"T07",1999,278,1,"X"
"T07",1999,278,2,"X"
"T07",1999,278,3,"X"
"T07",1999,278,4,"X"
"T07",1999,278,5,"X"
"T07",1999,278,6,"X"
"T07",1999,278,7,"X"
"T07",1999,278,8,"X"
"T08",1999,218,9,"X"
"T08",1999,218,10,"X"
"T08",1999,239,1,"X"
"T08",1999,239,2,"X"
"T08",1999,239,3,"X"
"T08",1999,239,4,"X"
"T08",1999,239,5,"X"
"T08",1999,239,6,"X"
"T08",1999,239,7,"X"
"T08",1999,239,8,"X"
"T08",1999,239,9,"X"
"T08",1999,239,10,"X"
"T08",1999,327,1,"X"
"T08",1999,327,2,"X"
"T08",1999,327,3,"X"
"T08",1999,327,4,"X"
"T08",1999,327,5,"X"
"T08",1999,327,6,"X"
"T08",1999,327,7,"X"
"T08",1999,327,8,"X"
"T08",1999,327,9,"X"
"T08",1999,327,10,"X"
"T08",1999,370,1,"X"
"T08",1999,370,2,"X"
"T08",1999,370,3,"X"
"T08",1999,370,4,"X"
"T08",1999,370,5,"X"
"T08",1999,370,6,"X"
"T08",1999,370,7,"X"
"T08",1999,370,8,"X"
"T08",1999,370,9,"X"
"T08",1999,370,10,"X"
"T08",1999,401,1,"X"
"T08",1999,401,2,"X"
"T08",1999,401,3,"X"
"T08",1999,401,4,"X"
"T08",1999,401,5,"X"
"T08",1999,401,6,"X"
"T08",1999,401,7,"X"
"T08",1999,401,8,"X"
"T08",1999,401,9,"X"
"T08",1999,401,10,"X"
"T08",1999,32,1,"X"
"T08",1999,32,2,"X"
"T08",1999,32,3,"X"
"T08",1999,32,4,"X"
"T08",1999,32,5,"X"
"T08",1999,32,6,"X"
"T08",1999,32,7,"X"
"T08",1999,32,8,"X"
"T08",1999,32,9,"X"
"T08",1999,32,10,"X"
"T08",1999,61,1,"X"
"T08",1999,61,2,"X"
"T08",1999,61,3,"X"
"T08",1999,61,4,"X"
"T08",1999,61,5,"X"
"T08",1999,61,6,"X"
"T08",1999,61,7,"X"
"T08",1999,61,8,"X"
"T08",1999,61,9,"X"
"T08",1999,61,10,"X"
"T08",1999,72,1,"X"
"T08",1999,72,2,"X"
"T11",1999,904,5,"X"
"T11",1999,904,6,"X"
"T11",1999,904,7,"X"
"T11",1999,904,8,"X"
"T11",1999,904,9,"X"
"T11",1999,904,10,"X"
"T11",1999,905,1,"X"
"T11",1999,905,2,"X"
"T11",1999,905,3,"X"
"T11",1999,905,4,"X"
"T11",1999,905,5,"X"
"T11",1999,905,6,"X"
"T08",1999,416,1,"X"
"T08",1999,416,2,"X"
"T08",1999,416,3,"X"
"T08",1999,416,4,"X"
"T08",1999,416,5,"X"
"T08",1999,416,6,"X"
"T08",1999,416,7,"X"
"T08",1999,416,8,"X"
"T08",1999,416,9,"X"
"T08",1999,416,10,"X"
"T08",1999,420,1,"X"
"T08",1999,420,2,"X"
"T08",1999,420,3,"X"
"T08",1999,420,4,"X"
"T08",1999,420,5,"X"
"T08",1999,420,6,"X"
"T08",1999,420,7,"X"
"T08",1999,420,8,"X"
"T08",1999,420,9,"X"
"T08",1999,420,10,"X"
"T08",1999,421,1,"X"
"T08",1999,421,2,"X"
"T08",1999,421,3,"X"
"T08",1999,421,4,"X"
"T08",1999,421,5,"X"
"T08",1999,421,6,"X"
"T08",1999,421,7,"X"
"T08",1999,421,8,"X"
"T08",1999,421,9,"X"
"T08",1999,421,10,"X"
"T08",1999,173,7,"X"
"T08",1999,173,8,"X"
"T08",1999,173,9,"X"
"T08",1999,173,10,"X"
"T08",1999,194,1,"X"
"T08",1999,194,2,"X"
"T08",1999,194,3,"X"
"T08",1999,194,4,"X"
"T08",1999,194,5,"X"
"T08",1999,194,6,"X"
"T08",1999,194,7,"X"
"T08",1999,194,8,"X"
"T08",1999,194,9,"X"
"T08",1999,194,10,"X"
"T08",1999,218,1,"X"
"T08",1999,218,2,"X"
"T08",1999,218,3,"X"
"T08",1999,218,4,"X"
"T08",1999,218,5,"X"
"T08",1999,218,6,"X"
"T08",1999,218,7,"X"
"T08",1999,218,8,"X"
"T11",1999,909,1,"X"
"T11",1999,909,2,"X"
"T11",1999,909,3,"X"
"T11",1999,909,4,"X"
"T11",1999,909,5,"X"
"T11",1999,909,6,"X"
"T11",1999,909,7,"X"
"T11",1999,909,8,"X"
"T11",1999,909,9,"X"
"T11",1999,909,10,"X"
"T11",1999,910,1,"X"
"T11",1999,910,2,"X"
"T11",1999,910,3,"X"
"T11",1999,910,4,"X"
"T11",1999,910,5,"X"
"T11",1999,910,6,"X"
"T11",1999,910,7,"X"
"T11",1999,910,8,"X"
"T11",1999,910,9,"X"
"T11",1999,910,10,"X"
"T11",1999,911,1,"X"
"T11",1999,911,2,"X"
"T11",1999,911,3,"X"
"T11",1999,911,4,"X"
"T11",1999,911,5,"X"
"T11",1999,911,6,"X"
"T11",1999,911,7,"X"
"T11",1999,911,8,"X"
"T11",1999,911,9,"X"
"T11",1999,911,10,"X"
"T11",1999,901,1,"X"
"T11",1999,901,2,"X"
"T11",1999,901,3,"X"
"T11",1999,901,4,"X"
"T11",1999,901,5,"X"
"T11",1999,901,6,"X"
"T11",1999,901,7,"X"
"T11",1999,901,8,"X"
"T11",1999,901,9,"X"
"T11",1999,901,10,"X"
"T11",1999,902,1,"X"
"T11",1999,902,2,"X"
"T11",1999,902,3,"X"
"T11",1999,902,4,"X"
"T11",1999,902,5,"X"
"T11",1999,902,6,"X"
"T11",1999,902,7,"X"
"T11",1999,902,8,"X"
"T11",1999,902,9,"X"
"T11",1999,902,10,"X"
"T11",1999,903,1,"X"
"T11",1999,903,2,"X"
"T11",1999,903,3,"X"
"T11",1999,903,4,"X"
"T11",1999,903,5,"X"
"T11",1999,903,6,"X"
"T11",1999,903,7,"X"
"T11",1999,903,8,"X"
"T11",1999,903,9,"X"
"T11",1999,903,10,"X"
"T11",1999,904,1,"X"
"T11",1999,904,2,"X"
"T11",1999,904,3,"X"
"T11",1999,904,4,"X"
"T11",1999,912,1,"X"
"T11",1999,912,2,"X"
"T11",1999,912,3,"X"
"T11",1999,912,4,"X"
"T11",1999,912,5,"X"
"T11",1999,912,6,"X"
"T11",1999,912,7,"X"
"T11",1999,912,8,"X"
"T11",1999,912,9,"X"
"T11",1999,912,10,"X"
"T11",1999,913,1,"X"
"T11",1999,913,2,"X"
"T11",1999,913,3,"X"
"T11",1999,913,4,"X"
"T11",1999,913,5,"X"
"T11",1999,913,6,"X"
"T11",1999,913,7,"X"
"T11",1999,913,8,"X"
"T11",1999,913,9,"X"
"T11",1999,913,10,"X"
"T11",1999,914,1,"X"
"T11",1999,914,2,"X"
"T11",1999,914,3,"X"
"T11",1999,914,4,"X"
"T11",1999,914,5,"X"
"T11",1999,914,6,"X"
"T11",1999,914,7,"X"
"T11",1999,914,8,"X"
"T11",1999,914,9,"X"
"T11",1999,914,10,"X"
"T11",1999,905,7,"X"
"T11",1999,905,8,"X"
"T11",1999,905,9,"X"
"T11",1999,905,10,"X"
"T11",1999,906,1,"X"
"T11",1999,906,2,"X"
"T11",1999,906,3,"X"
"T11",1999,906,4,"X"
"T11",1999,906,5,"X"
"T11",1999,906,6,"X"
"T11",1999,906,7,"X"
"T11",1999,906,8,"X"
"T11",1999,906,9,"X"
"T11",1999,906,10,"X"
"T11",1999,907,1,"X"
"T11",1999,907,2,"X"
"T11",1999,907,3,"X"
"T11",1999,907,4,"X"
"T11",1999,907,5,"X"
"T11",1999,907,6,"X"
"T11",1999,907,7,"X"
"T11",1999,907,8,"X"
"T11",1999,907,9,"X"
"T11",1999,907,10,"X"
"T11",1999,908,1,"X"
"T11",1999,908,2,"X"
"T11",1999,908,3,"X"
"T11",1999,908,4,"X"
"T11",1999,908,5,"X"
"T11",1999,908,6,"X"
"T11",1999,908,7,"X"
"T11",1999,908,8,"X"
"T11",1999,908,9,"X"
"T11",1999,908,10,"X"
"T11",2000,915,1,"X"
"T11",2000,915,2,"X"
"T11",2000,915,3,"X"
"T11",2000,915,4,"X"
"T11",2000,915,5,"X"
"T11",2000,915,6,"X"
"T11",2000,915,7,"X"
"T11",2000,915,8,"X"
"T11",2000,915,9,"X"
"T11",2000,915,10,"X"
"T11",2000,916,1,"X"
"T11",2000,916,2,"X"
"T11",2000,916,3,"X"
"T11",2000,916,4,"X"
"T11",2000,916,5,"X"
"T11",2000,916,6,"X"
"T11",2000,916,7,"X"
"T11",2000,916,8,"X"
"T11",2000,916,9,"X"
"T11",2000,916,10,"X"
"T11",2000,917,1,"X"
"T11",2000,917,2,"X"
"T11",2000,917,3,"X"
"T11",2000,917,4,"X"
"T11",2000,917,5,"X"
"T11",2000,917,6,"X"
"T11",2000,917,7,"X"
"T11",2000,917,8,"X"
"T11",2000,917,9,"X"
"T11",2000,917,10,"X"
"T11",2000,918,1,"X"
"T11",2000,918,2,"X"
"T11",2000,918,3,"X"
"T11",2000,918,4,"X"
"T11",2000,918,5,"X"
"T11",2000,918,6,"X"
"T11",2000,918,7,"X"
"T11",2000,918,8,"X"
"T11",2000,918,9,"X"
"T11",2000,918,10,"X"
"T08",2001,327,7,"X"
"T08",2001,327,8,"X"
"T08",2001,327,9,"X"
"T08",2001,327,10,"X"
"T08",2001,401,1,"X"
"T08",2001,401,2,"X"
"T08",2001,401,3,"X"
"T08",2001,401,4,"X"
"T08",2001,401,5,"X"
"T08",2001,401,6,"X"
"T08",2001,401,7,"X"
"T08",2001,401,8,"X"
"T08",2001,401,9,"X"
"T08",2001,401,10,"X"
"T08",2001,416,1,"X"
"T08",2001,416,2,"X"
"T08",2001,416,3,"X"
"T08",2001,416,4,"X"
"T08",2001,416,5,"X"
"T08",2001,416,6,"X"
"T08",2001,416,7,"X"
"T08",2001,416,8,"X"
"T08",2001,32,1,"X"
"T08",2001,32,2,"X"
"T08",2001,32,3,"X"
"T08",2001,32,4,"X"
"T08",2001,32,5,"X"
"T08",2001,32,6,"X"
"T08",2001,32,7,"X"
"T08",2001,32,8,"X"
"T08",2001,32,9,"X"
"T08",2001,32,10,"X"
"T08",2001,61,1,"X"
"T08",2001,61,2,"X"
"T08",2001,61,3,"X"
"T08",2001,61,4,"X"
"T08",2001,61,5,"X"
"T08",2001,61,6,"X"
"T08",2001,61,7,"X"
"T08",2001,61,8,"X"
"T08",2001,61,9,"X"
"T08",2001,61,10,"X"
"T08",2001,72,1,"X"
"T08",2001,72,2,"X"
"T08",2001,72,3,"X"
"T08",2001,72,4,"X"
"T08",2001,72,5,"X"
"T08",2001,72,6,"X"
"T08",2001,72,7,"X"
"T08",2001,72,8,"X"
"T08",2001,72,9,"X"
"T08",2001,72,10,"X"
"T08",2001,168,1,"X"
"T08",2001,168,2,"X"
"T08",2001,168,3,"X"
"T08",2001,168,4,"X"
"T08",2001,416,9,"X"
"T08",2001,416,10,"X"
"T08",2001,420,1,"X"
"T08",2001,420,2,"X"
"T08",2001,420,3,"X"
"T08",2001,420,4,"X"
"T08",2001,420,5,"X"
"T08",2001,420,6,"X"
"T08",2001,420,7,"X"
"T08",2001,420,8,"X"
"T08",2001,420,9,"X"
"T08",2001,420,10,"X"
"T08",2001,421,1,"X"
"T08",2001,421,2,"X"
"T08",2001,421,3,"X"
"T08",2001,421,4,"X"
"T08",2001,421,5,"X"
"T08",2001,421,6,"X"
"T08",2001,421,7,"X"
"T08",2001,421,8,"X"
"T08",2001,421,9,"X"
"T08",2001,421,10,"X"
"T08",2001,168,5,"X"
"T08",2001,168,6,"X"
"T08",2001,168,7,"X"
"T08",2001,168,8,"X"
"T08",2001,168,9,"X"
"T08",2001,168,10,"X"
"T08",2001,173,1,"X"
"T08",2001,173,2,"X"
"T08",2001,173,3,"X"
"T08",2001,173,4,"X"
"T08",2001,173,5,"X"
"T08",2001,173,6,"X"
"T08",2001,173,7,"X"
"T08",2001,173,8,"X"
"T08",2001,173,9,"X"
"T08",2001,173,10,"X"
"T08",2001,194,1,"X"
"T08",2001,194,2,"X"
"T08",2001,194,3,"X"
"T08",2001,194,4,"X"
"T08",2001,194,5,"X"
"T08",2001,194,6,"X"
"T08",2001,194,7,"X"
"T08",2001,194,8,"X"
"T08",2001,194,9,"X"
"T08",2001,194,10,"X"
"T08",2001,239,1,"X"
"T08",2001,239,2,"X"
"T08",2001,239,3,"X"
"T08",2001,239,4,"X"
"T08",2001,239,5,"X"
"T08",2001,239,6,"X"
"T08",2001,239,7,"X"
"T08",2001,239,8,"X"
"T08",2001,239,9,"X"
"T08",2001,239,10,"X"
"T08",2001,327,1,"X"
"T08",2001,327,2,"X"
"T08",2001,327,3,"X"
"T08",2001,327,4,"X"
"T08",2001,327,5,"X"
"T08",2001,327,6,"X"
"T09",2002,502,5,"X"
"T09",2002,502,6,"X"
"T09",2002,502,7,"X"
"T09",2002,502,8,"X"
"T09",2002,502,9,"X"
"T09",2002,502,10,"X"
"T09",2002,503,1,"X"
"T09",2002,503,2,"X"
"T09",2002,503,3,"X"
"T09",2002,503,4,"X"
"T09",2002,503,5,"X"
"T09",2002,503,6,"X"
"T09",2002,503,7,"X"
"T09",2002,503,8,"X"
"T09",2002,503,9,"X"
"T09",2002,503,10,"X"
"T09",2002,504,1,"X"
"T09",2002,504,2,"X"
"T09",2002,504,3,"X"
"T09",2002,504,4,"B"
"T09",2002,504,5,"X"
"T09",2002,504,6,"X"
"T09",2002,504,7,"X"
"T09",2002,504,8,"X"
"T09",2002,504,9,"X"
"T09",2002,504,10,"P"
"T09",2002,505,1,"X"
"T09",2002,505,2,"X"
"T09",2002,505,3,"X"
"T09",2002,505,4,"X"
"T09",2002,505,5,"X"
"T09",2002,505,6,"X"
"T09",2002,505,7,"X"
"T09",2002,505,8,"X"
"T09",2002,505,9,"X"
"T09",2002,505,10,"X"
"T09",2002,506,1,"X"
"T09",2002,506,2,"X"
"T09",2002,506,3,"X"
"T09",2002,506,4,"X"
"T09",2002,506,5,"X"
"T09",2002,506,6,"X"
"T09",2002,506,7,"X"
"T09",2002,506,8,"P"
"T09",2002,506,9,"X"
"T09",2002,506,10,"P"
"T09",2002,507,1,"X"
"T09",2002,507,2,"X"
"T09",2002,507,3,"X"
"T09",2002,507,4,"X"
"T09",2002,507,5,"X"
"T09",2002,507,6,"X"
"T09",2002,507,7,"X"
"T09",2002,507,8,"X"
"T09",2002,507,9,"X"
"T09",2002,507,10,"X"
"T09",2002,447,1,"X"
"T09",2002,447,2,"X"
"T09",2002,447,3,"X"
"T09",2002,447,4,"X"
"T09",2002,447,5,"X"
"T09",2002,447,6,"X"
"T09",2002,447,7,"X"
"T09",2002,447,8,"X"
"T09",2002,447,9,"X"
"T09",2002,447,10,"X"
"T09",2002,448,1,"X"
"T09",2002,448,2,"X"
"T09",2002,448,3,"X"
"T09",2002,448,4,"X"
"T09",2002,448,5,"X"
"T09",2002,448,6,"X"
"T09",2002,448,7,"X"
"T09",2002,448,8,"X"
"T09",2002,448,9,"X"
"T09",2002,448,10,"X"
"T09",2002,449,1,"X"
"T09",2002,449,2,"X"
"T09",2002,449,3,"X"
"T09",2002,449,4,"X"
"T09",2002,449,5,"X"
"T09",2002,449,6,"X"
"T09",2002,449,7,"X"
"T09",2002,449,8,"X"
"T09",2002,449,9,"X"
"T09",2002,449,10,"X"
"T09",2002,450,1,"X"
"T09",2002,450,2,"X"
"T09",2002,450,3,"X"
"T09",2002,450,4,"X"
"T09",2002,450,5,"X"
"T09",2002,450,6,"X"
"T09",2002,450,7,"X"
"T09",2002,450,8,"X"
"T09",2002,450,9,"X"
"T09",2002,450,10,"X"
"T09",2002,500,1,"X"
"T09",2002,500,2,"X"
"T09",2002,500,3,"X"
"T09",2002,500,4,"X"
"T09",2002,500,5,"X"
"T09",2002,500,6,"X"
"T09",2002,500,7,"X"
"T09",2002,500,8,"X"
"T09",2002,500,9,"X"
"T09",2002,500,10,"X"
"T09",2002,501,1,"X"
"T09",2002,501,2,"X"
"T09",2002,501,3,"P"
"T09",2002,501,4,"X"
"T09",2002,501,5,"X"
"T09",2002,501,6,"X"
"T09",2002,501,7,"X"
"T09",2002,501,8,"X"
"T09",2002,501,9,"X"
"T09",2002,501,10,"X"
"T09",2002,502,1,"X"
"T09",2002,502,2,"X"
"T09",2002,502,3,"X"
"T09",2002,502,4,"X"
"T09",2002,436,7,"X"
"T09",2002,436,8,"X"
"T09",2002,436,9,"X"
"T09",2002,436,10,"X"
"T09",2002,437,1,"X"
"T09",2002,437,2,"X"
"T09",2002,437,3,"X"
"T09",2002,437,4,"X"
"T09",2002,437,5,"X"
"T09",2002,437,6,"X"
"T09",2002,437,7,"X"
"T09",2002,437,8,"X"
"T09",2002,437,9,"X"
"T09",2002,437,10,"X"
"T09",2002,438,1,"X"
"T09",2002,438,2,"X"
"T09",2002,438,3,"X"
"T09",2002,438,4,"X"
"T09",2002,438,5,"X"
"T09",2002,438,6,"X"
"T09",2002,438,7,"X"
"T09",2002,438,8,"X"
"T09",2002,438,9,"X"
"T09",2002,438,10,"X"
"T09",2002,439,1,"X"
"T09",2002,439,2,"X"
"T09",2002,439,3,"X"
"T09",2002,439,4,"X"
"T09",2002,439,5,"X"
"T09",2002,439,6,"X"
"T09",2002,439,7,"X"
"T09",2002,439,8,"X"
"T09",2002,439,9,"X"
"T09",2002,439,10,"X"
"T09",2002,442,1,"X"
"T09",2002,442,2,"X"
"T09",2002,442,3,"X"
"T09",2002,442,4,"X"
"T09",2002,442,5,"X"
"T09",2002,442,6,"X"
"T09",2002,442,7,"X"
"T09",2002,442,8,"X"
"T09",2002,442,9,"X"
"T09",2002,442,10,"X"
"T09",2002,445,1,"X"
"T09",2002,445,2,"X"
"T09",2002,445,3,"X"
"T09",2002,445,4,"X"
"T09",2002,445,5,"X"
"T09",2002,445,6,"X"
"T09",2002,445,7,"X"
"T09",2002,445,8,"X"
"T09",2002,445,9,"X"
"T09",2002,445,10,"X"
"T09",2002,446,1,"X"
"T09",2002,446,2,"X"
"T09",2002,446,3,"X"
"T09",2002,446,4,"X"
"T09",2002,446,5,"X"
"T09",2002,446,6,"X"
"T09",2002,446,7,"X"
"T09",2002,446,8,"X"
"T09",2002,446,9,"X"
"T09",2002,446,10,"X"
"T09",2002,428,3,"P"
"T09",2002,428,4,"P"
"T09",2002,428,5,"P"
"T09",2002,428,6,"X"
"T09",2002,428,7,"X"
"T09",2002,428,8,"X"
"T09",2002,428,9,"X"
"T09",2002,428,10,"X"
"T09",2002,429,1,"X"
"T09",2002,429,2,"X"
"T09",2002,429,3,"X"
"T09",2002,429,4,"X"
"T09",2002,429,5,"X"
"T09",2002,429,6,"P"
"T09",2002,429,7,"X"
"T09",2002,429,8,"X"
"T09",2002,429,9,"X"
"T09",2002,429,10,"X"
"T09",2002,431,1,"X"
"T09",2002,431,2,"X"
"T09",2002,431,3,"B"
"T09",2002,431,4,"B"
"T09",2002,431,5,"B"
"T09",2002,431,6,"X"
"T09",2002,431,7,"D"
"T09",2002,431,8,"X"
"T09",2002,431,9,"X"
"T09",2002,431,10,"X"
"T09",2002,433,1,"X"
"T09",2002,433,2,"X"
"T09",2002,433,3,"X"
"T09",2002,433,4,"X"
"T09",2002,433,5,"X"
"T09",2002,433,6,"X"
"T09",2002,433,7,"X"
"T09",2002,433,8,"X"
"T09",2002,433,9,"X"
"T09",2002,433,10,"X"
"T09",2002,434,1,"X"
"T09",2002,434,2,"X"
"T09",2002,434,3,"X"
"T09",2002,434,4,"P"
"T09",2002,434,5,"P"
"T09",2002,434,6,"X"
"T09",2002,434,7,"X"
"T09",2002,434,8,"X"
"T09",2002,434,9,"X"
"T09",2002,434,10,"X"
"T09",2002,435,1,"X"
"T09",2002,435,2,"X"
"T09",2002,435,3,"X"
"T09",2002,435,4,"P"
"T09",2002,435,5,"P"
"T09",2002,435,6,"P"
"T09",2002,435,7,"X"
"T09",2002,435,8,"X"
"T09",2002,435,9,"X"
"T09",2002,435,10,"X"
"T09",2002,436,1,"X"
"T09",2002,436,2,"X"
"T09",2002,436,3,"X"
"T09",2002,436,4,"X"
"T09",2002,436,5,"X"
"T09",2002,436,6,"X"
"T09",2002,421,9,"X"
"T09",2002,421,10,"X"
"T09",2002,422,1,"X"
"T09",2002,422,2,"X"
"T09",2002,422,3,"X"
"T09",2002,422,4,"X"
"T09",2002,422,5,"X"
"T09",2002,422,6,"X"
"T09",2002,422,7,"X"
"T09",2002,422,8,"X"
"T09",2002,422,9,"X"
"T09",2002,422,10,"X"
"T09",2002,423,1,"X"
"T09",2002,423,2,"X"
"T09",2002,423,3,"X"
"T09",2002,423,4,"X"
"T09",2002,423,5,"X"
"T09",2002,423,6,"X"
"T09",2002,423,7,"X"
"T09",2002,423,8,"X"
"T09",2002,423,9,"X"
"T09",2002,423,10,"X"
"T09",2002,424,1,"X"
"T09",2002,424,2,"X"
"T09",2002,424,3,"X"
"T09",2002,424,4,"X"
"T09",2002,424,5,"X"
"T09",2002,424,6,"X"
"T09",2002,424,7,"X"
"T09",2002,424,8,"X"
"T09",2002,424,9,"X"
"T09",2002,424,10,"X"
"T09",2002,425,1,"X"
"T09",2002,425,2,"X"
"T09",2002,425,3,"X"
"T09",2002,425,4,"X"
"T09",2002,425,5,"X"
"T09",2002,425,6,"X"
"T09",2002,425,7,"X"
"T09",2002,425,8,"X"
"T09",2002,425,9,"X"
"T09",2002,425,10,"X"
"T09",2002,426,1,"X"
"T09",2002,426,2,"X"
"T09",2002,426,3,"X"
"T09",2002,426,4,"X"
"T09",2002,426,5,"X"
"T09",2002,426,6,"X"
"T09",2002,426,7,"X"
"T09",2002,426,8,"X"
"T09",2002,426,9,"X"
"T09",2002,426,10,"X"
"T09",2002,427,1,"X"
"T09",2002,427,2,"X"
"T09",2002,427,3,"X"
"T09",2002,427,4,"X"
"T09",2002,427,5,"P"
"T09",2002,427,6,"X"
"T09",2002,427,7,"X"
"T09",2002,427,8,"X"
"T09",2002,427,9,"X"
"T09",2002,427,10,"X"
"T09",2002,428,1,"X"
"T09",2002,428,2,"P"
"T09",2002,415,5,"X"
"T09",2002,415,6,"X"
"T09",2002,415,7,"X"
"T09",2002,415,8,"B"
"T09",2002,415,9,"X"
"T09",2002,415,10,"P"
"T09",2002,416,1,"X"
"T09",2002,416,2,"D"
"T09",2002,416,3,"X"
"T09",2002,416,4,"D"
"T09",2002,416,5,"D"
"T09",2002,416,6,"D"
"T09",2002,416,7,"X"
"T09",2002,416,8,"D"
"T09",2002,416,9,"X"
"T09",2002,416,10,"X"
"T09",2002,417,1,"X"
"T09",2002,417,2,"X"
"T09",2002,417,3,"X"
"T09",2002,417,4,"X"
"T09",2002,417,5,"X"
"T09",2002,417,6,"X"
"T09",2002,417,7,"X"
"T09",2002,417,8,"X"
"T09",2002,417,9,"X"
"T09",2002,417,10,"X"
"T09",2002,418,1,"X"
"T09",2002,418,2,"X"
"T09",2002,418,3,"X"
"T09",2002,418,4,"X"
"T09",2002,418,5,"X"
"T09",2002,418,6,"X"
"T09",2002,418,7,"X"
"T09",2002,418,8,"X"
"T09",2002,418,9,"X"
"T09",2002,418,10,"X"
"T09",2002,419,1,"X"
"T09",2002,419,2,"X"
"T09",2002,419,3,"X"
"T09",2002,419,4,"X"
"T09",2002,419,5,"X"
"T09",2002,419,6,"X"
"T09",2002,419,7,"X"
"T09",2002,419,8,"X"
"T09",2002,419,9,"X"
"T09",2002,419,10,"X"
"T09",2002,420,1,"X"
"T09",2002,420,2,"X"
"T09",2002,420,3,"X"
"T09",2002,420,4,"X"
"T09",2002,420,5,"X"
"T09",2002,420,6,"X"
"T09",2002,420,7,"X"
"T09",2002,420,8,"X"
"T09",2002,420,9,"X"
"T09",2002,420,10,"X"
"T09",2002,421,1,"D"
"T09",2002,421,2,"X"
"T09",2002,421,3,"X"
"T09",2002,421,4,"X"
"T09",2002,421,5,"X"
"T09",2002,421,6,"X"
"T09",2002,421,7,"X"
"T09",2002,421,8,"X"
"T09",2002,409,1,"X"
"T09",2002,409,2,"X"
"T09",2002,409,3,"X"
"T09",2002,409,4,"X"
"T09",2002,409,5,"X"
"T09",2002,409,6,"X"
"T09",2002,409,7,"X"
"T09",2002,409,8,"X"
"T09",2002,409,9,"X"
"T09",2002,409,10,"X"
"T09",2002,410,1,"X"
"T09",2002,410,2,"X"
"T09",2002,410,3,"X"
"T09",2002,410,4,"X"
"T09",2002,410,5,"X"
"T09",2002,410,6,"X"
"T09",2002,410,7,"X"
"T09",2002,410,8,"X"
"T09",2002,410,9,"X"
"T09",2002,410,10,"X"
"T09",2002,411,1,"X"
"T09",2002,411,2,"X"
"T09",2002,411,3,"X"
"T09",2002,411,4,"X"
"T09",2002,411,5,"X"
"T09",2002,411,6,"X"
"T09",2002,411,7,"X"
"T09",2002,411,8,"X"
"T09",2002,411,9,"X"
"T09",2002,411,10,"X"
"T09",2002,412,1,"X"
"T09",2002,412,2,"X"
"T09",2002,412,3,"X"
"T09",2002,412,4,"X"
"T09",2002,412,5,"X"
"T09",2002,412,6,"X"
"T09",2002,412,7,"X"
"T09",2002,412,8,"D"
"T09",2002,412,9,"X"
"T09",2002,412,10,"X"
"T09",2002,413,1,"X"
"T09",2002,413,2,"X"
"T09",2002,413,3,"X"
"T09",2002,413,4,"X"
"T09",2002,413,5,"X"
"T09",2002,413,6,"X"
"T09",2002,413,7,"X"
"T09",2002,413,8,"X"
"T09",2002,413,9,"X"
"T09",2002,413,10,"X"
"T09",2002,414,1,"X"
"T09",2002,414,2,"D"
"T09",2002,414,3,"X"
"T09",2002,414,4,"X"
"T09",2002,414,5,"X"
"T09",2002,414,6,"D"
"T09",2002,414,7,"X"
"T09",2002,414,8,"D"
"T09",2002,414,9,"X"
"T09",2002,414,10,"X"
"T09",2002,415,1,"X"
"T09",2002,415,2,"X"
"T09",2002,415,3,"X"
"T09",2002,415,4,"X"
"T09",2002,401,1,"X"
"T09",2002,401,2,"X"
"T09",2002,401,3,"X"
"T09",2002,401,4,"X"
"T09",2002,401,5,"X"
"T09",2002,401,6,"X"
"T09",2002,401,7,"X"
"T09",2002,401,8,"X"
"T09",2002,401,9,"X"
"T09",2002,401,10,"X"
"T09",2002,402,1,"X"
"T09",2002,402,2,"X"
"T09",2002,402,3,"X"
"T09",2002,402,4,"X"
"T09",2002,402,5,"X"
"T09",2002,402,6,"X"
"T09",2002,402,7,"X"
"T09",2002,402,8,"X"
"T09",2002,402,9,"X"
"T09",2002,402,10,"X"
"T09",2002,403,1,"X"
"T09",2002,403,2,"X"
"T09",2002,403,3,"X"
"T09",2002,403,4,"X"
"T09",2002,403,5,"X"
"T09",2002,403,6,"X"
"T09",2002,403,7,"X"
"T09",2002,403,8,"X"
"T09",2002,403,9,"X"
"T09",2002,403,10,"X"
"T09",2002,405,1,"X"
"T09",2002,405,2,"X"
"T09",2002,405,3,"X"
"T09",2002,405,4,"X"
"T09",2002,405,5,"X"
"T09",2002,405,6,"X"
"T09",2002,405,7,"X"
"T09",2002,405,8,"X"
"T09",2002,405,9,"X"
"T09",2002,405,10,"X"
"T09",2002,406,1,"X"
"T09",2002,406,2,"X"
"T09",2002,406,3,"X"
"T09",2002,406,4,"X"
"T09",2002,406,5,"X"
"T09",2002,406,6,"X"
"T09",2002,406,7,"X"
"T09",2002,406,8,"X"
"T09",2002,406,9,"X"
"T09",2002,406,10,"X"
"T09",2002,407,1,"X"
"T09",2002,407,2,"X"
"T09",2002,407,3,"X"
"T09",2002,407,4,"X"
"T09",2002,407,5,"X"
"T09",2002,407,6,"X"
"T09",2002,407,7,"X"
"T09",2002,407,8,"X"
"T09",2002,407,9,"X"
"T09",2002,407,10,"X"
"T08",2002,370,7,"X"
"T08",2002,370,8,"X"
"T08",2002,370,9,"X"
"T08",2002,370,10,"X"
"T08",2002,401,1,"X"
"T08",2002,401,2,"X"
"T08",2002,401,3,"X"
"T08",2002,401,4,"X"
"T08",2002,401,5,"X"
"T08",2002,401,6,"X"
"T08",2002,401,7,"X"
"T08",2002,401,8,"X"
"T08",2002,401,9,"X"
"T08",2002,401,10,"X"
"T08",2002,416,1,"X"
"T08",2002,416,2,"X"
"T08",2002,416,3,"X"
"T08",2002,416,4,"X"
"T08",2002,416,5,"X"
"T08",2002,416,6,"X"
"T08",2002,416,7,"X"
"T08",2002,416,8,"X"
"T08",2002,416,9,"X"
"T08",2002,416,10,"X"
"T08",2002,420,1,"X"
"T08",2002,420,2,"X"
"T08",2002,420,3,"X"
"T08",2002,420,4,"X"
"T08",2002,420,5,"X"
"T08",2002,420,6,"X"
"T08",2002,420,7,"X"
"T08",2002,420,8,"X"
"T08",2002,420,9,"X"
"T08",2002,420,10,"X"
"T08",2002,421,1,"X"
"T08",2002,421,2,"X"
"T08",2002,421,3,"X"
"T08",2002,421,4,"X"
"T08",2002,421,5,"X"
"T08",2002,421,6,"X"
"T08",2002,421,7,"X"
"T08",2002,421,8,"X"
"T08",2002,421,9,"X"
"T08",2002,421,10,"X"
"T08",2002,168,3,"X"
"T08",2002,168,4,"X"
"T08",2002,168,5,"X"
"T08",2002,168,6,"X"
"T08",2002,168,7,"X"
"T08",2002,168,8,"X"
"T08",2002,168,9,"X"
"T08",2002,168,10,"X"
"T08",2002,173,1,"X"
"T08",2002,173,2,"X"
"T08",2002,173,3,"X"
"T08",2002,173,4,"X"
"T08",2002,173,5,"X"
"T08",2002,173,6,"X"
"T08",2002,173,7,"X"
"T08",2002,173,8,"X"
"T08",2002,173,9,"X"
"T08",2002,173,10,"X"
"T08",2002,194,1,"X"
"T08",2002,194,2,"X"
"T08",2002,194,3,"X"
"T08",2002,194,4,"X"
"T08",2002,194,5,"X"
"T08",2002,194,6,"X"
"T08",2002,194,7,"X"
"T08",2002,194,8,"X"
"T08",2002,194,9,"X"
"T08",2002,194,10,"X"
"T08",2002,218,1,"X"
"T08",2002,218,2,"X"
"T08",2002,218,3,"X"
"T08",2002,218,4,"X"
"T08",2002,218,5,"X"
"T08",2002,218,6,"X"
"T08",2002,218,7,"X"
"T08",2002,218,8,"X"
"T08",2002,218,9,"X"
"T08",2002,218,10,"X"
"T08",2002,239,1,"X"
"T08",2002,239,2,"X"
"T08",2002,239,3,"X"
"T08",2002,239,4,"X"
"T08",2002,239,5,"X"
"T08",2002,239,6,"X"
"T08",2002,239,7,"X"
"T08",2002,239,8,"X"
"T08",2002,239,9,"X"
"T08",2002,239,10,"X"
"T08",2002,327,1,"X"
"T08",2002,327,2,"X"
"T08",2002,327,3,"X"
"T08",2002,327,4,"X"
"T08",2002,327,5,"X"
"T08",2002,327,6,"X"
"T08",2002,327,7,"X"
"T08",2002,327,8,"X"
"T08",2002,327,9,"X"
"T08",2002,327,10,"X"
"T08",2002,370,1,"X"
"T08",2002,370,2,"X"
"T08",2002,370,3,"X"
"T08",2002,370,4,"X"
"T08",2002,370,5,"X"
"T08",2002,370,6,"X"
"T08",2002,32,1,"X"
"T08",2002,32,2,"X"
"T08",2002,32,3,"X"
"T08",2002,32,4,"X"
"T08",2002,32,5,"X"
"T08",2002,32,6,"X"
"T08",2002,32,7,"X"
"T08",2002,32,8,"X"
"T08",2002,32,9,"X"
"T08",2002,32,10,"X"
"T08",2002,61,1,"X"
"T08",2002,61,2,"X"
"T08",2002,61,3,"X"
"T08",2002,61,4,"X"
"T08",2002,61,5,"X"
"T08",2002,61,6,"X"
"T08",2002,61,7,"X"
"T08",2002,61,8,"X"
"T08",2002,61,9,"X"
"T08",2002,61,10,"X"
"T08",2002,72,1,"X"
"T08",2002,72,2,"X"
"T08",2002,72,3,"X"
"T08",2002,72,4,"X"
"T08",2002,72,5,"X"
"T08",2002,72,6,"X"
"T08",2002,72,7,"X"
"T08",2002,72,8,"X"
"T08",2002,72,9,"X"
"T08",2002,72,10,"X"
"T08",2002,104,1,"X"
"T08",2002,104,2,"X"
"T08",2002,104,3,"X"
"T08",2002,104,4,"X"
"T08",2002,104,5,"X"
"T08",2002,104,6,"X"
"T08",2002,104,7,"X"
"T08",2002,104,8,"X"
"T08",2002,104,9,"X"
"T08",2002,104,10,"X"
"T08",2002,168,1,"X"
"T08",2002,168,2,"X"
"T07",2002,451,9,"B"
"T07",2002,451,10,"B"
"T07",2002,277,5,"X"
"T07",2002,277,6,"X"
"T07",2002,277,7,"X"
"T07",2002,277,8,"X"
"T07",2002,277,9,"X"
"T07",2002,277,10,"X"
"T07",2002,278,1,"X"
"T07",2002,278,2,"X"
"T07",2002,278,3,"X"
"T07",2002,278,4,"X"
"T07",2002,278,5,"X"
"T07",2002,278,6,"X"
"T07",2002,278,7,"X"
"T07",2002,278,8,"X"
"T07",2002,278,9,"X"
"T07",2002,278,10,"X"
"T07",2002,305,1,"X"
"T07",2002,305,2,"X"
"T07",2002,305,3,"X"
"T07",2002,305,4,"X"
"T07",2002,305,5,"X"
"T07",2002,305,6,"X"
"T07",2002,305,7,"X"
"T07",2002,305,8,"X"
"T07",2002,305,9,"X"
"T07",2002,305,10,"X"
"T07",2002,308,1,"X"
"T07",2002,308,2,"X"
"T07",2002,308,3,"X"
"T07",2002,308,4,"X"
"T07",2002,308,5,"X"
"T07",2002,308,6,"X"
"T07",2002,308,7,"X"
"T07",2002,308,8,"X"
"T07",2002,308,9,"X"
"T07",2002,308,10,"X"
"T07",2002,320,1,"X"
"T07",2002,320,2,"X"
"T07",2002,320,3,"X"
"T07",2002,320,4,"X"
"T07",2002,320,5,"X"
"T07",2002,320,6,"X"
"T07",2002,320,7,"X"
"T07",2002,320,8,"X"
"T07",2002,320,9,"X"
"T07",2002,320,10,"X"
"T07",2002,436,1,"X"
"T07",2002,436,2,"X"
"T07",2002,436,3,"X"
"T07",2002,436,4,"X"
"T07",2002,436,5,"X"
"T07",2002,436,6,"X"
"T07",2002,436,7,"X"
"T07",2002,436,8,"X"
"T07",2002,436,9,"X"
"T07",2002,436,10,"X"
"T07",2002,451,1,"B"
"T07",2002,451,2,"B"
"T07",2002,451,3,"B"
"T07",2002,451,4,"B"
"T07",2002,451,5,"B"
"T07",2002,451,6,"B"
"T07",2002,451,7,"B"
"T07",2002,451,8,"B"
"T07",2002,59,1,"X"
"T07",2002,59,2,"X"
"T07",2002,59,3,"X"
"T07",2002,59,4,"X"
"T07",2002,59,5,"X"
"T07",2002,59,6,"X"
"T07",2002,59,7,"X"
"T07",2002,59,8,"X"
"T07",2002,59,9,"X"
"T07",2002,59,10,"X"
"T07",2002,102,1,"X"
"T07",2002,102,2,"X"
"T07",2002,102,3,"X"
"T07",2002,102,4,"X"
"T07",2002,102,5,"X"
"T07",2002,102,6,"X"
"T07",2002,102,7,"X"
"T07",2002,102,8,"X"
"T07",2002,102,9,"X"
"T07",2002,102,10,"X"
"T07",2002,151,1,"X"
"T07",2002,151,2,"X"
"T07",2002,151,3,"X"
"T07",2002,151,4,"X"
"T07",2002,151,5,"X"
"T07",2002,151,6,"X"
"T07",2002,151,7,"X"
"T07",2002,151,8,"X"
"T07",2002,151,9,"X"
"T07",2002,151,10,"X"
"T07",2002,152,1,"X"
"T07",2002,152,2,"X"
"T07",2002,152,3,"X"
"T07",2002,152,4,"X"
"T07",2002,152,5,"X"
"T07",2002,152,6,"X"
"T07",2002,152,7,"X"
"T07",2002,152,8,"X"
"T07",2002,152,9,"X"
"T07",2002,152,10,"X"
"T07",2002,156,1,"X"
"T07",2002,156,2,"X"
"T07",2002,156,3,"X"
"T07",2002,156,4,"X"
"T07",2002,156,5,"X"
"T07",2002,156,6,"X"
"T07",2002,156,7,"X"
"T07",2002,156,8,"X"
"T07",2002,156,9,"X"
"T07",2002,156,10,"X"
"T07",2002,272,1,"X"
"T07",2002,272,2,"X"
"T07",2002,272,3,"X"
"T07",2002,272,4,"X"
"T07",2002,272,5,"X"
"T07",2002,272,6,"X"
"T07",2002,272,7,"X"
"T07",2002,272,8,"X"
"T07",2002,272,9,"X"
"T07",2002,272,10,"X"
"T07",2002,277,1,"X"
"T07",2002,277,2,"X"
"T07",2002,277,3,"X"
"T07",2002,277,4,"X"
"T04",2002,800,7,"X"
"T04",2002,800,8,"X"
"T04",2002,800,9,"X"
"T04",2002,800,10,"X"
"T04",2002,801,1,"X"
"T04",2002,801,2,"X"
"T04",2002,801,3,"X"
"T04",2002,801,4,"X"
"T04",2002,801,5,"X"
"T04",2002,801,6,"X"
"T04",2002,801,7,"X"
"T04",2002,801,8,"X"
"T04",2002,801,9,"X"
"T04",2002,801,10,"X"
"T07",2002,1,1,"X"
"T07",2002,1,2,"X"
"T07",2002,1,3,"X"
"T07",2002,1,4,"X"
"T07",2002,1,5,"X"
"T07",2002,1,6,"X"
"T07",2002,1,7,"X"
"T07",2002,1,8,"X"
"T07",2002,1,9,"X"
"T07",2002,1,10,"X"
"T07",2002,2,1,"X"
"T07",2002,2,2,"X"
"T07",2002,2,3,"X"
"T07",2002,2,4,"X"
"T07",2002,2,5,"X"
"T07",2002,2,6,"X"
"T07",2002,2,7,"X"
"T07",2002,2,8,"X"
"T07",2002,2,9,"X"
"T07",2002,2,10,"X"
"T07",2002,6,1,"P"
"T07",2002,6,2,"P"
"T07",2002,6,3,"P"
"T07",2002,6,4,"X"
"T07",2002,6,5,"X"
"T07",2002,6,6,"X"
"T07",2002,6,7,"X"
"T07",2002,6,8,"X"
"T07",2002,6,9,"X"
"T07",2002,6,10,"X"
"T07",2002,30,1,"X"
"T07",2002,30,2,"P"
"T07",2002,30,3,"X"
"T07",2002,30,4,"X"
"T07",2002,30,5,"X"
"T07",2002,30,6,"X"
"T07",2002,30,7,"X"
"T07",2002,30,8,"X"
"T07",2002,30,9,"P"
"T07",2002,30,10,"X"
"T07",2002,47,1,"X"
"T07",2002,47,2,"X"
"T07",2002,47,3,"X"
"T07",2002,47,4,"X"
"T07",2002,47,5,"X"
"T07",2002,47,6,"X"
"T07",2002,47,7,"X"
"T07",2002,47,8,"X"
"T07",2002,47,9,"X"
"T07",2002,47,10,"X"
"T04",2002,501,3,"X"
"T04",2002,501,4,"X"
"T04",2002,501,5,"X"
"T04",2002,501,6,"X"
"T04",2002,501,7,"X"
"T04",2002,501,8,"X"
"T04",2002,501,9,"X"
"T04",2002,501,10,"X"
"T04",2002,502,1,"X"
"T04",2002,502,2,"X"
"T04",2002,502,3,"X"
"T04",2002,502,4,"X"
"T04",2002,502,5,"X"
"T04",2002,502,6,"X"
"T04",2002,502,7,"X"
"T04",2002,502,8,"X"
"T04",2002,502,9,"X"
"T04",2002,502,10,"X"
"T04",2002,505,1,"X"
"T04",2002,505,2,"X"
"T04",2002,505,3,"X"
"T04",2002,505,4,"X"
"T04",2002,505,5,"X"
"T04",2002,505,6,"X"
"T04",2002,505,7,"X"
"T04",2002,505,8,"X"
"T04",2002,505,9,"X"
"T04",2002,505,10,"X"
"T04",2002,507,1,"X"
"T04",2002,507,2,"X"
"T04",2002,507,3,"X"
"T04",2002,507,4,"X"
"T04",2002,507,5,"X"
"T04",2002,507,6,"X"
"T04",2002,507,7,"X"
"T04",2002,507,8,"X"
"T04",2002,507,9,"X"
"T04",2002,507,10,"X"
"T04",2002,509,1,"X"
"T04",2002,509,2,"X"
"T04",2002,509,3,"X"
"T04",2002,509,4,"X"
"T04",2002,509,5,"X"
"T04",2002,509,6,"X"
"T04",2002,509,7,"X"
"T04",2002,509,8,"X"
"T04",2002,509,9,"X"
"T04",2002,509,10,"X"
"T04",2002,611,1,"X"
"T04",2002,611,2,"X"
"T04",2002,611,3,"X"
"T04",2002,611,4,"X"
"T04",2002,611,5,"X"
"T04",2002,611,6,"X"
"T04",2002,611,7,"X"
"T04",2002,611,8,"X"
"T04",2002,611,9,"X"
"T04",2002,611,10,"X"
"T04",2002,800,1,"X"
"T04",2002,800,2,"X"
"T04",2002,800,3,"X"
"T04",2002,800,4,"X"
"T04",2002,800,5,"X"
"T04",2002,800,6,"X"
"T04",2002,428,9,"X"
"T04",2002,428,10,"X"
"T04",2002,429,1,"X"
"T04",2002,429,2,"X"
"T04",2002,429,3,"X"
"T04",2002,429,4,"X"
"T04",2002,429,5,"X"
"T04",2002,429,6,"X"
"T04",2002,429,7,"X"
"T04",2002,429,8,"X"
"T04",2002,429,9,"X"
"T04",2002,429,10,"X"
"T04",2002,444,1,"X"
"T04",2002,444,2,"X"
"T04",2002,444,3,"X"
"T04",2002,444,4,"X"
"T04",2002,444,5,"X"
"T04",2002,444,6,"X"
"T04",2002,444,7,"X"
"T04",2002,444,8,"X"
"T04",2002,444,9,"X"
"T04",2002,444,10,"X"
"T04",2002,449,1,"X"
"T04",2002,449,2,"X"
"T04",2002,449,3,"X"
"T04",2002,449,4,"X"
"T04",2002,449,5,"X"
"T04",2002,449,6,"X"
"T04",2002,449,7,"X"
"T04",2002,449,8,"X"
"T04",2002,449,9,"X"
"T04",2002,449,10,"X"
"T04",2002,450,1,"X"
"T04",2002,450,2,"X"
"T04",2002,450,3,"X"
"T04",2002,450,4,"X"
"T04",2002,450,5,"X"
"T04",2002,450,6,"X"
"T04",2002,450,7,"X"
"T04",2002,450,8,"X"
"T04",2002,450,9,"X"
"T04",2002,450,10,"X"
"T04",2002,454,1,"X"
"T04",2002,454,2,"X"
"T04",2002,454,3,"X"
"T04",2002,454,4,"X"
"T04",2002,454,5,"X"
"T04",2002,454,6,"X"
"T04",2002,454,7,"X"
"T04",2002,454,8,"X"
"T04",2002,454,9,"X"
"T04",2002,454,10,"X"
"T04",2002,500,1,"X"
"T04",2002,500,2,"X"
"T04",2002,500,3,"S"
"T04",2002,500,4,"X"
"T04",2002,500,5,"X"
"T04",2002,500,6,"X"
"T04",2002,500,7,"X"
"T04",2002,500,8,"X"
"T04",2002,500,9,"S"
"T04",2002,500,10,"X"
"T04",2002,501,1,"X"
"T04",2002,501,2,"X"
"T04",2002,396,5,"X"
"T04",2002,396,6,"X"
"T04",2002,396,7,"X"
"T04",2002,396,8,"X"
"T04",2002,396,9,"X"
"T04",2002,396,10,"X"
"T04",2002,399,1,"X"
"T04",2002,399,2,"X"
"T04",2002,399,3,"X"
"T04",2002,399,4,"X"
"T04",2002,399,5,"X"
"T04",2002,399,6,"X"
"T04",2002,399,7,"X"
"T04",2002,399,8,"X"
"T04",2002,399,9,"X"
"T04",2002,399,10,"X"
"T04",2002,402,1,"X"
"T04",2002,402,2,"X"
"T04",2002,402,3,"X"
"T04",2002,402,4,"X"
"T04",2002,402,5,"X"
"T04",2002,402,6,"X"
"T04",2002,402,7,"X"
"T04",2002,402,8,"X"
"T04",2002,402,9,"X"
"T04",2002,402,10,"X"
"T04",2002,404,1,"X"
"T04",2002,404,2,"X"
"T04",2002,404,3,"X"
"T04",2002,404,4,"X"
"T04",2002,404,5,"X"
"T04",2002,404,6,"X"
"T04",2002,404,7,"X"
"T04",2002,404,8,"X"
"T04",2002,404,9,"X"
"T04",2002,404,10,"X"
"T04",2002,411,1,"X"
"T04",2002,411,2,"X"
"T04",2002,411,3,"X"
"T04",2002,411,4,"X"
"T04",2002,411,5,"X"
"T04",2002,411,6,"X"
"T04",2002,411,7,"X"
"T04",2002,411,8,"X"
"T04",2002,411,9,"X"
"T04",2002,411,10,"X"
"T04",2002,419,1,"X"
"T04",2002,419,2,"X"
"T04",2002,419,3,"X"
"T04",2002,419,4,"X"
"T04",2002,419,5,"X"
"T04",2002,419,6,"X"
"T04",2002,419,7,"X"
"T04",2002,419,8,"X"
"T04",2002,419,9,"X"
"T04",2002,419,10,"X"
"T04",2002,428,1,"X"
"T04",2002,428,2,"X"
"T04",2002,428,3,"X"
"T04",2002,428,4,"X"
"T04",2002,428,5,"X"
"T04",2002,428,6,"X"
"T04",2002,428,7,"X"
"T04",2002,428,8,"X"
"T04",2002,310,1,"X"
"T04",2002,310,2,"X"
"T04",2002,310,3,"X"
"T04",2002,310,4,"X"
"T04",2002,310,5,"X"
"T04",2002,310,6,"X"
"T04",2002,310,7,"X"
"T04",2002,310,8,"X"
"T04",2002,310,9,"X"
"T04",2002,310,10,"X"
"T04",2002,326,1,"X"
"T04",2002,326,2,"X"
"T04",2002,326,3,"X"
"T04",2002,326,4,"X"
"T04",2002,326,5,"F"
"T04",2002,326,6,"X"
"T04",2002,326,7,"X"
"T04",2002,326,8,"F"
"T04",2002,326,9,"X"
"T04",2002,326,10,"X"
"T04",2002,348,1,"X"
"T04",2002,348,2,"X"
"T04",2002,348,3,"X"
"T04",2002,348,4,"X"
"T04",2002,348,5,"X"
"T04",2002,348,6,"X"
"T04",2002,348,7,"X"
"T04",2002,348,8,"X"
"T04",2002,348,9,"X"
"T04",2002,348,10,"X"
"T04",2002,371,1,"X"
"T04",2002,371,2,"X"
"T04",2002,371,3,"X"
"T04",2002,371,4,"X"
"T04",2002,371,5,"X"
"T04",2002,371,6,"X"
"T04",2002,371,7,"X"
"T04",2002,371,8,"X"
"T04",2002,371,9,"X"
"T04",2002,371,10,"X"
"T04",2002,372,1,"X"
"T04",2002,372,2,"X"
"T04",2002,372,3,"X"
"T04",2002,372,4,"X"
"T04",2002,372,5,"X"
"T04",2002,372,6,"X"
"T04",2002,372,7,"X"
"T04",2002,372,8,"X"
"T04",2002,372,9,"X"
"T04",2002,372,10,"X"
"T04",2002,390,1,"X"
"T04",2002,390,2,"X"
"T04",2002,390,3,"X"
"T04",2002,390,4,"X"
"T04",2002,390,5,"X"
"T04",2002,390,6,"X"
"T04",2002,390,7,"X"
"T04",2002,390,8,"X"
"T04",2002,390,9,"X"
"T04",2002,390,10,"X"
"T04",2002,396,1,"X"
"T04",2002,396,2,"X"
"T04",2002,396,3,"X"
"T04",2002,396,4,"X"
"T04",2002,184,7,"X"
"T04",2002,184,8,"X"
"T04",2002,184,9,"X"
"T04",2002,184,10,"X"
"T04",2002,206,1,"X"
"T04",2002,206,2,"X"
"T04",2002,206,3,"X"
"T04",2002,206,4,"X"
"T04",2002,206,5,"X"
"T04",2002,206,6,"X"
"T04",2002,206,7,"X"
"T04",2002,206,8,"X"
"T04",2002,206,9,"X"
"T04",2002,206,10,"X"
"T04",2002,226,1,"X"
"T04",2002,226,2,"X"
"T04",2002,226,3,"X"
"T04",2002,226,4,"X"
"T04",2002,226,5,"X"
"T04",2002,226,6,"X"
"T04",2002,226,7,"X"
"T04",2002,226,8,"X"
"T04",2002,226,9,"X"
"T04",2002,226,10,"X"
"T04",2002,247,1,"X"
"T04",2002,247,2,"X"
"T04",2002,247,3,"X"
"T04",2002,247,4,"X"
"T04",2002,247,5,"X"
"T04",2002,247,6,"X"
"T04",2002,247,7,"X"
"T04",2002,247,8,"X"
"T04",2002,247,9,"X"
"T04",2002,247,10,"X"
"T04",2002,251,1,"X"
"T04",2002,251,2,"X"
"T04",2002,251,3,"X"
"T04",2002,251,4,"X"
"T04",2002,251,5,"X"
"T04",2002,251,6,"X"
"T04",2002,251,7,"X"
"T04",2002,251,8,"X"
"T04",2002,251,9,"X"
"T04",2002,251,10,"X"
"T04",2002,254,1,"X"
"T04",2002,254,2,"X"
"T04",2002,254,3,"X"
"T04",2002,254,4,"X"
"T04",2002,254,5,"X"
"T04",2002,254,6,"X"
"T04",2002,254,7,"X"
"T04",2002,254,8,"X"
"T04",2002,254,9,"X"
"T04",2002,254,10,"X"
"T04",2002,307,1,"X"
"T04",2002,307,2,"X"
"T04",2002,307,3,"X"
"T04",2002,307,4,"X"
"T04",2002,307,5,"X"
"T04",2002,307,6,"X"
"T04",2002,307,7,"X"
"T04",2002,307,8,"X"
"T04",2002,307,9,"X"
"T04",2002,307,10,"X"
"T04",2002,21,3,"X"
"T04",2002,21,4,"X"
"T04",2002,21,5,"X"
"T04",2002,21,6,"X"
"T04",2002,21,7,"X"
"T04",2002,21,8,"X"
"T04",2002,21,9,"X"
"T04",2002,21,10,"X"
"T04",2002,61,1,"X"
"T04",2002,61,2,"X"
"T04",2002,61,3,"X"
"T04",2002,61,4,"X"
"T04",2002,61,5,"S"
"T04",2002,61,6,"X"
"T04",2002,61,7,"X"
"T04",2002,61,8,"X"
"T04",2002,61,9,"X"
"T04",2002,61,10,"X"
"T04",2002,71,1,"X"
"T04",2002,71,2,"X"
"T04",2002,71,3,"X"
"T04",2002,71,4,"X"
"T04",2002,71,5,"X"
"T04",2002,71,6,"X"
"T04",2002,71,7,"X"
"T04",2002,71,8,"X"
"T04",2002,71,9,"X"
"T04",2002,71,10,"X"
"T04",2002,78,1,"X"
"T04",2002,78,2,"X"
"T04",2002,78,3,"X"
"T04",2002,78,4,"X"
"T04",2002,78,5,"X"
"T04",2002,78,6,"X"
"T04",2002,78,7,"X"
"T04",2002,78,8,"X"
"T04",2002,78,9,"X"
"T04",2002,78,10,"X"
"T04",2002,138,1,"X"
"T04",2002,138,2,"X"
"T04",2002,138,3,"X"
"T04",2002,138,4,"X"
"T04",2002,138,5,"X"
"T04",2002,138,6,"X"
"T04",2002,138,7,"X"
"T04",2002,138,8,"X"
"T04",2002,138,9,"X"
"T04",2002,138,10,"X"
"T04",2002,164,1,"X"
"T04",2002,164,2,"X"
"T04",2002,164,3,"X"
"T04",2002,164,4,"X"
"T04",2002,164,5,"X"
"T04",2002,164,6,"X"
"T04",2002,164,7,"X"
"T04",2002,164,8,"X"
"T04",2002,164,9,"X"
"T04",2002,164,10,"X"
"T04",2002,184,1,"X"
"T04",2002,184,2,"X"
"T04",2002,184,3,"X"
"T04",2002,184,4,"X"
"T04",2002,184,5,"X"
"T04",2002,184,6,"X"
"T02",2002,442,9,"X"
"T02",2002,442,10,"X"
"T02",2002,443,1,"X"
"T02",2002,443,2,"X"
"T02",2002,443,3,"X"
"T02",2002,443,4,"X"
"T02",2002,443,5,"X"
"T02",2002,443,6,"X"
"T02",2002,443,7,"X"
"T02",2002,443,8,"X"
"T02",2002,443,9,"X"
"T02",2002,443,10,"X"
"T04",2002,1,1,"X"
"T04",2002,1,2,"X"
"T04",2002,1,3,"X"
"T04",2002,1,4,"X"
"T04",2002,1,5,"X"
"T04",2002,1,6,"X"
"T04",2002,1,7,"X"
"T04",2002,1,8,"X"
"T04",2002,1,9,"X"
"T04",2002,1,10,"X"
"T04",2002,2,1,"X"
"T04",2002,2,2,"X"
"T04",2002,2,3,"X"
"T04",2002,2,4,"X"
"T04",2002,2,5,"X"
"T04",2002,2,6,"X"
"T04",2002,2,7,"X"
"T04",2002,2,8,"X"
"T04",2002,2,9,"X"
"T04",2002,2,10,"X"
"T04",2002,13,1,"X"
"T04",2002,13,2,"X"
"T04",2002,13,3,"X"
"T04",2002,13,4,"X"
"T04",2002,13,5,"X"
"T04",2002,13,6,"X"
"T04",2002,13,7,"X"
"T04",2002,13,8,"X"
"T04",2002,13,9,"X"
"T04",2002,13,10,"X"
"T04",2002,16,1,"X"
"T04",2002,16,2,"X"
"T04",2002,16,3,"X"
"T04",2002,16,4,"X"
"T04",2002,16,5,"X"
"T04",2002,16,6,"X"
"T04",2002,16,7,"X"
"T04",2002,16,8,"X"
"T04",2002,16,9,"X"
"T04",2002,16,10,"X"
"T04",2002,19,1,"X"
"T04",2002,19,2,"X"
"T04",2002,19,3,"X"
"T04",2002,19,4,"X"
"T04",2002,19,5,"X"
"T04",2002,19,6,"X"
"T04",2002,19,7,"X"
"T04",2002,19,8,"X"
"T04",2002,19,9,"X"
"T04",2002,19,10,"X"
"T04",2002,21,1,"X"
"T04",2002,21,2,"X"
"T02",2002,436,5,"X"
"T02",2002,436,6,"X"
"T02",2002,436,7,"X"
"T02",2002,436,8,"X"
"T02",2002,436,9,"X"
"T02",2002,436,10,"X"
"T02",2002,437,1,"X"
"T02",2002,437,2,"X"
"T02",2002,437,3,"X"
"T02",2002,437,4,"X"
"T02",2002,437,5,"X"
"T02",2002,437,6,"X"
"T02",2002,437,7,"X"
"T02",2002,437,8,"X"
"T02",2002,437,9,"X"
"T02",2002,437,10,"X"
"T02",2002,438,1,"X"
"T02",2002,438,2,"X"
"T02",2002,438,3,"X"
"T02",2002,438,4,"X"
"T02",2002,438,5,"X"
"T02",2002,438,6,"X"
"T02",2002,438,7,"X"
"T02",2002,438,8,"X"
"T02",2002,438,9,"X"
"T02",2002,438,10,"X"
"T02",2002,439,1,"X"
"T02",2002,439,2,"X"
"T02",2002,439,3,"X"
"T02",2002,439,4,"X"
"T02",2002,439,5,"X"
"T02",2002,439,6,"X"
"T02",2002,439,7,"X"
"T02",2002,439,8,"X"
"T02",2002,439,9,"X"
"T02",2002,439,10,"X"
"T02",2002,440,1,"X"
"T02",2002,440,2,"X"
"T02",2002,440,3,"X"
"T02",2002,440,4,"X"
"T02",2002,440,5,"X"
"T02",2002,440,6,"X"
"T02",2002,440,7,"X"
"T02",2002,440,8,"X"
"T02",2002,440,9,"X"
"T02",2002,440,10,"X"
"T02",2002,441,1,"X"
"T02",2002,441,2,"X"
"T02",2002,441,3,"X"
"T02",2002,441,4,"X"
"T02",2002,441,5,"X"
"T02",2002,441,6,"X"
"T02",2002,441,7,"X"
"T02",2002,441,8,"X"
"T02",2002,441,9,"X"
"T02",2002,441,10,"X"
"T02",2002,442,1,"X"
"T02",2002,442,2,"X"
"T02",2002,442,3,"X"
"T02",2002,442,4,"X"
"T02",2002,442,5,"X"
"T02",2002,442,6,"X"
"T02",2002,442,7,"X"
"T02",2002,442,8,"X"
"T02",2002,384,1,"X"
"T02",2002,384,2,"X"
"T02",2002,384,3,"X"
"T02",2002,384,4,"X"
"T02",2002,384,5,"X"
"T02",2002,384,6,"X"
"T02",2002,384,7,"X"
"T02",2002,384,8,"X"
"T02",2002,384,9,"X"
"T02",2002,384,10,"X"
"T02",2002,396,1,"X"
"T02",2002,396,2,"X"
"T02",2002,396,3,"X"
"T02",2002,396,4,"X"
"T02",2002,396,5,"X"
"T02",2002,396,6,"X"
"T02",2002,396,7,"X"
"T02",2002,396,8,"X"
"T02",2002,396,9,"X"
"T02",2002,396,10,"X"
"T02",2002,424,1,"X"
"T02",2002,424,2,"X"
"T02",2002,424,3,"X"
"T02",2002,424,4,"X"
"T02",2002,424,5,"X"
"T02",2002,424,6,"X"
"T02",2002,424,7,"X"
"T02",2002,424,8,"X"
"T02",2002,424,9,"X"
"T02",2002,424,10,"X"
"T02",2002,428,1,"X"
"T02",2002,428,2,"X"
"T02",2002,428,3,"X"
"T02",2002,428,4,"X"
"T02",2002,428,5,"X"
"T02",2002,428,6,"X"
"T02",2002,428,7,"X"
"T02",2002,428,8,"X"
"T02",2002,428,9,"X"
"T02",2002,428,10,"X"
"T02",2002,434,1,"X"
"T02",2002,434,2,"X"
"T02",2002,434,3,"X"
"T02",2002,434,4,"X"
"T02",2002,434,5,"X"
"T02",2002,434,6,"X"
"T02",2002,434,7,"X"
"T02",2002,434,8,"X"
"T02",2002,434,9,"X"
"T02",2002,434,10,"X"
"T02",2002,435,1,"X"
"T02",2002,435,2,"X"
"T02",2002,435,3,"X"
"T02",2002,435,4,"X"
"T02",2002,435,5,"X"
"T02",2002,435,6,"X"
"T02",2002,435,7,"X"
"T02",2002,435,8,"X"
"T02",2002,435,9,"X"
"T02",2002,435,10,"X"
"T02",2002,436,1,"X"
"T02",2002,436,2,"X"
"T02",2002,436,3,"X"
"T02",2002,436,4,"X"
"T07",2003,30,5,"X"
"T07",2003,30,6,"X"
"T07",2003,30,7,"X"
"T07",2003,30,8,"X"
"T07",2003,30,9,"P"
"T07",2003,30,10,"X"
"T07",2003,47,1,"X"
"T07",2003,47,2,"X"
"T07",2003,47,3,"X"
"T07",2003,47,4,"X"
"T07",2003,47,5,"X"
"T07",2003,47,6,"X"
"T07",2003,47,7,"X"
"T07",2003,47,8,"X"
"T07",2003,47,9,"X"
"T07",2003,47,10,"X"
"T07",2003,59,1,"X"
"T07",2003,59,2,"X"
"T07",2003,59,3,"X"
"T07",2003,59,4,"X"
"T07",2003,59,5,"X"
"T07",2003,59,6,"X"
"T07",2003,59,7,"X"
"T07",2003,59,8,"X"
"T07",2003,59,9,"X"
"T07",2003,59,10,"X"
"T07",2003,151,1,"X"
"T07",2003,151,2,"X"
"T07",2003,151,3,"X"
"T07",2003,151,4,"X"
"T07",2003,151,5,"X"
"T07",2003,151,6,"X"
"T07",2003,151,7,"X"
"T07",2003,151,8,"X"
"T07",2003,151,9,"X"
"T07",2003,151,10,"X"
"T07",2003,277,1,"X"
"T07",2003,277,2,"X"
"T07",2003,278,1,"X"
"T07",2003,278,2,"X"
"T07",2003,278,3,"X"
"T07",2003,278,4,"X"
"T07",2003,278,5,"X"
"T07",2003,278,6,"X"
"T07",2003,278,7,"X"
"T07",2003,278,8,"X"
"T07",2003,278,9,"X"
"T07",2003,278,10,"X"
"T07",2003,308,1,"X"
"T07",2003,308,2,"X"
"T07",2003,308,3,"X"
"T07",2003,308,4,"X"
"T07",2003,308,5,"X"
"T07",2003,308,6,"X"
"T07",2003,308,7,"X"
"T07",2003,308,8,"X"
"T07",2003,308,9,"X"
"T07",2003,308,10,"X"
"T07",2003,436,1,"X"
"T07",2003,436,2,"X"
"T07",2003,436,3,"X"
"T07",2003,436,4,"X"
"T07",2003,436,5,"X"
"T07",2003,436,6,"X"
"T07",2003,436,7,"X"
"T07",2003,436,8,"X"
"T07",2003,436,9,"X"
"T07",2003,436,10,"X"
"T07",2003,451,1,"B"
"T07",2003,451,2,"B"
"T07",2003,451,3,"B"
"T07",2003,451,4,"B"
"T07",2003,451,5,"B"
"T07",2003,451,6,"B"
"T07",2003,451,7,"B"
"T07",2003,451,8,"B"
"T07",2003,451,9,"B"
"T07",2003,451,10,"B"
"T07",2003,1,1,"X"
"T07",2003,1,2,"X"
"T07",2003,1,3,"X"
"T07",2003,1,4,"X"
"T07",2003,1,5,"X"
"T07",2003,1,6,"X"
"T07",2003,1,7,"X"
"T07",2003,1,8,"X"
"T07",2003,1,9,"X"
"T07",2003,1,10,"X"
"T07",2003,6,1,"P"
"T07",2003,6,2,"P"
"T07",2003,6,3,"P"
"T07",2003,6,4,"X"
"T07",2003,6,5,"X"
"T07",2003,6,6,"X"
"T07",2003,6,7,"X"
"T07",2003,6,8,"X"
"T07",2003,6,9,"X"
"T07",2003,6,10,"X"
"T07",2003,30,1,"X"
"T07",2003,30,2,"P"
"T07",2003,30,3,"X"
"T07",2003,30,4,"X"
"T08",2003,173,9,"X"
"T08",2003,173,10,"X"
"T08",2003,194,1,"X"
"T08",2003,194,2,"X"
"T08",2003,194,3,"X"
"T08",2003,194,4,"X"
"T08",2003,194,5,"X"
"T08",2003,194,6,"X"
"T08",2003,194,7,"X"
"T08",2003,194,8,"X"
"T08",2003,194,9,"X"
"T08",2003,194,10,"X"
"T08",2003,239,1,"X"
"T08",2003,239,2,"X"
"T08",2003,239,3,"X"
"T08",2003,239,4,"X"
"T08",2003,239,5,"X"
"T08",2003,239,6,"X"
"T08",2003,239,7,"X"
"T08",2003,239,8,"X"
"T08",2003,239,9,"X"
"T08",2003,239,10,"X"
"T08",2003,327,1,"X"
"T08",2003,327,2,"X"
"T08",2003,327,3,"X"
"T08",2003,327,4,"X"
"T08",2003,327,5,"X"
"T08",2003,327,6,"X"
"T08",2003,327,7,"X"
"T08",2003,327,8,"X"
"T08",2003,327,9,"X"
"T08",2003,327,10,"X"
"T08",2003,401,1,"X"
"T08",2003,401,2,"X"
"T08",2003,401,3,"X"
"T08",2003,401,4,"X"
"T08",2003,32,1,"X"
"T08",2003,32,2,"X"
"T08",2003,32,3,"X"
"T08",2003,32,4,"X"
"T08",2003,32,5,"X"
"T08",2003,32,6,"X"
"T08",2003,32,7,"X"
"T08",2003,32,8,"X"
"T08",2003,32,9,"X"
"T08",2003,32,10,"X"
"T08",2003,61,1,"X"
"T08",2003,61,2,"X"
"T08",2003,61,3,"X"
"T08",2003,61,4,"X"
"T08",2003,61,5,"X"
"T08",2003,61,6,"X"
"T08",2003,61,7,"X"
"T08",2003,61,8,"X"
"T08",2003,61,9,"X"
"T08",2003,61,10,"X"
"T07",2003,277,3,"X"
"T07",2003,277,4,"X"
"T07",2003,277,5,"X"
"T07",2003,277,6,"X"
"T07",2003,277,7,"X"
"T07",2003,277,8,"X"
"T07",2003,277,9,"X"
"T07",2003,277,10,"X"
"T08",2003,401,5,"X"
"T08",2003,401,6,"X"
"T08",2003,401,7,"X"
"T08",2003,401,8,"X"
"T08",2003,401,9,"X"
"T08",2003,401,10,"X"
"T08",2003,416,1,"X"
"T08",2003,416,2,"X"
"T08",2003,416,3,"X"
"T08",2003,416,4,"X"
"T08",2003,416,5,"X"
"T08",2003,416,6,"X"
"T08",2003,416,7,"X"
"T08",2003,416,8,"X"
"T08",2003,416,9,"X"
"T08",2003,416,10,"X"
"T08",2003,420,1,"X"
"T08",2003,420,2,"X"
"T08",2003,420,3,"X"
"T08",2003,420,4,"X"
"T08",2003,420,5,"X"
"T08",2003,420,6,"X"
"T08",2003,420,7,"X"
"T08",2003,420,8,"X"
"T08",2003,420,9,"X"
"T08",2003,420,10,"X"
"T08",2003,421,1,"X"
"T08",2003,421,2,"X"
"T08",2003,421,3,"X"
"T08",2003,421,4,"X"
"T08",2003,421,5,"X"
"T08",2003,421,6,"X"
"T08",2003,421,7,"X"
"T08",2003,421,8,"X"
"T08",2003,421,9,"X"
"T08",2003,421,10,"X"
"T08",2003,72,1,"X"
"T08",2003,72,2,"X"
"T08",2003,72,3,"X"
"T08",2003,72,4,"X"
"T08",2003,72,5,"X"
"T08",2003,72,6,"X"
"T08",2003,72,7,"X"
"T08",2003,72,8,"X"
"T08",2003,72,9,"X"
"T08",2003,72,10,"X"
"T08",2003,168,1,"X"
"T08",2003,168,2,"X"
"T08",2003,168,3,"X"
"T08",2003,168,4,"X"
"T08",2003,168,5,"X"
"T08",2003,168,6,"X"
"T08",2003,168,7,"X"
"T08",2003,168,8,"X"
"T08",2003,168,9,"X"
"T08",2003,168,10,"X"
"T08",2003,173,1,"X"
"T08",2003,173,2,"X"
"T08",2003,173,3,"X"
"T08",2003,173,4,"X"
"T08",2003,173,5,"X"
"T08",2003,173,6,"X"
"T08",2003,173,7,"X"
"T08",2003,173,8,"X"
"T07",2004,59,9,"X"
"T07",2004,59,10,"X"
"T07",2004,151,1,"X"
"T07",2004,151,2,"X"
"T07",2004,151,3,"X"
"T07",2004,151,4,"X"
"T07",2004,151,5,"X"
"T07",2004,151,6,"X"
"T07",2004,151,7,"X"
"T07",2004,151,8,"X"
"T07",2004,151,9,"X"
"T07",2004,151,10,"X"
"T07",2004,277,1,"X"
"T07",2004,277,2,"X"
"T07",2004,277,3,"X"
"T07",2004,277,4,"X"
"T07",2004,277,5,"X"
"T07",2004,277,6,"X"
"T07",2004,277,7,"X"
"T07",2004,277,8,"X"
"T07",2004,277,9,"X"
"T07",2004,277,10,"X"
"T07",2004,278,1,"X"
"T07",2004,278,2,"X"
"T07",2004,278,3,"X"
"T07",2004,278,4,"X"
"T07",2004,278,5,"X"
"T07",2004,278,6,"X"
"T07",2004,278,7,"X"
"T07",2004,278,8,"X"
"T07",2004,278,9,"X"
"T07",2004,278,10,"X"
"T07",2004,1,1,"X"
"T07",2004,1,2,"X"
"T07",2004,1,3,"X"
"T07",2004,1,4,"X"
"T07",2004,1,5,"X"
"T07",2004,1,6,"X"
"T07",2004,1,7,"X"
"T07",2004,1,8,"X"
"T07",2004,1,9,"X"
"T07",2004,1,10,"X"
"T07",2004,6,1,"P"
"T07",2004,6,2,"P"
"T07",2004,6,3,"P"
"T07",2004,6,4,"X"
"T07",2004,6,5,"X"
"T07",2004,6,6,"X"
"T08",2004,72,7,"X"
"T08",2004,72,8,"X"
"T07",2004,308,1,"X"
"T07",2004,308,2,"X"
"T07",2004,308,3,"X"
"T07",2004,308,4,"X"
"T07",2004,308,5,"X"
"T07",2004,308,6,"X"
"T07",2004,308,7,"X"
"T07",2004,308,8,"X"
"T07",2004,308,9,"X"
"T07",2004,308,10,"X"
"T07",2004,436,1,"X"
"T07",2004,436,2,"X"
"T07",2004,436,3,"X"
"T07",2004,436,4,"X"
"T07",2004,436,5,"X"
"T07",2004,436,6,"X"
"T07",2004,436,7,"X"
"T07",2004,436,8,"X"
"T07",2004,436,9,"X"
"T07",2004,436,10,"X"
"T07",2004,451,1,"B"
"T07",2004,451,2,"B"
"T07",2004,451,3,"B"
"T07",2004,451,4,"B"
"T07",2004,451,5,"B"
"T07",2004,451,6,"B"
"T07",2004,451,7,"B"
"T07",2004,451,8,"B"
"T07",2004,451,9,"B"
"T07",2004,451,10,"B"
"T07",2004,6,7,"X"
"T07",2004,6,8,"X"
"T07",2004,6,9,"X"
"T07",2004,6,10,"X"
"T07",2004,30,1,"X"
"T07",2004,30,2,"X"
"T07",2004,30,3,"X"
"T07",2004,30,4,"X"
"T07",2004,30,5,"X"
"T07",2004,30,6,"X"
"T07",2004,30,7,"X"
"T07",2004,30,8,"X"
"T07",2004,30,9,"P"
"T07",2004,30,10,"X"
"T07",2004,47,1,"X"
"T07",2004,47,2,"X"
"T07",2004,47,3,"X"
"T07",2004,47,4,"X"
"T07",2004,47,5,"X"
"T07",2004,47,6,"X"
"T07",2004,47,7,"X"
"T07",2004,47,8,"X"
"T07",2004,47,9,"X"
"T07",2004,47,10,"X"
"T07",2004,59,1,"X"
"T07",2004,59,2,"X"
"T07",2004,59,3,"X"
"T07",2004,59,4,"X"
"T07",2004,59,5,"X"
"T07",2004,59,6,"X"
"T07",2004,59,7,"X"
"T07",2004,59,8,"X"
"T08",2004,194,5,"X"
"T08",2004,194,6,"X"
"T08",2004,194,7,"X"
"T08",2004,194,8,"X"
"T08",2004,194,9,"X"
"T08",2004,194,10,"X"
"T08",2004,239,1,"X"
"T08",2004,239,2,"X"
"T08",2004,239,3,"X"
"T08",2004,239,4,"X"
"T08",2004,239,5,"X"
"T08",2004,239,6,"X"
"T08",2004,239,7,"X"
"T08",2004,239,8,"X"
"T08",2004,239,9,"X"
"T08",2004,239,10,"X"
"T08",2004,327,1,"X"
"T08",2004,327,2,"X"
"T08",2004,327,3,"X"
"T08",2004,327,4,"X"
"T08",2004,327,5,"X"
"T08",2004,327,6,"X"
"T08",2004,327,7,"X"
"T08",2004,327,8,"X"
"T08",2004,327,9,"X"
"T08",2004,327,10,"X"
"T08",2004,401,1,"X"
"T08",2004,401,2,"X"
"T08",2004,401,3,"X"
"T08",2004,401,4,"X"
"T08",2004,401,5,"X"
"T08",2004,401,6,"X"
"T08",2004,401,7,"X"
"T08",2004,401,8,"X"
"T08",2004,401,9,"X"
"T08",2004,401,10,"X"
"T08",2004,416,1,"X"
"T08",2004,416,2,"X"
"T08",2004,32,1,"X"
"T08",2004,32,2,"X"
"T08",2004,32,3,"X"
"T08",2004,32,4,"X"
"T08",2004,32,5,"X"
"T08",2004,32,6,"X"
"T08",2004,32,7,"X"
"T08",2004,32,8,"X"
"T08",2004,32,9,"X"
"T08",2004,32,10,"X"
"T08",2004,61,1,"X"
"T08",2004,61,2,"X"
"T08",2004,61,3,"X"
"T08",2004,61,4,"X"
"T08",2004,61,5,"X"
"T08",2004,61,6,"X"
"T08",2004,61,7,"X"
"T08",2004,61,8,"X"
"T08",2004,61,9,"X"
"T08",2004,61,10,"X"
"T08",2004,72,1,"X"
"T08",2004,72,2,"X"
"T08",2004,72,3,"X"
"T08",2004,72,4,"X"
"T08",2004,72,5,"X"
"T08",2004,72,6,"X"
"T08",2004,421,9,"X"
"T08",2004,421,10,"X"
"T08",2004,422,1,"X"
"T08",2004,422,2,"X"
"T08",2004,422,3,"X"
"T08",2004,422,4,"X"
"T08",2004,422,5,"X"
"T08",2004,422,6,"X"
"T08",2004,422,7,"X"
"T08",2004,422,8,"X"
"T08",2004,422,9,"X"
"T08",2004,422,10,"X"
"T08",2004,423,1,"X"
"T08",2004,423,2,"X"
"T08",2004,423,3,"X"
"T08",2004,423,4,"X"
"T08",2004,423,5,"X"
"T08",2004,423,6,"X"
"T08",2004,423,7,"X"
"T08",2004,423,8,"X"
"T08",2004,423,9,"X"
"T08",2004,423,10,"X"
"T08",2004,430,1,"X"
"T08",2004,430,2,"X"
"T08",2004,430,3,"X"
"T08",2004,430,4,"X"
"T08",2004,430,5,"X"
"T08",2004,430,6,"X"
"T08",2004,430,7,"X"
"T08",2004,430,8,"X"
"T08",2004,430,9,"X"
"T08",2004,430,10,"X"
"T08",2004,431,1,"X"
"T08",2004,431,2,"X"
"T08",2004,431,3,"X"
"T08",2004,431,4,"X"
"T08",2004,431,5,"X"
"T08",2004,431,6,"X"
"T08",2004,72,9,"X"
"T08",2004,72,10,"X"
"T08",2004,168,1,"X"
"T08",2004,168,2,"X"
"T08",2004,168,3,"X"
"T08",2004,168,4,"X"
"T08",2004,168,5,"X"
"T08",2004,168,6,"X"
"T08",2004,168,7,"X"
"T08",2004,168,8,"X"
"T08",2004,168,9,"X"
"T08",2004,168,10,"X"
"T08",2004,173,1,"X"
"T08",2004,173,2,"X"
"T08",2004,173,3,"X"
"T08",2004,173,4,"X"
"T08",2004,173,5,"X"
"T08",2004,173,6,"X"
"T08",2004,173,7,"X"
"T08",2004,173,8,"X"
"T08",2004,173,9,"X"
"T08",2004,173,10,"X"
"T08",2004,194,1,"X"
"T08",2004,194,2,"X"
"T08",2004,194,3,"X"
"T08",2004,194,4,"X"
"T10",2004,34,7,"X"
"T10",2004,34,8,"X"
"T10",2004,34,9,"X"
"T10",2004,34,10,"X"
"T10",2004,47,1,"X"
"T10",2004,47,2,"X"
"T10",2004,47,3,"X"
"T10",2004,47,4,"X"
"T10",2004,47,5,"X"
"T10",2004,47,6,"X"
"T10",2004,47,7,"X"
"T10",2004,47,8,"X"
"T10",2004,47,9,"X"
"T10",2004,47,10,"X"
"T10",2004,50,1,"X"
"T10",2004,50,2,"X"
"T10",2004,50,3,"X"
"T10",2004,50,4,"X"
"T10",2004,50,5,"X"
"T10",2004,50,6,"X"
"T10",2004,50,7,"X"
"T10",2004,50,8,"X"
"T10",2004,50,9,"X"
"T10",2004,50,10,"X"
"T10",2004,56,1,"X"
"T10",2004,56,2,"X"
"T10",2004,3,1,"X"
"T10",2004,3,2,"X"
"T10",2004,3,3,"X"
"T10",2004,3,4,"X"
"T10",2004,3,5,"X"
"T10",2004,3,6,"X"
"T10",2004,3,7,"X"
"T10",2004,3,8,"X"
"T08",2004,431,7,"X"
"T08",2004,431,8,"X"
"T08",2004,431,9,"X"
"T08",2004,431,10,"X"
"T08",2004,416,3,"X"
"T08",2004,416,4,"X"
"T08",2004,416,5,"X"
"T08",2004,416,6,"X"
"T08",2004,416,7,"X"
"T08",2004,416,8,"X"
"T08",2004,416,9,"X"
"T08",2004,416,10,"X"
"T08",2004,420,1,"X"
"T08",2004,420,2,"X"
"T08",2004,420,3,"X"
"T08",2004,420,4,"X"
"T08",2004,420,5,"X"
"T08",2004,420,6,"X"
"T08",2004,420,7,"X"
"T08",2004,420,8,"X"
"T08",2004,420,9,"X"
"T08",2004,420,10,"X"
"T08",2004,421,1,"X"
"T08",2004,421,2,"X"
"T08",2004,421,3,"X"
"T08",2004,421,4,"X"
"T08",2004,421,5,"X"
"T08",2004,421,6,"X"
"T08",2004,421,7,"X"
"T08",2004,421,8,"X"
"T10",2004,208,1,"X"
"T10",2004,208,2,"X"
"T10",2004,208,3,"X"
"T10",2004,208,4,"X"
"T10",2004,208,5,"X"
"T10",2004,208,6,"X"
"T10",2004,208,7,"X"
"T10",2004,208,8,"X"
"T10",2004,208,9,"X"
"T10",2004,208,10,"X"
"T10",2004,219,1,"X"
"T10",2004,219,2,"X"
"T10",2004,219,3,"X"
"T10",2004,219,4,"X"
"T10",2004,219,5,"X"
"T10",2004,219,6,"X"
"T10",2004,219,7,"X"
"T10",2004,219,8,"X"
"T10",2004,219,9,"X"
"T10",2004,219,10,"X"
"T10",2004,237,1,"X"
"T10",2004,237,2,"X"
"T10",2004,237,3,"X"
"T10",2004,237,4,"X"
"T10",2004,237,5,"X"
"T10",2004,237,6,"X"
"T10",2004,3,9,"X"
"T10",2004,3,10,"X"
"T10",2004,14,1,"X"
"T10",2004,14,2,"X"
"T10",2004,14,3,"X"
"T10",2004,14,4,"X"
"T10",2004,14,5,"X"
"T10",2004,14,6,"X"
"T10",2004,14,7,"X"
"T10",2004,14,8,"X"
"T10",2004,14,9,"X"
"T10",2004,14,10,"X"
"T10",2004,28,1,"X"
"T10",2004,28,2,"X"
"T10",2004,28,3,"X"
"T10",2004,28,4,"X"
"T10",2004,28,5,"X"
"T10",2004,28,6,"X"
"T10",2004,28,7,"X"
"T10",2004,28,8,"X"
"T10",2004,28,9,"X"
"T10",2004,28,10,"X"
"T10",2004,32,1,"X"
"T10",2004,32,2,"X"
"T10",2004,32,3,"X"
"T10",2004,32,4,"X"
"T10",2004,32,5,"X"
"T10",2004,32,6,"X"
"T10",2004,32,7,"X"
"T10",2004,32,8,"X"
"T10",2004,32,9,"X"
"T10",2004,32,10,"X"
"T10",2004,34,1,"X"
"T10",2004,34,2,"X"
"T10",2004,34,3,"X"
"T10",2004,34,4,"X"
"T10",2004,34,5,"X"
"T10",2004,34,6,"X"
"T10",2004,261,5,"X"
"T10",2004,261,6,"X"
"T10",2004,261,7,"X"
"T10",2004,261,8,"X"
"T10",2004,261,9,"X"
"T10",2004,261,10,"X"
"T10",2004,269,1,"X"
"T10",2004,269,2,"X"
"T10",2004,269,3,"X"
"T10",2004,269,4,"X"
"T10",2004,269,5,"X"
"T10",2004,269,6,"X"
"T10",2004,269,7,"X"
"T10",2004,269,8,"X"
"T10",2004,269,9,"X"
"T10",2004,269,10,"X"
"T10",2004,277,1,"X"
"T10",2004,277,2,"X"
"T10",2004,277,3,"X"
"T10",2004,277,4,"X"
"T10",2004,277,5,"X"
"T10",2004,277,6,"X"
"T10",2004,277,7,"X"
"T10",2004,277,8,"X"
"T10",2004,277,9,"X"
"T10",2004,277,10,"X"
"T10",2004,56,3,"X"
"T10",2004,56,4,"X"
"T10",2004,56,5,"X"
"T10",2004,56,6,"X"
"T10",2004,56,7,"X"
"T10",2004,56,8,"X"
"T10",2004,56,9,"X"
"T10",2004,56,10,"X"
"T10",2004,99,1,"X"
"T10",2004,99,2,"X"
"T10",2004,99,3,"X"
"T10",2004,99,4,"X"
"T10",2004,99,5,"X"
"T10",2004,99,6,"X"
"T10",2004,99,7,"X"
"T10",2004,99,8,"X"
"T10",2004,99,9,"X"
"T10",2004,99,10,"X"
"T10",2004,148,1,"X"
"T10",2004,148,2,"X"
"T10",2004,148,3,"X"
"T10",2004,148,4,"X"
"T10",2004,148,5,"X"
"T10",2004,148,6,"X"
"T10",2004,148,7,"X"
"T10",2004,148,8,"X"
"T10",2004,148,9,"X"
"T10",2004,148,10,"X"
"T10",2004,162,1,"X"
"T10",2004,162,2,"X"
"T10",2004,162,3,"X"
"T10",2004,162,4,"X"
"T10",2004,162,5,"X"
"T10",2004,162,6,"X"
"T10",2004,162,7,"X"
"T10",2004,162,8,"X"
"T10",2004,162,9,"X"
"T10",2004,162,10,"X"
"T10",2004,444,9,"X"
"T10",2004,444,10,"X"
"T10",2004,555,1,"X"
"T10",2004,555,2,"X"
"T10",2004,555,3,"X"
"T10",2004,555,4,"X"
"T10",2004,555,5,"X"
"T10",2004,555,6,"X"
"T10",2004,555,7,"X"
"T10",2004,555,8,"X"
"T10",2004,555,9,"X"
"T10",2004,555,10,"X"
"T10",2004,666,1,"X"
"T10",2004,666,2,"X"
"T10",2004,666,3,"X"
"T10",2004,666,4,"X"
"T10",2004,666,5,"X"
"T10",2004,666,6,"X"
"T10",2004,666,7,"X"
"T10",2004,666,8,"X"
"T10",2004,666,9,"X"
"T10",2004,666,10,"X"
"T10",2004,777,1,"X"
"T10",2004,777,2,"X"
"T10",2004,777,3,"X"
"T10",2004,777,4,"X"
"T10",2004,237,7,"X"
"T10",2004,237,8,"X"
"T10",2004,237,9,"X"
"T10",2004,237,10,"X"
"T10",2004,247,1,"X"
"T10",2004,247,2,"X"
"T10",2004,247,3,"X"
"T10",2004,247,4,"X"
"T10",2004,247,5,"X"
"T10",2004,247,6,"X"
"T10",2004,247,7,"X"
"T10",2004,247,8,"X"
"T10",2004,247,9,"X"
"T10",2004,247,10,"X"
"T10",2004,249,1,"X"
"T10",2004,249,2,"X"
"T10",2004,249,3,"X"
"T10",2004,249,4,"X"
"T10",2004,249,5,"X"
"T10",2004,249,6,"X"
"T10",2004,249,7,"X"
"T10",2004,249,8,"X"
"T10",2004,249,9,"X"
"T10",2004,249,10,"X"
"T10",2004,256,1,"X"
"T10",2004,256,2,"X"
"T10",2004,256,3,"X"
"T10",2004,256,4,"X"
"T10",2004,256,5,"X"
"T10",2004,256,6,"X"
"T10",2004,256,7,"X"
"T10",2004,256,8,"X"
"T10",2004,256,9,"X"
"T10",2004,256,10,"X"
"T10",2004,261,1,"X"
"T10",2004,261,2,"X"
"T10",2004,261,3,"X"
"T10",2004,261,4,"X"
"T10",2004,777,5,"X"
"T10",2004,777,6,"X"
"T10",2004,777,7,"X"
"T10",2004,777,8,"X"
"T10",2004,777,9,"X"
"T10",2004,777,10,"X"
"T10",2004,888,1,"X"
"T10",2004,888,2,"X"
"T10",2004,888,3,"X"
"T10",2004,888,4,"X"
"T10",2004,888,5,"X"
"T10",2004,888,6,"X"
"T10",2004,888,7,"X"
"T10",2004,888,8,"X"
"T10",2004,888,9,"X"
"T10",2004,888,10,"X"
"T10",2004,999,1,"X"
"T10",2004,999,2,"X"
"T10",2004,999,3,"X"
"T10",2004,999,4,"X"
"T10",2004,999,5,"X"
"T10",2004,999,6,"X"
"T10",2004,999,7,"X"
"T10",2004,999,8,"X"
"T10",2004,999,9,"X"
"T10",2004,999,10,"X"
"T10",2004,287,1,"X"
"T10",2004,287,2,"X"
"T10",2004,287,3,"X"
"T10",2004,287,4,"X"
"T10",2004,287,5,"X"
"T10",2004,287,6,"X"
"T10",2004,287,7,"X"
"T10",2004,287,8,"X"
"T10",2004,287,9,"X"
"T10",2004,287,10,"X"
"T10",2004,288,1,"X"
"T10",2004,288,2,"X"
"T10",2004,288,3,"X"
"T10",2004,288,4,"X"
"T10",2004,288,5,"X"
"T10",2004,288,6,"X"
"T10",2004,288,7,"X"
"T10",2004,288,8,"X"
"T10",2004,288,9,"X"
"T10",2004,288,10,"X"
"T10",2004,289,1,"X"
"T10",2004,289,2,"X"
"T10",2004,289,3,"X"
"T10",2004,289,4,"X"
"T10",2004,289,5,"X"
"T10",2004,289,6,"X"
"T10",2004,289,7,"X"
"T10",2004,289,8,"X"
"T10",2004,289,9,"X"
"T10",2004,289,10,"X"
"T10",2004,444,1,"X"
"T10",2004,444,2,"X"
"T10",2004,444,3,"X"
"T10",2004,444,4,"X"
"T10",2004,444,5,"X"
"T10",2004,444,6,"X"
"T10",2004,444,7,"X"
"T10",2004,444,8,"X"
"T02",2005,384,1,"X"
"T02",2005,384,2,"X"
"T02",2005,384,3,"X"
"T02",2005,384,4,"X"
"T02",2005,384,5,"X"
"T02",2005,384,6,"P"
"T02",2005,384,7,"X"
"T02",2005,384,8,"X"
"T02",2005,384,9,"X"
"T02",2005,384,10,"X"
"T02",2005,396,1,"X"
"T02",2005,396,2,"X"
"T02",2005,396,3,"X"
"T02",2005,396,4,"X"
"T02",2005,396,5,"X"
"T02",2005,396,6,"X"
"T02",2005,396,7,"X"
"T02",2005,396,8,"X"
"T02",2005,396,9,"X"
"T02",2005,396,10,"X"
"T02",2005,424,1,"X"
"T02",2005,424,2,"X"
"T02",2005,424,3,"X"
"T02",2005,424,4,"X"
"T02",2005,424,5,"X"
"T02",2005,424,6,"X"
"T02",2005,424,7,"X"
"T02",2005,424,8,"X"
"T02",2005,424,9,"X"
"T02",2005,424,10,"X"
"T02",2005,428,1,"X"
"T02",2005,428,2,"X"
"T02",2005,428,3,"X"
"T02",2005,428,4,"X"
"T02",2005,428,5,"X"
"T02",2005,428,6,"X"
"T02",2005,428,7,"X"
"T02",2005,428,8,"X"
"T02",2005,428,9,"X"
"T02",2005,428,10,"X"
"T02",2005,434,1,"X"
"T02",2005,434,2,"X"
"T02",2005,434,3,"P"
"T02",2005,434,4,"X"
"T02",2005,434,5,"X"
"T02",2005,434,6,"X"
"T02",2005,434,7,"X"
"T02",2005,434,8,"X"
"T02",2005,434,9,"X"
"T02",2005,434,10,"X"
"T02",2005,435,1,"X"
"T02",2005,435,2,"X"
"T02",2005,435,3,"X"
"T02",2005,435,4,"X"
"T02",2005,435,5,"X"
"T02",2005,435,6,"X"
"T02",2005,435,7,"X"
"T02",2005,435,8,"X"
"T02",2005,435,9,"X"
"T02",2005,435,10,"X"
"T02",2005,436,1,"X"
"T02",2005,436,2,"X"
"T02",2005,436,3,"X"
"T02",2005,436,4,"X"
"T02",2005,436,5,"X"
"T02",2005,436,6,"X"
"T02",2005,436,7,"X"
"T02",2005,436,8,"X"
"T02",2005,436,9,"X"
"T02",2005,436,10,"X"
"T02",2005,437,1,"X"
"T02",2005,437,2,"X"
"T02",2005,437,3,"X"
"T02",2005,437,4,"X"
"T02",2005,437,5,"X"
"T02",2005,437,6,"X"
"T02",2005,437,7,"X"
"T02",2005,437,8,"X"
"T02",2005,437,9,"X"
"T02",2005,437,10,"X"
"T02",2005,438,1,"X"
"T02",2005,438,2,"X"
"T02",2005,438,3,"X"
"T02",2005,438,4,"X"
"T02",2005,438,5,"X"
"T02",2005,438,6,"X"
"T02",2005,438,7,"X"
"T02",2005,438,8,"X"
"T02",2005,438,9,"X"
"T02",2005,438,10,"X"
"T02",2005,439,1,"X"
"T02",2005,439,2,"X"
"T02",2005,439,3,"X"
"T02",2005,439,4,"X"
"T02",2005,439,5,"X"
"T02",2005,439,6,"X"
"T02",2005,439,7,"X"
"T02",2005,439,8,"X"
"T02",2005,439,9,"X"
"T02",2005,439,10,"X"
"T02",2005,440,1,"X"
"T02",2005,440,2,"X"
"T02",2005,440,3,"X"
"T02",2005,440,4,"X"
"T02",2005,440,5,"X"
"T02",2005,440,6,"X"
"T02",2005,440,7,"X"
"T02",2005,440,8,"X"
"T02",2005,440,9,"X"
"T02",2005,440,10,"X"
"T02",2005,441,1,"X"
"T02",2005,441,2,"X"
"T02",2005,441,3,"X"
"T02",2005,441,4,"X"
"T02",2005,441,5,"X"
"T02",2005,441,6,"X"
"T02",2005,441,7,"X"
"T02",2005,441,8,"X"
"T02",2005,441,9,"X"
"T02",2005,441,10,"X"
"T02",2005,442,1,"X"
"T02",2005,442,2,"X"
"T02",2005,442,3,"X"
"T02",2005,442,4,"X"
"T02",2005,442,5,"X"
"T02",2005,442,6,"X"
"T02",2005,442,7,"X"
"T02",2005,442,8,"X"
"T02",2005,442,9,"X"
"T02",2005,442,10,"X"
"T02",2005,443,1,"X"
"T02",2005,443,2,"X"
"T02",2005,443,3,"X"
"T02",2005,443,4,"X"
"T02",2005,443,5,"X"
"T02",2005,443,6,"X"
"T02",2005,443,7,"P"
"T02",2005,443,8,"P"
"T02",2005,443,9,"X"
"T02",2005,443,10,"X"
"T04",2005,1,1,"X"
"T04",2005,1,2,"X"
"T04",2005,1,3,"X"
"T04",2005,1,4,"X"
"T04",2005,1,5,"X"
"T04",2005,1,6,"X"
"T04",2005,1,7,"X"
"T04",2005,1,8,"X"
"T04",2005,1,9,"X"
"T04",2005,1,10,"X"
"T04",2005,2,1,"X"
"T04",2005,2,2,"X"
"T04",2005,2,3,"X"
"T04",2005,2,4,"X"
"T04",2005,2,5,"X"
"T04",2005,2,6,"X"
"T04",2005,2,7,"X"
"T04",2005,2,8,"X"
"T04",2005,2,9,"X"
"T04",2005,2,10,"X"
"T04",2005,13,1,"X"
"T04",2005,13,2,"X"
"T04",2005,13,3,"X"
"T04",2005,13,4,"X"
"T04",2005,13,5,"X"
"T04",2005,13,6,"X"
"T04",2005,13,7,"X"
"T04",2005,13,8,"X"
"T04",2005,13,9,"X"
"T04",2005,13,10,"X"
"T04",2005,16,1,"X"
"T04",2005,16,2,"X"
"T04",2005,16,3,"X"
"T04",2005,16,4,"X"
"T04",2005,16,5,"X"
"T04",2005,16,6,"X"
"T04",2005,16,7,"X"
"T04",2005,16,8,"X"
"T04",2005,16,9,"X"
"T04",2005,16,10,"X"
"T04",2005,19,1,"X"
"T04",2005,19,2,"X"
"T04",2005,19,3,"X"
"T04",2005,19,4,"X"
"T04",2005,19,5,"X"
"T04",2005,19,6,"X"
"T04",2005,19,7,"X"
"T04",2005,19,8,"X"
"T04",2005,19,9,"X"
"T04",2005,19,10,"X"
"T04",2005,21,1,"X"
"T04",2005,21,2,"X"
"T04",2005,21,3,"X"
"T04",2005,21,4,"X"
"T04",2005,21,5,"X"
"T04",2005,21,6,"X"
"T04",2005,21,7,"X"
"T04",2005,21,8,"X"
"T04",2005,21,9,"X"
"T04",2005,21,10,"X"
"T04",2005,61,1,"X"
"T04",2005,61,2,"X"
"T04",2005,61,3,"X"
"T04",2005,61,4,"X"
"T04",2005,61,5,"X"
"T04",2005,61,6,"X"
"T04",2005,61,7,"X"
"T04",2005,61,8,"X"
"T04",2005,61,9,"X"
"T04",2005,61,10,"X"
"T04",2005,71,1,"X"
"T04",2005,71,2,"X"
"T04",2005,71,3,"X"
"T04",2005,71,4,"X"
"T04",2005,71,5,"X"
"T04",2005,71,6,"X"
"T04",2005,71,7,"X"
"T04",2005,71,8,"X"
"T04",2005,71,9,"X"
"T04",2005,71,10,"X"
"T04",2005,78,1,"X"
"T04",2005,78,2,"X"
"T04",2005,78,3,"X"
"T04",2005,78,4,"X"
"T04",2005,78,5,"X"
"T04",2005,78,6,"X"
"T04",2005,78,7,"X"
"T04",2005,78,8,"X"
"T04",2005,78,9,"X"
"T04",2005,78,10,"X"
"T04",2005,138,1,"X"
"T04",2005,138,2,"X"
"T04",2005,138,3,"X"
"T04",2005,138,4,"X"
"T04",2005,138,5,"X"
"T04",2005,138,6,"X"
"T04",2005,138,7,"X"
"T04",2005,138,8,"X"
"T04",2005,138,9,"X"
"T04",2005,138,10,"X"
"T04",2005,164,1,"X"
"T04",2005,164,2,"X"
"T04",2005,164,3,"X"
"T04",2005,164,4,"X"
"T04",2005,164,5,"X"
"T04",2005,164,6,"X"
"T04",2005,164,7,"X"
"T04",2005,164,8,"X"
"T04",2005,164,9,"X"
"T04",2005,164,10,"X"
"T04",2005,184,1,"X"
"T04",2005,184,2,"X"
"T04",2005,184,3,"X"
"T04",2005,184,4,"X"
"T04",2005,184,5,"X"
"T04",2005,184,6,"X"
"T04",2005,184,7,"X"
"T04",2005,184,8,"X"
"T04",2005,184,9,"X"
"T04",2005,184,10,"X"
"T04",2005,206,1,"X"
"T04",2005,206,2,"X"
"T04",2005,206,3,"X"
"T04",2005,206,4,"X"
"T04",2005,206,5,"X"
"T04",2005,206,6,"X"
"T04",2005,206,7,"X"
"T04",2005,206,8,"X"
"T04",2005,206,9,"X"
"T04",2005,206,10,"X"
"T04",2005,226,1,"X"
"T04",2005,226,2,"X"
"T04",2005,226,3,"X"
"T04",2005,226,4,"X"
"T04",2005,226,5,"X"
"T04",2005,226,6,"X"
"T04",2005,226,7,"X"
"T04",2005,226,8,"X"
"T04",2005,226,9,"X"
"T04",2005,226,10,"X"
"T04",2005,247,1,"X"
"T04",2005,247,2,"X"
"T04",2005,247,3,"X"
"T04",2005,247,4,"X"
"T04",2005,247,5,"X"
"T04",2005,247,6,"X"
"T04",2005,247,7,"X"
"T04",2005,247,8,"X"
"T04",2005,247,9,"X"
"T04",2005,247,10,"X"
"T04",2005,251,1,"X"
"T04",2005,251,2,"X"
"T04",2005,251,3,"X"
"T04",2005,251,4,"X"
"T04",2005,251,5,"X"
"T04",2005,251,6,"X"
"T04",2005,251,7,"X"
"T04",2005,251,8,"X"
"T04",2005,251,9,"X"
"T04",2005,251,10,"X"
"T04",2005,254,1,"X"
"T04",2005,254,2,"X"
"T04",2005,254,3,"X"
"T04",2005,254,4,"X"
"T04",2005,254,5,"X"
"T04",2005,254,6,"X"
"T04",2005,254,7,"X"
"T04",2005,254,8,"X"
"T04",2005,254,9,"X"
"T04",2005,254,10,"X"
"T04",2005,307,1,"X"
"T04",2005,307,2,"X"
"T04",2005,307,3,"X"
"T04",2005,307,4,"X"
"T04",2005,307,5,"X"
"T04",2005,307,6,"X"
"T04",2005,307,7,"X"
"T04",2005,307,8,"X"
"T04",2005,307,9,"X"
"T04",2005,307,10,"X"
"T04",2005,310,1,"X"
"T04",2005,310,2,"X"
"T04",2005,310,3,"X"
"T04",2005,310,4,"X"
"T04",2005,310,5,"X"
"T04",2005,310,6,"X"
"T04",2005,310,7,"X"
"T04",2005,310,8,"X"
"T04",2005,310,9,"X"
"T04",2005,310,10,"X"
"T04",2005,326,1,"X"
"T04",2005,326,2,"X"
"T04",2005,326,3,"X"
"T04",2005,326,4,"X"
"T04",2005,326,5,"F"
"T04",2005,326,6,"X"
"T04",2005,326,7,"X"
"T04",2005,326,8,"F"
"T04",2005,326,9,"X"
"T04",2005,326,10,"X"
"T04",2005,348,1,"X"
"T04",2005,348,2,"X"
"T04",2005,348,3,"X"
"T04",2005,348,4,"X"
"T04",2005,348,5,"X"
"T04",2005,348,6,"X"
"T04",2005,348,7,"X"
"T04",2005,348,8,"X"
"T04",2005,348,9,"X"
"T04",2005,348,10,"X"
"T04",2005,371,1,"X"
"T04",2005,371,2,"X"
"T04",2005,371,3,"X"
"T04",2005,371,4,"X"
"T04",2005,371,5,"X"
"T04",2005,371,6,"X"
"T04",2005,371,7,"X"
"T04",2005,371,8,"X"
"T04",2005,371,9,"X"
"T04",2005,371,10,"X"
"T04",2005,372,1,"X"
"T04",2005,372,2,"X"
"T04",2005,372,3,"X"
"T04",2005,372,4,"X"
"T04",2005,372,5,"X"
"T04",2005,372,6,"X"
"T04",2005,372,7,"X"
"T04",2005,372,8,"X"
"T04",2005,372,9,"X"
"T04",2005,372,10,"X"
"T04",2005,390,1,"F"
"T04",2005,390,2,"X"
"T04",2005,390,3,"X"
"T04",2005,390,4,"X"
"T04",2005,390,5,"X"
"T04",2005,390,6,"X"
"T04",2005,390,7,"X"
"T04",2005,390,8,"X"
"T04",2005,390,9,"X"
"T04",2005,390,10,"X"
"T04",2005,396,1,"X"
"T04",2005,396,2,"X"
"T04",2005,396,3,"X"
"T04",2005,396,4,"X"
"T04",2005,396,5,"X"
"T04",2005,396,6,"X"
"T04",2005,396,7,"X"
"T04",2005,396,8,"X"
"T04",2005,396,9,"X"
"T04",2005,396,10,"X"
"T04",2005,399,1,"X"
"T04",2005,399,2,"X"
"T04",2005,399,3,"X"
"T04",2005,399,4,"X"
"T04",2005,399,5,"X"
"T04",2005,399,6,"X"
"T04",2005,399,7,"X"
"T04",2005,399,8,"X"
"T04",2005,399,9,"X"
"T04",2005,399,10,"X"
"T04",2005,402,1,"X"
"T04",2005,402,2,"X"
"T04",2005,402,3,"X"
"T04",2005,402,4,"X"
"T04",2005,402,5,"X"
"T04",2005,402,6,"X"
"T04",2005,402,7,"X"
"T04",2005,402,8,"X"
"T04",2005,402,9,"X"
"T04",2005,402,10,"X"
"T04",2005,404,1,"X"
"T04",2005,404,2,"X"
"T04",2005,404,3,"X"
"T04",2005,404,4,"X"
"T04",2005,404,5,"X"
"T04",2005,404,6,"X"
"T04",2005,404,7,"X"
"T04",2005,404,8,"X"
"T04",2005,404,9,"X"
"T04",2005,404,10,"X"
"T04",2005,411,1,"X"
"T04",2005,411,2,"X"
"T04",2005,411,3,"X"
"T04",2005,411,4,"X"
"T04",2005,411,5,"X"
"T04",2005,411,6,"X"
"T04",2005,411,7,"X"
"T04",2005,411,8,"X"
"T04",2005,411,9,"X"
"T04",2005,411,10,"X"
"T04",2005,419,1,"X"
"T04",2005,419,2,"X"
"T04",2005,419,3,"X"
"T04",2005,419,4,"X"
"T04",2005,419,5,"X"
"T04",2005,419,6,"X"
"T04",2005,419,7,"X"
"T04",2005,419,8,"X"
"T04",2005,419,9,"X"
"T04",2005,419,10,"X"
"T04",2005,428,1,"X"
"T04",2005,428,2,"X"
"T04",2005,428,3,"X"
"T04",2005,428,4,"X"
"T04",2005,428,5,"X"
"T04",2005,428,6,"X"
"T04",2005,428,7,"X"
"T04",2005,428,8,"X"
"T04",2005,428,9,"X"
"T04",2005,428,10,"X"
"T04",2005,429,1,"X"
"T04",2005,429,2,"X"
"T04",2005,429,3,"X"
"T04",2005,429,4,"X"
"T04",2005,429,5,"X"
"T04",2005,429,6,"X"
"T04",2005,429,7,"X"
"T04",2005,429,8,"X"
"T04",2005,429,9,"X"
"T04",2005,429,10,"X"
"T04",2005,444,1,"X"
"T04",2005,444,2,"X"
"T04",2005,444,3,"X"
"T04",2005,444,4,"X"
"T04",2005,444,5,"X"
"T04",2005,444,6,"X"
"T04",2005,444,7,"X"
"T04",2005,444,8,"X"
"T04",2005,444,9,"X"
"T04",2005,444,10,"X"
"T04",2005,449,1,"X"
"T04",2005,449,2,"X"
"T04",2005,449,3,"X"
"T04",2005,449,4,"X"
"T04",2005,449,5,"X"
"T04",2005,449,6,"X"
"T04",2005,449,7,"X"
"T04",2005,449,8,"X"
"T04",2005,449,9,"X"
"T04",2005,449,10,"X"
"T04",2005,450,1,"X"
"T04",2005,450,2,"X"
"T04",2005,450,3,"X"
"T04",2005,450,4,"X"
"T04",2005,450,5,"X"
"T04",2005,450,6,"X"
"T04",2005,450,7,"X"
"T04",2005,450,8,"X"
"T04",2005,450,9,"X"
"T04",2005,450,10,"X"
"T04",2005,454,1,"X"
"T04",2005,454,2,"X"
"T04",2005,454,3,"X"
"T04",2005,454,4,"X"
"T04",2005,454,5,"X"
"T04",2005,454,6,"X"
"T04",2005,454,7,"X"
"T04",2005,454,8,"X"
"T04",2005,454,9,"X"
"T04",2005,454,10,"X"
"T04",2005,500,1,"X"
"T04",2005,500,2,"X"
"T04",2005,500,3,"S"
"T04",2005,500,4,"X"
"T04",2005,500,5,"X"
"T04",2005,500,6,"X"
"T04",2005,500,7,"X"
"T04",2005,500,8,"X"
"T04",2005,500,9,"S"
"T04",2005,500,10,"X"
"T04",2005,501,1,"X"
"T04",2005,501,2,"X"
"T04",2005,501,3,"X"
"T04",2005,501,4,"X"
"T04",2005,501,5,"X"
"T04",2005,501,6,"X"
"T04",2005,501,7,"X"
"T04",2005,501,8,"X"
"T04",2005,501,9,"X"
"T04",2005,501,10,"X"
"T04",2005,502,1,"X"
"T04",2005,502,2,"X"
"T04",2005,502,3,"X"
"T04",2005,502,4,"X"
"T04",2005,502,5,"X"
"T04",2005,502,6,"X"
"T04",2005,502,7,"X"
"T04",2005,502,8,"X"
"T04",2005,502,9,"X"
"T04",2005,502,10,"X"
"T04",2005,505,1,"X"
"T04",2005,505,2,"X"
"T04",2005,505,3,"X"
"T04",2005,505,4,"X"
"T04",2005,505,5,"X"
"T04",2005,505,6,"X"
"T04",2005,505,7,"X"
"T04",2005,505,8,"X"
"T04",2005,505,9,"X"
"T04",2005,505,10,"X"
"T04",2005,507,1,"X"
"T04",2005,507,2,"X"
"T04",2005,507,3,"X"
"T04",2005,507,4,"X"
"T04",2005,507,5,"X"
"T04",2005,507,6,"X"
"T04",2005,507,7,"X"
"T04",2005,507,8,"X"
"T04",2005,507,9,"X"
"T04",2005,507,10,"X"
"T04",2005,509,1,"X"
"T04",2005,509,2,"X"
"T04",2005,509,3,"X"
"T04",2005,509,4,"X"
"T04",2005,509,5,"X"
"T04",2005,509,6,"X"
"T04",2005,509,7,"X"
"T04",2005,509,8,"X"
"T04",2005,509,9,"X"
"T04",2005,509,10,"X"
"T04",2005,611,1,"X"
"T04",2005,611,2,"X"
"T04",2005,611,3,"X"
"T04",2005,611,4,"X"
"T04",2005,611,5,"X"
"T04",2005,611,6,"X"
"T04",2005,611,7,"X"
"T04",2005,611,8,"X"
"T04",2005,611,9,"X"
"T04",2005,611,10,"X"
"T04",2005,800,1,"X"
"T04",2005,800,2,"X"
"T04",2005,800,3,"X"
"T04",2005,800,4,"X"
"T04",2005,800,5,"X"
"T04",2005,800,6,"X"
"T04",2005,800,7,"X"
"T04",2005,800,8,"X"
"T04",2005,800,9,"X"
"T04",2005,800,10,"X"
"T04",2005,801,1,"X"
"T04",2005,801,2,"X"
"T04",2005,801,3,"X"
"T04",2005,801,4,"X"
"T04",2005,801,5,"X"
"T04",2005,801,6,"X"
"T04",2005,801,7,"X"
"T04",2005,801,8,"X"
"T04",2005,801,9,"X"
"T04",2005,801,10,"X"
"T05",2005,9,1,"X"
"T05",2005,9,2,"X"
"T05",2005,9,3,"X"
"T05",2005,9,4,"X"
"T05",2005,9,5,"X"
"T05",2005,9,6,"X"
"T05",2005,9,7,"X"
"T05",2005,9,8,"X"
"T05",2005,9,9,"X"
"T05",2005,9,10,"X"
"T05",2005,26,1,"X"
"T05",2005,26,2,"X"
"T05",2005,26,3,"X"
"T05",2005,26,4,"X"
"T05",2005,26,5,"X"
"T05",2005,26,6,"X"
"T05",2005,26,7,"X"
"T05",2005,26,8,"X"
"T05",2005,26,9,"X"
"T05",2005,26,10,"X"
"T05",2005,51,1,"X"
"T05",2005,51,2,"X"
"T05",2005,51,3,"X"
"T05",2005,51,4,"X"
"T05",2005,51,5,"X"
"T05",2005,51,6,"X"
"T05",2005,51,7,"X"
"T05",2005,51,8,"X"
"T05",2005,51,9,"X"
"T05",2005,51,10,"X"
"T05",2005,91,1,"X"
"T05",2005,91,2,"X"
"T05",2005,91,3,"X"
"T05",2005,91,4,"X"
"T05",2005,91,5,"X"
"T05",2005,91,6,"X"
"T05",2005,91,7,"X"
"T05",2005,91,8,"X"
"T05",2005,91,9,"X"
"T05",2005,91,10,"X"
"T05",2005,118,1,"X"
"T05",2005,118,2,"X"
"T05",2005,118,3,"X"
"T05",2005,118,4,"X"
"T05",2005,118,5,"X"
"T05",2005,118,6,"X"
"T05",2005,118,7,"X"
"T05",2005,118,8,"X"
"T05",2005,118,9,"X"
"T05",2005,118,10,"X"
"T05",2005,210,1,"X"
"T05",2005,210,2,"X"
"T05",2005,210,3,"X"
"T05",2005,210,4,"X"
"T05",2005,210,5,"X"
"T05",2005,210,6,"X"
"T05",2005,210,7,"X"
"T05",2005,210,8,"X"
"T05",2005,210,9,"X"
"T05",2005,210,10,"X"
"T05",2005,256,1,"X"
"T05",2005,256,2,"X"
"T05",2005,256,3,"X"
"T05",2005,256,4,"X"
"T05",2005,256,5,"X"
"T05",2005,256,6,"X"
"T05",2005,256,7,"X"
"T05",2005,256,8,"X"
"T05",2005,256,9,"X"
"T05",2005,256,10,"X"
"T05",2005,289,1,"X"
"T05",2005,289,2,"X"
"T05",2005,289,3,"X"
"T05",2005,289,4,"X"
"T05",2005,289,5,"X"
"T05",2005,289,6,"X"
"T05",2005,289,7,"X"
"T05",2005,289,8,"X"
"T05",2005,289,9,"X"
"T05",2005,289,10,"X"
"T05",2005,318,1,"X"
"T05",2005,318,2,"X"
"T05",2005,318,3,"X"
"T05",2005,318,4,"X"
"T05",2005,318,5,"X"
"T05",2005,318,6,"X"
"T05",2005,318,7,"X"
"T05",2005,318,8,"X"
"T05",2005,318,9,"X"
"T05",2005,318,10,"X"
"T05",2005,323,1,"X"
"T05",2005,323,2,"X"
"T05",2005,323,3,"X"
"T05",2005,323,4,"X"
"T05",2005,323,5,"X"
"T05",2005,323,6,"X"
"T05",2005,323,7,"X"
"T05",2005,323,8,"X"
"T05",2005,323,9,"X"
"T05",2005,323,10,"X"
"T05",2005,329,1,"X"
"T05",2005,329,2,"X"
"T05",2005,329,3,"X"
"T05",2005,329,4,"X"
"T05",2005,329,5,"X"
"T05",2005,329,6,"X"
"T05",2005,329,7,"X"
"T05",2005,329,8,"X"
"T05",2005,329,9,"X"
"T05",2005,329,10,"X"
"T05",2005,332,1,"X"
"T05",2005,332,2,"X"
"T05",2005,332,3,"X"
"T05",2005,332,4,"X"
"T05",2005,332,5,"X"
"T05",2005,332,6,"X"
"T05",2005,332,7,"X"
"T05",2005,332,8,"X"
"T05",2005,332,9,"X"
"T05",2005,332,10,"X"
"T05",2005,334,1,"X"
"T05",2005,334,2,"X"
"T05",2005,334,3,"X"
"T05",2005,334,4,"X"
"T05",2005,334,5,"X"
"T05",2005,334,6,"X"
"T05",2005,334,7,"X"
"T05",2005,334,8,"X"
"T05",2005,334,9,"X"
"T05",2005,334,10,"X"
"T05",2005,336,1,"X"
"T05",2005,336,2,"X"
"T05",2005,336,3,"X"
"T05",2005,336,4,"X"
"T05",2005,336,5,"X"
"T05",2005,336,6,"X"
"T05",2005,336,7,"X"
"T05",2005,336,8,"X"
"T05",2005,336,9,"X"
"T05",2005,336,10,"X"
"T05",2005,343,1,"X"
"T05",2005,343,2,"X"
"T05",2005,343,3,"X"
"T05",2005,343,4,"X"
"T05",2005,343,5,"X"
"T05",2005,343,6,"X"
"T05",2005,343,7,"X"
"T05",2005,343,8,"X"
"T05",2005,343,9,"X"
"T05",2005,343,10,"X"
"T05",2005,344,1,"X"
"T05",2005,344,2,"X"
"T05",2005,344,3,"X"
"T05",2005,344,4,"X"
"T05",2005,344,5,"X"
"T05",2005,344,6,"X"
"T05",2005,344,7,"X"
"T05",2005,344,8,"X"
"T05",2005,344,9,"X"
"T05",2005,344,10,"X"
"T07",2005,1,1,"X"
"T07",2005,1,2,"X"
"T07",2005,1,3,"X"
"T07",2005,1,4,"X"
"T07",2005,1,5,"X"
"T07",2005,1,6,"X"
"T07",2005,1,7,"X"
"T07",2005,1,8,"X"
"T07",2005,1,9,"X"
"T07",2005,1,10,"X"
"T07",2005,2,1,"X"
"T07",2005,2,2,"X"
"T07",2005,2,3,"X"
"T07",2005,2,4,"X"
"T07",2005,2,5,"X"
"T07",2005,2,6,"X"
"T07",2005,2,7,"X"
"T07",2005,2,8,"X"
"T07",2005,2,9,"X"
"T07",2005,2,10,"X"
"T07",2005,6,1,"P"
"T07",2005,6,2,"P"
"T07",2005,6,3,"P"
"T07",2005,6,4,"X"
"T07",2005,6,5,"X"
"T07",2005,6,6,"X"
"T07",2005,6,7,"X"
"T07",2005,6,8,"X"
"T07",2005,6,9,"X"
"T07",2005,6,10,"X"
"T07",2005,30,1,"X"
"T07",2005,30,2,"X"
"T07",2005,30,3,"X"
"T07",2005,30,4,"X"
"T07",2005,30,5,"X"
"T07",2005,30,6,"X"
"T07",2005,30,7,"X"
"T07",2005,30,8,"X"
"T07",2005,30,9,"P"
"T07",2005,30,10,"X"
"T07",2005,47,1,"X"
"T07",2005,47,2,"X"
"T07",2005,47,3,"X"
"T07",2005,47,4,"X"
"T07",2005,47,5,"X"
"T07",2005,47,6,"X"
"T07",2005,47,7,"X"
"T07",2005,47,8,"X"
"T07",2005,47,9,"X"
"T07",2005,47,10,"X"
"T07",2005,59,1,"X"
"T07",2005,59,2,"X"
"T07",2005,59,3,"X"
"T07",2005,59,4,"X"
"T07",2005,59,5,"X"
"T07",2005,59,6,"X"
"T07",2005,59,7,"X"
"T07",2005,59,8,"X"
"T07",2005,59,9,"X"
"T07",2005,59,10,"X"
"T07",2005,102,1,"X"
"T07",2005,102,2,"X"
"T07",2005,102,3,"X"
"T07",2005,102,4,"X"
"T07",2005,102,5,"X"
"T07",2005,102,6,"X"
"T07",2005,102,7,"X"
"T07",2005,102,8,"X"
"T07",2005,102,9,"X"
"T07",2005,102,10,"X"
"T07",2005,151,1,"X"
"T07",2005,151,2,"X"
"T07",2005,151,3,"X"
"T07",2005,151,4,"X"
"T07",2005,151,5,"X"
"T07",2005,151,6,"X"
"T07",2005,151,7,"X"
"T07",2005,151,8,"X"
"T07",2005,151,9,"X"
"T07",2005,151,10,"X"
"T07",2005,152,1,"X"
"T07",2005,152,2,"X"
"T07",2005,152,3,"X"
"T07",2005,152,4,"X"
"T07",2005,152,5,"X"
"T07",2005,152,6,"X"
"T07",2005,152,7,"X"
"T07",2005,152,8,"X"
"T07",2005,152,9,"X"
"T07",2005,152,10,"X"
"T07",2005,156,1,"X"
"T07",2005,156,2,"X"
"T07",2005,156,3,"X"
"T07",2005,156,4,"X"
"T07",2005,156,5,"X"
"T07",2005,156,6,"X"
"T07",2005,156,7,"X"
"T07",2005,156,8,"X"
"T07",2005,156,9,"X"
"T07",2005,156,10,"X"
"T07",2005,272,1,"X"
"T07",2005,272,2,"X"
"T07",2005,272,3,"X"
"T07",2005,272,4,"X"
"T07",2005,272,5,"X"
"T07",2005,272,6,"X"
"T07",2005,272,7,"X"
"T07",2005,272,8,"X"
"T07",2005,272,9,"X"
"T07",2005,272,10,"X"
"T07",2005,277,1,"X"
"T07",2005,277,2,"X"
"T07",2005,277,3,"X"
"T07",2005,277,4,"X"
"T07",2005,277,5,"X"
"T07",2005,277,6,"X"
"T07",2005,277,7,"X"
"T07",2005,277,8,"X"
"T07",2005,277,9,"X"
"T07",2005,277,10,"X"
"T07",2005,278,1,"X"
"T07",2005,278,2,"X"
"T07",2005,278,3,"X"
"T07",2005,278,4,"X"
"T07",2005,278,5,"X"
"T07",2005,278,6,"X"
"T07",2005,278,7,"X"
"T07",2005,278,8,"X"
"T07",2005,278,9,"X"
"T07",2005,278,10,"X"
"T07",2005,305,1,"X"
"T07",2005,305,2,"X"
"T07",2005,305,3,"X"
"T07",2005,305,4,"X"
"T07",2005,305,5,"X"
"T07",2005,305,6,"X"
"T07",2005,305,7,"X"
"T07",2005,305,8,"X"
"T07",2005,305,9,"X"
"T07",2005,305,10,"X"
"T07",2005,308,1,"X"
"T07",2005,308,2,"X"
"T07",2005,308,3,"X"
"T07",2005,308,4,"X"
"T07",2005,308,5,"X"
"T07",2005,308,6,"X"
"T07",2005,308,7,"X"
"T07",2005,308,8,"X"
"T07",2005,308,9,"X"
"T07",2005,308,10,"X"
"T07",2005,320,1,"X"
"T07",2005,320,2,"X"
"T07",2005,320,3,"X"
"T07",2005,320,4,"X"
"T07",2005,320,5,"P"
"T07",2005,320,6,"X"
"T07",2005,320,7,"X"
"T07",2005,320,8,"X"
"T07",2005,320,9,"X"
"T07",2005,320,10,"X"
"T07",2005,436,1,"X"
"T07",2005,436,2,"X"
"T07",2005,436,3,"X"
"T07",2005,436,4,"X"
"T07",2005,436,5,"X"
"T07",2005,436,6,"X"
"T07",2005,436,7,"X"
"T07",2005,436,8,"X"
"T07",2005,436,9,"X"
"T07",2005,436,10,"X"
"T07",2005,451,1,"X"
"T07",2005,451,2,"X"
"T07",2005,451,3,"X"
"T07",2005,451,4,"X"
"T07",2005,451,5,"X"
"T07",2005,451,6,"X"
"T07",2005,451,7,"X"
"T07",2005,451,8,"X"
"T07",2005,451,9,"X"
"T07",2005,451,10,"X"
"T08",2005,32,1,"X"
"T08",2005,32,2,"X"
"T08",2005,32,3,"X"
"T08",2005,32,4,"X"
"T08",2005,32,5,"X"
"T08",2005,32,6,"X"
"T08",2005,32,7,"X"
"T08",2005,32,8,"X"
"T08",2005,32,9,"X"
"T08",2005,32,10,"X"
"T08",2005,61,1,"X"
"T08",2005,61,2,"X"
"T08",2005,61,3,"X"
"T08",2005,61,4,"X"
"T08",2005,61,5,"X"
"T08",2005,61,6,"X"
"T08",2005,61,7,"X"
"T08",2005,61,8,"X"
"T08",2005,61,9,"X"
"T08",2005,61,10,"X"
"T08",2005,72,1,"X"
"T08",2005,72,2,"X"
"T08",2005,72,3,"X"
"T08",2005,72,4,"X"
"T08",2005,72,5,"X"
"T08",2005,72,6,"X"
"T08",2005,72,7,"X"
"T08",2005,72,8,"X"
"T08",2005,72,9,"X"
"T08",2005,72,10,"X"
"T08",2005,104,1,"X"
"T08",2005,104,2,"X"
"T08",2005,104,3,"X"
"T08",2005,104,4,"X"
"T08",2005,104,5,"X"
"T08",2005,104,6,"X"
"T08",2005,104,7,"X"
"T08",2005,104,8,"X"
"T08",2005,104,9,"X"
"T08",2005,104,10,"X"
"T08",2005,168,1,"X"
"T08",2005,168,2,"X"
"T08",2005,168,3,"X"
"T08",2005,168,4,"X"
"T08",2005,168,5,"X"
"T08",2005,168,6,"X"
"T08",2005,168,7,"X"
"T08",2005,168,8,"X"
"T08",2005,168,9,"X"
"T08",2005,168,10,"X"
"T08",2005,173,1,"X"
"T08",2005,173,2,"X"
"T08",2005,173,3,"X"
"T08",2005,173,4,"X"
"T08",2005,173,5,"X"
"T08",2005,173,6,"X"
"T08",2005,173,7,"X"
"T08",2005,173,8,"X"
"T08",2005,173,9,"X"
"T08",2005,173,10,"X"
"T08",2005,194,1,"X"
"T08",2005,194,2,"X"
"T08",2005,194,3,"X"
"T08",2005,194,4,"X"
"T08",2005,194,5,"X"
"T08",2005,194,6,"X"
"T08",2005,194,7,"X"
"T08",2005,194,8,"X"
"T08",2005,194,9,"X"
"T08",2005,194,10,"X"
"T08",2005,218,1,"X"
"T08",2005,218,2,"X"
"T08",2005,218,3,"X"
"T08",2005,218,4,"X"
"T08",2005,218,5,"X"
"T08",2005,218,6,"X"
"T08",2005,218,7,"X"
"T08",2005,218,8,"X"
"T08",2005,218,9,"X"
"T08",2005,218,10,"X"
"T08",2005,239,1,"X"
"T08",2005,239,2,"X"
"T08",2005,239,3,"X"
"T08",2005,239,4,"X"
"T08",2005,239,5,"X"
"T08",2005,239,6,"X"
"T08",2005,239,7,"X"
"T08",2005,239,8,"X"
"T08",2005,239,9,"X"
"T08",2005,239,10,"X"
"T08",2005,327,1,"X"
"T08",2005,327,2,"X"
"T08",2005,327,3,"X"
"T08",2005,327,4,"X"
"T08",2005,327,5,"X"
"T08",2005,327,6,"X"
"T08",2005,327,7,"X"
"T08",2005,327,8,"X"
"T08",2005,327,9,"X"
"T08",2005,327,10,"X"
"T08",2005,370,1,"X"
"T08",2005,370,2,"X"
"T08",2005,370,3,"X"
"T08",2005,370,4,"X"
"T08",2005,370,5,"X"
"T08",2005,370,6,"X"
"T08",2005,370,7,"X"
"T08",2005,370,8,"X"
"T08",2005,370,9,"X"
"T08",2005,370,10,"X"
"T08",2005,401,1,"X"
"T08",2005,401,2,"X"
"T08",2005,401,3,"X"
"T08",2005,401,4,"X"
"T08",2005,401,5,"X"
"T08",2005,401,6,"X"
"T08",2005,401,7,"X"
"T08",2005,401,8,"X"
"T08",2005,401,9,"X"
"T08",2005,401,10,"X"
"T08",2005,416,1,"X"
"T08",2005,416,2,"X"
"T08",2005,416,3,"X"
"T08",2005,416,4,"X"
"T08",2005,416,5,"X"
"T08",2005,416,6,"X"
"T08",2005,416,7,"X"
"T08",2005,416,8,"X"
"T08",2005,416,9,"X"
"T08",2005,416,10,"X"
"T08",2005,420,1,"X"
"T08",2005,420,2,"X"
"T08",2005,420,3,"X"
"T08",2005,420,4,"X"
"T08",2005,420,5,"X"
"T08",2005,420,6,"X"
"T08",2005,420,7,"X"
"T08",2005,420,8,"X"
"T08",2005,420,9,"X"
"T08",2005,420,10,"X"
"T08",2005,421,1,"X"
"T08",2005,421,2,"X"
"T08",2005,421,3,"X"
"T08",2005,421,4,"X"
"T08",2005,421,5,"X"
"T08",2005,421,6,"X"
"T08",2005,421,7,"X"
"T08",2005,421,8,"X"
"T08",2005,421,9,"X"
"T08",2005,421,10,"X"
"T08",2005,422,1,"X"
"T08",2005,422,2,"X"
"T08",2005,422,3,"X"
"T08",2005,422,4,"X"
"T08",2005,422,5,"X"
"T08",2005,422,6,"X"
"T08",2005,422,7,"X"
"T08",2005,422,8,"X"
"T08",2005,422,9,"X"
"T08",2005,422,10,"X"
"T08",2005,423,1,"X"
"T08",2005,423,2,"X"
"T08",2005,423,3,"X"
"T08",2005,423,4,"X"
"T08",2005,423,5,"X"
"T08",2005,423,6,"X"
"T08",2005,423,7,"X"
"T08",2005,423,8,"X"
"T08",2005,423,9,"X"
"T08",2005,423,10,"X"
"T08",2005,430,1,"X"
"T08",2005,430,2,"X"
"T08",2005,430,3,"X"
"T08",2005,430,4,"X"
"T08",2005,430,5,"X"
"T08",2005,430,6,"X"
"T08",2005,430,7,"X"
"T08",2005,430,8,"X"
"T08",2005,430,9,"X"
"T08",2005,430,10,"X"
"T08",2005,431,1,"X"
"T08",2005,431,2,"X"
"T08",2005,431,3,"X"
"T08",2005,431,4,"X"
"T08",2005,431,5,"X"
"T08",2005,431,6,"X"
"T08",2005,431,7,"X"
"T08",2005,431,8,"X"
"T08",2005,431,9,"X"
"T08",2005,431,10,"X"
"T09",2005,401,1,"X"
"T09",2005,401,2,"X"
"T09",2005,401,3,"X"
"T09",2005,401,4,"X"
"T09",2005,401,5,"X"
"T09",2005,401,6,"X"
"T09",2005,401,7,"X"
"T09",2005,401,8,"X"
"T09",2005,401,9,"X"
"T09",2005,401,10,"X"
"T09",2005,402,1,"X"
"T09",2005,402,2,"X"
"T09",2005,402,3,"X"
"T09",2005,402,4,"X"
"T09",2005,402,5,"X"
"T09",2005,402,6,"X"
"T09",2005,402,7,"X"
"T09",2005,402,8,"X"
"T09",2005,402,9,"X"
"T09",2005,402,10,"X"
"T09",2005,403,1,"X"
"T09",2005,403,2,"X"
"T09",2005,403,3,"X"
"T09",2005,403,4,"X"
"T09",2005,403,5,"X"
"T09",2005,403,6,"X"
"T09",2005,403,7,"X"
"T09",2005,403,8,"X"
"T09",2005,403,9,"X"
"T09",2005,403,10,"X"
"T09",2005,405,1,"X"
"T09",2005,405,2,"X"
"T09",2005,405,3,"X"
"T09",2005,405,4,"X"
"T09",2005,405,5,"X"
"T09",2005,405,6,"X"
"T09",2005,405,7,"X"
"T09",2005,405,8,"X"
"T09",2005,405,9,"X"
"T09",2005,405,10,"X"
"T09",2005,406,1,"X"
"T09",2005,406,2,"X"
"T09",2005,406,3,"X"
"T09",2005,406,4,"X"
"T09",2005,406,5,"X"
"T09",2005,406,6,"X"
"T09",2005,406,7,"X"
"T09",2005,406,8,"X"
"T09",2005,406,9,"X"
"T09",2005,406,10,"X"
"T09",2005,407,1,"B"
"T09",2005,407,2,"D"
"T09",2005,407,3,"B"
"T09",2005,407,4,"D"
"T09",2005,407,5,"D"
"T09",2005,407,6,"X"
"T09",2005,407,7,"X"
"T09",2005,407,8,"X"
"T09",2005,407,9,"X"
"T09",2005,407,10,"X"
"T09",2005,409,1,"X"
"T09",2005,409,2,"X"
"T09",2005,409,3,"X"
"T09",2005,409,4,"X"
"T09",2005,409,5,"X"
"T09",2005,409,6,"X"
"T09",2005,409,7,"X"
"T09",2005,409,8,"X"
"T09",2005,409,9,"X"
"T09",2005,409,10,"X"
"T09",2005,410,1,"X"
"T09",2005,410,2,"X"
"T09",2005,410,3,"X"
"T09",2005,410,4,"X"
"T09",2005,410,5,"X"
"T09",2005,410,6,"X"
"T09",2005,410,7,"X"
"T09",2005,410,8,"X"
"T09",2005,410,9,"X"
"T09",2005,410,10,"X"
"T09",2005,411,1,"X"
"T09",2005,411,2,"X"
"T09",2005,411,3,"X"
"T09",2005,411,4,"X"
"T09",2005,411,5,"X"
"T09",2005,411,6,"X"
"T09",2005,411,7,"X"
"T09",2005,411,8,"X"
"T09",2005,411,9,"X"
"T09",2005,411,10,"X"
"T09",2005,412,1,"X"
"T09",2005,412,2,"X"
"T09",2005,412,3,"X"
"T09",2005,412,4,"X"
"T09",2005,412,5,"X"
"T09",2005,412,6,"X"
"T09",2005,412,7,"X"
"T09",2005,412,8,"X"
"T09",2005,412,9,"X"
"T09",2005,412,10,"X"
"T09",2005,413,1,"X"
"T09",2005,413,2,"X"
"T09",2005,413,3,"X"
"T09",2005,413,4,"X"
"T09",2005,413,5,"X"
"T09",2005,413,6,"X"
"T09",2005,413,7,"X"
"T09",2005,413,8,"X"
"T09",2005,413,9,"X"
"T09",2005,413,10,"X"
"T09",2005,414,1,"X"
"T09",2005,414,2,"D"
"T09",2005,414,3,"X"
"T09",2005,414,4,"X"
"T09",2005,414,5,"X"
"T09",2005,414,6,"D"
"T09",2005,414,6,"H"
"T09",2005,414,7,"X"
"T09",2005,414,8,"X"
"T09",2005,414,9,"X"
"T09",2005,414,10,"X"
"T09",2005,415,1,"X"
"T09",2005,415,2,"X"
"T09",2005,415,3,"X"
"T09",2005,415,4,"X"
"T09",2005,415,5,"X"
"T09",2005,415,6,"X"
"T09",2005,415,7,"X"
"T09",2005,415,8,"D"
"T09",2005,415,9,"X"
"T09",2005,415,10,"X"
"T09",2005,416,1,"X"
"T09",2005,416,2,"D"
"T09",2005,416,3,"X"
"T09",2005,416,4,"B"
"T09",2005,416,4,"D"
"T09",2005,416,5,"D"
"T09",2005,416,6,"D"
"T09",2005,416,7,"X"
"T09",2005,416,8,"B"
"T09",2005,416,9,"X"
"T09",2005,416,10,"X"
"T09",2005,417,1,"X"
"T09",2005,417,2,"X"
"T09",2005,417,3,"X"
"T09",2005,417,4,"X"
"T09",2005,417,5,"X"
"T09",2005,417,6,"X"
"T09",2005,417,7,"X"
"T09",2005,417,8,"X"
"T09",2005,417,9,"X"
"T09",2005,417,10,"X"
"T09",2005,418,1,"X"
"T09",2005,418,2,"X"
"T09",2005,418,3,"X"
"T09",2005,418,4,"X"
"T09",2005,418,5,"X"
"T09",2005,418,6,"P"
"T09",2005,418,7,"P"
"T09",2005,418,8,"X"
"T09",2005,418,9,"X"
"T09",2005,418,10,"X"
"T09",2005,419,1,"X"
"T09",2005,419,2,"X"
"T09",2005,419,3,"X"
"T09",2005,419,4,"X"
"T09",2005,419,5,"X"
"T09",2005,419,6,"X"
"T09",2005,419,7,"X"
"T09",2005,419,8,"X"
"T09",2005,419,9,"X"
"T09",2005,419,10,"X"
"T09",2005,420,1,"X"
"T09",2005,420,2,"X"
"T09",2005,420,3,"X"
"T09",2005,420,4,"X"
"T09",2005,420,5,"X"
"T09",2005,420,6,"X"
"T09",2005,420,7,"X"
"T09",2005,420,8,"X"
"T09",2005,420,9,"X"
"T09",2005,420,10,"X"
"T09",2005,421,1,"B"
"T09",2005,421,1,"D"
"T09",2005,421,2,"X"
"T09",2005,421,3,"X"
"T09",2005,421,4,"X"
"T09",2005,421,5,"X"
"T09",2005,421,6,"X"
"T09",2005,421,7,"X"
"T09",2005,421,8,"X"
"T09",2005,421,9,"X"
"T09",2005,421,10,"X"
"T09",2005,422,1,"X"
"T09",2005,422,2,"X"
"T09",2005,422,3,"X"
"T09",2005,422,4,"X"
"T09",2005,422,5,"X"
"T09",2005,422,6,"X"
"T09",2005,422,7,"X"
"T09",2005,422,8,"X"
"T09",2005,422,9,"X"
"T09",2005,422,10,"X"
"T09",2005,423,1,"X"
"T09",2005,423,2,"X"
"T09",2005,423,3,"X"
"T09",2005,423,4,"X"
"T09",2005,423,5,"X"
"T09",2005,423,6,"X"
"T09",2005,423,7,"X"
"T09",2005,423,8,"X"
"T09",2005,423,9,"X"
"T09",2005,423,10,"X"
"T09",2005,424,1,"X"
"T09",2005,424,2,"X"
"T09",2005,424,3,"X"
"T09",2005,424,4,"X"
"T09",2005,424,5,"X"
"T09",2005,424,6,"X"
"T09",2005,424,7,"X"
"T09",2005,424,8,"X"
"T09",2005,424,9,"X"
"T09",2005,424,10,"X"
"T09",2005,425,1,"X"
"T09",2005,425,2,"X"
"T09",2005,425,3,"X"
"T09",2005,425,4,"X"
"T09",2005,425,5,"X"
"T09",2005,425,6,"X"
"T09",2005,425,7,"X"
"T09",2005,425,8,"X"
"T09",2005,425,9,"X"
"T09",2005,425,10,"X"
"T09",2005,426,1,"X"
"T09",2005,426,2,"X"
"T09",2005,426,3,"X"
"T09",2005,426,4,"X"
"T09",2005,426,5,"X"
"T09",2005,426,6,"X"
"T09",2005,426,7,"X"
"T09",2005,426,8,"X"
"T09",2005,426,9,"X"
"T09",2005,426,10,"X"
"T09",2005,427,1,"X"
"T09",2005,427,2,"X"
"T09",2005,427,3,"X"
"T09",2005,427,4,"X"
"T09",2005,427,5,"X"
"T09",2005,427,6,"X"
"T09",2005,427,7,"X"
"T09",2005,427,8,"X"
"T09",2005,427,9,"X"
"T09",2005,427,10,"X"
"T09",2005,428,1,"X"
"T09",2005,428,2,"X"
"T09",2005,428,3,"P"
"T09",2005,428,4,"P"
"T09",2005,428,5,"X"
"T09",2005,428,6,"X"
"T09",2005,428,7,"X"
"T09",2005,428,8,"X"
"T09",2005,428,9,"X"
"T09",2005,428,10,"D"
"T09",2005,429,1,"X"
"T09",2005,429,2,"X"
"T09",2005,429,3,"X"
"T09",2005,429,4,"X"
"T09",2005,429,5,"X"
"T09",2005,429,6,"X"
"T09",2005,429,7,"X"
"T09",2005,429,8,"X"
"T09",2005,429,9,"D"
"T09",2005,429,10,"X"
"T09",2005,431,1,"X"
"T09",2005,431,2,"X"
"T09",2005,431,3,"X"
"T09",2005,431,4,"X"
"T09",2005,431,5,"X"
"T09",2005,431,6,"D"
"T09",2005,431,7,"X"
"T09",2005,431,8,"B"
"T09",2005,431,9,"X"
"T09",2005,431,10,"X"
"T09",2005,433,1,"X"
"T09",2005,433,2,"X"
"T09",2005,433,3,"X"
"T09",2005,433,4,"X"
"T09",2005,433,5,"X"
"T09",2005,433,6,"X"
"T09",2005,433,7,"X"
"T09",2005,433,8,"X"
"T09",2005,433,9,"X"
"T09",2005,433,10,"X"
"T09",2005,434,1,"X"
"T09",2005,434,2,"X"
"T09",2005,434,3,"X"
"T09",2005,434,4,"X"
"T09",2005,434,5,"X"
"T09",2005,434,6,"X"
"T09",2005,434,7,"P"
"T09",2005,434,8,"X"
"T09",2005,434,9,"X"
"T09",2005,434,10,"X"
"T09",2005,435,1,"X"
"T09",2005,435,2,"X"
"T09",2005,435,3,"X"
"T09",2005,435,4,"X"
"T09",2005,435,5,"X"
"T09",2005,435,6,"X"
"T09",2005,435,7,"X"
"T09",2005,435,8,"X"
"T09",2005,435,9,"X"
"T09",2005,435,10,"X"
"T09",2005,436,1,"X"
"T09",2005,436,2,"X"
"T09",2005,436,3,"X"
"T09",2005,436,4,"P"
"T09",2005,436,5,"X"
"T09",2005,436,6,"X"
"T09",2005,436,7,"X"
"T09",2005,436,8,"X"
"T09",2005,436,9,"X"
"T09",2005,436,10,"X"
"T09",2005,437,1,"X"
"T09",2005,437,2,"X"
"T09",2005,437,3,"X"
"T09",2005,437,4,"X"
"T09",2005,437,5,"X"
"T09",2005,437,6,"D"
"T09",2005,437,7,"D"
"T09",2005,437,8,"X"
"T09",2005,437,9,"D"
"T09",2005,437,10,"X"
"T09",2005,438,1,"X"
"T09",2005,438,2,"X"
"T09",2005,438,3,"X"
"T09",2005,438,4,"X"
"T09",2005,438,5,"X"
"T09",2005,438,6,"X"
"T09",2005,438,7,"X"
"T09",2005,438,8,"X"
"T09",2005,438,9,"X"
"T09",2005,438,10,"X"
"T09",2005,439,1,"X"
"T09",2005,439,2,"X"
"T09",2005,439,3,"X"
"T09",2005,439,4,"X"
"T09",2005,439,5,"X"
"T09",2005,439,6,"X"
"T09",2005,439,7,"X"
"T09",2005,439,8,"X"
"T09",2005,439,9,"X"
"T09",2005,439,10,"X"
"T09",2005,442,1,"X"
"T09",2005,442,2,"X"
"T09",2005,442,3,"X"
"T09",2005,442,4,"X"
"T09",2005,442,5,"X"
"T09",2005,442,6,"B"
"T09",2005,442,7,"B"
"T09",2005,442,8,"X"
"T09",2005,442,9,"D"
"T09",2005,442,10,"X"
"T09",2005,445,1,"X"
"T09",2005,445,2,"X"
"T09",2005,445,3,"X"
"T09",2005,445,4,"X"
"T09",2005,445,5,"X"
"T09",2005,445,6,"X"
"T09",2005,445,7,"X"
"T09",2005,445,8,"X"
"T09",2005,445,9,"X"
"T09",2005,445,10,"X"
"T09",2005,446,1,"X"
"T09",2005,446,2,"X"
"T09",2005,446,3,"X"
"T09",2005,446,4,"X"
"T09",2005,446,5,"X"
"T09",2005,446,6,"X"
"T09",2005,446,7,"X"
"T09",2005,446,8,"X"
"T09",2005,446,9,"X"
"T09",2005,446,10,"X"
"T09",2005,447,1,"X"
"T09",2005,447,2,"X"
"T09",2005,447,3,"X"
"T09",2005,447,4,"X"
"T09",2005,447,5,"X"
"T09",2005,447,6,"X"
"T09",2005,447,7,"X"
"T09",2005,447,8,"X"
"T09",2005,447,9,"X"
"T09",2005,447,10,"X"
"T09",2005,448,1,"X"
"T09",2005,448,2,"X"
"T09",2005,448,3,"X"
"T09",2005,448,4,"X"
"T09",2005,448,5,"X"
"T09",2005,448,6,"X"
"T09",2005,448,7,"X"
"T09",2005,448,8,"X"
"T09",2005,448,9,"X"
"T09",2005,448,10,"X"
"T09",2005,449,1,"D"
"T09",2005,449,2,"X"
"T09",2005,449,3,"X"
"T09",2005,449,4,"X"
"T09",2005,449,5,"X"
"T09",2005,449,6,"X"
"T09",2005,449,7,"X"
"T09",2005,449,8,"X"
"T09",2005,449,9,"X"
"T09",2005,449,10,"X"
"T09",2005,450,1,"X"
"T09",2005,450,2,"X"
"T09",2005,450,3,"X"
"T09",2005,450,4,"X"
"T09",2005,450,5,"X"
"T09",2005,450,6,"X"
"T09",2005,450,7,"X"
"T09",2005,450,8,"X"
"T09",2005,450,9,"X"
"T09",2005,450,10,"X"
"T09",2005,500,1,"X"
"T09",2005,500,2,"X"
"T09",2005,500,3,"X"
"T09",2005,500,4,"X"
"T09",2005,500,5,"X"
"T09",2005,500,6,"X"
"T09",2005,500,7,"X"
"T09",2005,500,8,"X"
"T09",2005,500,9,"X"
"T09",2005,500,10,"X"
"T09",2005,501,1,"X"
"T09",2005,501,2,"X"
"T09",2005,501,3,"X"
"T09",2005,501,4,"X"
"T09",2005,501,5,"X"
"T09",2005,501,6,"X"
"T09",2005,501,7,"X"
"T09",2005,501,8,"X"
"T09",2005,501,9,"X"
"T09",2005,501,10,"X"
"T09",2005,502,1,"X"
"T09",2005,502,2,"X"
"T09",2005,502,3,"X"
"T09",2005,502,4,"X"
"T09",2005,502,5,"X"
"T09",2005,502,6,"X"
"T09",2005,502,7,"X"
"T09",2005,502,8,"X"
"T09",2005,502,9,"X"
"T09",2005,502,10,"X"
"T09",2005,504,1,"D"
"T09",2005,504,2,"D"
"T09",2005,504,3,"B"
"T09",2005,504,4,"X"
"T09",2005,504,5,"X"
"T09",2005,504,6,"X"
"T09",2005,504,7,"X"
"T09",2005,504,8,"X"
"T09",2005,504,9,"X"
"T09",2005,504,10,"P"
"T09",2005,505,1,"X"
"T09",2005,505,2,"X"
"T09",2005,505,3,"X"
"T09",2005,505,4,"X"
"T09",2005,505,5,"X"
"T09",2005,505,6,"X"
"T09",2005,505,7,"X"
"T09",2005,505,8,"X"
"T09",2005,505,9,"X"
"T09",2005,505,10,"X"
"T09",2005,506,1,"X"
"T09",2005,506,2,"X"
"T09",2005,506,3,"X"
"T09",2005,506,4,"X"
"T09",2005,506,5,"X"
"T09",2005,506,6,"X"
"T09",2005,506,7,"X"
"T09",2005,506,8,"X"
"T09",2005,506,9,"X"
"T09",2005,506,10,"X"
"T09",2005,507,1,"X"
"T09",2005,507,2,"X"
"T09",2005,507,3,"X"
"T09",2005,507,4,"X"
"T09",2005,507,5,"X"
"T09",2005,507,6,"X"
"T09",2005,507,7,"X"
"T09",2005,507,8,"X"
"T09",2005,507,9,"X"
"T09",2005,507,10,"X"
"T10",2005,3,1,"X"
"T10",2005,3,2,"X"
"T10",2005,3,3,"X"
"T10",2005,3,4,"X"
"T10",2005,3,5,"X"
"T10",2005,3,6,"X"
"T10",2005,3,7,"X"
"T10",2005,3,8,"X"
"T10",2005,3,9,"X"
"T10",2005,3,10,"X"
"T10",2005,14,1,"X"
"T10",2005,14,2,"X"
"T10",2005,14,3,"X"
"T10",2005,14,4,"X"
"T10",2005,14,5,"X"
"T10",2005,14,6,"X"
"T10",2005,14,7,"X"
"T10",2005,14,8,"X"
"T10",2005,14,9,"X"
"T10",2005,14,10,"X"
"T10",2005,28,1,"X"
"T10",2005,28,2,"X"
"T10",2005,28,3,"X"
"T10",2005,28,4,"X"
"T10",2005,28,5,"X"
"T10",2005,28,6,"X"
"T10",2005,28,7,"X"
"T10",2005,28,8,"X"
"T10",2005,28,9,"X"
"T10",2005,28,10,"X"
"T10",2005,32,1,"X"
"T10",2005,32,2,"X"
"T10",2005,32,3,"X"
"T10",2005,32,4,"X"
"T10",2005,32,5,"X"
"T10",2005,32,6,"X"
"T10",2005,32,7,"X"
"T10",2005,32,8,"X"
"T10",2005,32,9,"X"
"T10",2005,32,10,"X"
"T10",2005,34,1,"X"
"T10",2005,34,2,"X"
"T10",2005,34,3,"X"
"T10",2005,34,4,"X"
"T10",2005,34,5,"X"
"T10",2005,34,6,"X"
"T10",2005,34,7,"X"
"T10",2005,34,8,"X"
"T10",2005,34,9,"X"
"T10",2005,34,10,"X"
"T10",2005,47,1,"X"
"T10",2005,47,2,"X"
"T10",2005,47,3,"X"
"T10",2005,47,4,"X"
"T10",2005,47,5,"X"
"T10",2005,47,6,"X"
"T10",2005,47,7,"X"
"T10",2005,47,8,"X"
"T10",2005,47,9,"X"
"T10",2005,47,10,"X"
"T10",2005,50,1,"X"
"T10",2005,50,2,"X"
"T10",2005,50,3,"X"
"T10",2005,50,4,"X"
"T10",2005,50,5,"X"
"T10",2005,50,6,"X"
"T10",2005,50,7,"X"
"T10",2005,50,8,"X"
"T10",2005,50,9,"X"
"T10",2005,50,10,"X"
"T10",2005,56,1,"X"
"T10",2005,56,2,"X"
"T10",2005,56,3,"X"
"T10",2005,56,4,"X"
"T10",2005,56,5,"X"
"T10",2005,56,6,"X"
"T10",2005,56,7,"X"
"T10",2005,56,8,"X"
"T10",2005,56,9,"X"
"T10",2005,56,10,"X"
"T10",2005,99,1,"X"
"T10",2005,99,2,"X"
"T10",2005,99,3,"X"
"T10",2005,99,4,"X"
"T10",2005,99,5,"X"
"T10",2005,99,6,"X"
"T10",2005,99,7,"X"
"T10",2005,99,8,"X"
"T10",2005,99,9,"X"
"T10",2005,99,10,"X"
"T10",2005,148,1,"X"
"T10",2005,148,2,"X"
"T10",2005,148,3,"X"
"T10",2005,148,4,"X"
"T10",2005,148,5,"X"
"T10",2005,148,6,"X"
"T10",2005,148,7,"X"
"T10",2005,148,8,"X"
"T10",2005,148,9,"X"
"T10",2005,148,10,"X"
"T10",2005,162,1,"X"
"T10",2005,162,2,"X"
"T10",2005,162,3,"X"
"T10",2005,162,4,"X"
"T10",2005,162,5,"X"
"T10",2005,162,6,"X"
"T10",2005,162,7,"X"
"T10",2005,162,8,"X"
"T10",2005,162,9,"X"
"T10",2005,162,10,"X"
"T10",2005,208,1,"X"
"T10",2005,208,2,"X"
"T10",2005,208,3,"X"
"T10",2005,208,4,"X"
"T10",2005,208,5,"X"
"T10",2005,208,6,"X"
"T10",2005,208,7,"X"
"T10",2005,208,8,"X"
"T10",2005,208,9,"X"
"T10",2005,208,10,"X"
"T10",2005,219,1,"X"
"T10",2005,219,2,"X"
"T10",2005,219,3,"X"
"T10",2005,219,4,"X"
"T10",2005,219,5,"X"
"T10",2005,219,6,"X"
"T10",2005,219,7,"X"
"T10",2005,219,8,"X"
"T10",2005,219,9,"X"
"T10",2005,219,10,"X"
"T10",2005,237,1,"X"
"T10",2005,237,2,"X"
"T10",2005,237,3,"X"
"T10",2005,237,4,"X"
"T10",2005,237,5,"X"
"T10",2005,237,6,"X"
"T10",2005,237,7,"X"
"T10",2005,237,8,"X"
"T10",2005,237,9,"X"
"T10",2005,237,10,"X"
"T10",2005,247,1,"X"
"T10",2005,247,2,"X"
"T10",2005,247,3,"X"
"T10",2005,247,4,"X"
"T10",2005,247,5,"X"
"T10",2005,247,6,"X"
"T10",2005,247,7,"X"
"T10",2005,247,8,"X"
"T10",2005,247,9,"X"
"T10",2005,247,10,"X"
"T10",2005,249,1,"X"
"T10",2005,249,2,"X"
"T10",2005,249,3,"X"
"T10",2005,249,4,"X"
"T10",2005,249,5,"X"
"T10",2005,249,6,"X"
"T10",2005,249,7,"X"
"T10",2005,249,8,"X"
"T10",2005,249,9,"X"
"T10",2005,249,10,"X"
"T10",2005,256,1,"X"
"T10",2005,256,2,"X"
"T10",2005,256,3,"X"
"T10",2005,256,4,"X"
"T10",2005,256,5,"X"
"T10",2005,256,6,"X"
"T10",2005,256,7,"X"
"T10",2005,256,8,"X"
"T10",2005,256,9,"X"
"T10",2005,256,10,"X"
"T10",2005,261,1,"X"
"T10",2005,261,2,"X"
"T10",2005,261,3,"X"
"T10",2005,261,4,"X"
"T10",2005,261,5,"X"
"T10",2005,261,6,"X"
"T10",2005,261,7,"X"
"T10",2005,261,8,"X"
"T10",2005,261,9,"X"
"T10",2005,261,10,"X"
"T10",2005,269,1,"X"
"T10",2005,269,2,"X"
"T10",2005,269,3,"X"
"T10",2005,269,4,"X"
"T10",2005,269,5,"X"
"T10",2005,269,6,"X"
"T10",2005,269,7,"X"
"T10",2005,269,8,"X"
"T10",2005,269,9,"X"
"T10",2005,269,10,"X"
"T10",2005,277,1,"X"
"T10",2005,277,2,"X"
"T10",2005,277,3,"X"
"T10",2005,277,4,"X"
"T10",2005,277,5,"X"
"T10",2005,277,6,"X"
"T10",2005,277,7,"X"
"T10",2005,277,8,"X"
"T10",2005,277,9,"X"
"T10",2005,277,10,"X"
"T10",2005,287,1,"X"
"T10",2005,287,2,"X"
"T10",2005,287,3,"X"
"T10",2005,287,4,"X"
"T10",2005,287,5,"X"
"T10",2005,287,6,"X"
"T10",2005,287,7,"X"
"T10",2005,287,8,"X"
"T10",2005,287,9,"X"
"T10",2005,287,10,"X"
"T10",2005,288,1,"X"
"T10",2005,288,2,"X"
"T10",2005,288,3,"X"
"T10",2005,288,4,"X"
"T10",2005,288,5,"X"
"T10",2005,288,6,"X"
"T10",2005,288,7,"X"
"T10",2005,288,8,"X"
"T10",2005,288,9,"X"
"T10",2005,288,10,"X"
"T10",2005,444,1,"X"
"T10",2005,444,2,"X"
"T10",2005,444,3,"X"
"T10",2005,444,4,"X"
"T10",2005,444,5,"X"
"T10",2005,444,6,"X"
"T10",2005,444,7,"X"
"T10",2005,444,8,"X"
"T10",2005,444,9,"X"
"T10",2005,444,10,"X"
"T10",2005,555,1,"X"
"T10",2005,555,2,"X"
"T10",2005,555,3,"X"
"T10",2005,555,4,"X"
"T10",2005,555,5,"X"
"T10",2005,555,6,"X"
"T10",2005,555,7,"X"
"T10",2005,555,8,"X"
"T10",2005,555,9,"X"
"T10",2005,555,10,"X"
"T10",2005,666,1,"X"
"T10",2005,666,2,"X"
"T10",2005,666,3,"X"
"T10",2005,666,4,"X"
"T10",2005,666,5,"X"
"T10",2005,666,6,"X"
"T10",2005,666,7,"X"
"T10",2005,666,8,"X"
"T10",2005,666,9,"X"
"T10",2005,666,10,"X"
"T10",2005,777,1,"X"
"T10",2005,777,2,"X"
"T10",2005,777,3,"X"
"T10",2005,777,4,"X"
"T10",2005,777,5,"X"
"T10",2005,777,6,"X"
"T10",2005,777,7,"X"
"T10",2005,777,8,"X"
"T10",2005,777,9,"X"
"T10",2005,777,10,"X"
"T10",2005,888,1,"X"
"T10",2005,888,2,"X"
"T10",2005,888,3,"X"
"T10",2005,888,4,"X"
"T10",2005,888,5,"X"
"T10",2005,888,6,"X"
"T10",2005,888,7,"X"
"T10",2005,888,8,"X"
"T10",2005,888,9,"X"
"T10",2005,888,10,"X"
"T10",2005,999,1,"X"
"T10",2005,999,2,"X"
"T10",2005,999,3,"X"
"T10",2005,999,4,"X"
"T10",2005,999,5,"X"
"T10",2005,999,6,"X"
"T10",2005,999,7,"X"
"T10",2005,999,8,"X"
"T10",2005,999,9,"X"
"T10",2005,999,10,"X"
"T11",2005,901,1,"X"
"T11",2005,901,2,"X"
"T11",2005,901,3,"X"
"T11",2005,901,4,"X"
"T11",2005,901,5,"X"
"T11",2005,901,6,"X"
"T11",2005,901,7,"X"
"T11",2005,901,8,"X"
"T11",2005,901,9,"X"
"T11",2005,901,10,"X"
"T11",2005,902,1,"X"
"T11",2005,902,2,"X"
"T11",2005,902,3,"X"
"T11",2005,902,4,"X"
"T11",2005,902,5,"X"
"T11",2005,902,6,"X"
"T11",2005,902,7,"X"
"T11",2005,902,8,"X"
"T11",2005,902,9,"X"
"T11",2005,902,10,"X"
"T11",2005,903,1,"X"
"T11",2005,903,2,"X"
"T11",2005,903,3,"X"
"T11",2005,903,4,"X"
"T11",2005,903,5,"X"
"T11",2005,903,6,"X"
"T11",2005,903,7,"X"
"T11",2005,903,8,"X"
"T11",2005,903,9,"X"
"T11",2005,903,10,"X"
"T11",2005,904,1,"X"
"T11",2005,904,2,"X"
"T11",2005,904,3,"X"
"T11",2005,904,4,"X"
"T11",2005,904,5,"X"
"T11",2005,904,6,"P"
"T11",2005,904,7,"X"
"T11",2005,904,8,"P"
"T11",2005,904,9,"X"
"T11",2005,904,10,"X"
"T11",2005,905,1,"X"
"T11",2005,905,2,"X"
"T11",2005,905,3,"X"
"T11",2005,905,4,"X"
"T11",2005,905,5,"X"
"T11",2005,905,6,"X"
"T11",2005,905,7,"X"
"T11",2005,905,8,"X"
"T11",2005,905,9,"X"
"T11",2005,905,10,"X"
"T11",2005,906,1,"X"
"T11",2005,906,2,"X"
"T11",2005,906,3,"X"
"T11",2005,906,4,"X"
"T11",2005,906,5,"X"
"T11",2005,906,6,"X"
"T11",2005,906,7,"X"
"T11",2005,906,8,"X"
"T11",2005,906,9,"X"
"T11",2005,906,10,"X"
"T11",2005,907,1,"X"
"T11",2005,907,2,"X"
"T11",2005,907,3,"X"
"T11",2005,907,4,"X"
"T11",2005,907,5,"X"
"T11",2005,907,6,"X"
"T11",2005,907,7,"X"
"T11",2005,907,8,"X"
"T11",2005,907,9,"X"
"T11",2005,907,10,"X"
"T11",2005,908,1,"X"
"T11",2005,908,2,"X"
"T11",2005,908,3,"X"
"T11",2005,908,4,"X"
"T11",2005,908,5,"X"
"T11",2005,908,6,"X"
"T11",2005,908,7,"X"
"T11",2005,908,8,"X"
"T11",2005,908,9,"X"
"T11",2005,908,10,"X"
"T11",2005,909,1,"X"
"T11",2005,909,2,"P"
"T11",2005,909,3,"X"
"T11",2005,909,4,"X"
"T11",2005,909,5,"X"
"T11",2005,909,6,"X"
"T11",2005,909,7,"X"
"T11",2005,909,8,"X"
"T11",2005,909,9,"X"
"T11",2005,909,10,"X"
"T11",2005,910,1,"X"
"T11",2005,910,2,"X"
"T11",2005,910,3,"X"
"T11",2005,910,4,"X"
"T11",2005,910,5,"X"
"T11",2005,910,6,"X"
"T11",2005,910,7,"X"
"T11",2005,910,8,"X"
"T11",2005,910,9,"X"
"T11",2005,910,10,"X"
"T11",2005,911,1,"X"
"T11",2005,911,2,"X"
"T11",2005,911,3,"X"
"T11",2005,911,4,"X"
"T11",2005,911,5,"X"
"T11",2005,911,6,"X"
"T11",2005,911,7,"X"
"T11",2005,911,8,"X"
"T11",2005,911,9,"X"
"T11",2005,911,10,"X"
"T11",2005,912,1,"X"
"T11",2005,912,2,"X"
"T11",2005,912,3,"P"
"T11",2005,912,4,"X"
"T11",2005,912,5,"X"
"T11",2005,912,6,"X"
"T11",2005,912,7,"X"
"T11",2005,912,8,"X"
"T11",2005,912,9,"X"
"T11",2005,912,10,"X"
"T11",2005,913,1,"X"
"T11",2005,913,2,"X"
"T11",2005,913,3,"X"
"T11",2005,913,4,"X"
"T11",2005,913,5,"X"
"T11",2005,913,6,"X"
"T11",2005,913,7,"X"
"T11",2005,913,8,"X"
"T11",2005,913,9,"X"
"T11",2005,913,10,"X"
"T11",2005,914,1,"X"
"T11",2005,914,2,"X"
"T11",2005,914,3,"X"
"T11",2005,914,4,"X"
"T11",2005,914,5,"X"
"T11",2005,914,6,"X"
"T11",2005,914,7,"X"
"T11",2005,914,8,"X"
"T11",2005,914,9,"P"
"T11",2005,914,10,"X"
"T11",2005,915,1,"X"
"T11",2005,915,2,"X"
"T11",2005,915,3,"X"
"T11",2005,915,4,"X"
"T11",2005,915,5,"X"
"T11",2005,915,6,"X"
"T11",2005,915,7,"X"
"T11",2005,915,8,"X"
"T11",2005,915,9,"X"
"T11",2005,915,10,"X"
"T11",2005,916,1,"X"
"T11",2005,916,2,"X"
"T11",2005,916,3,"X"
"T11",2005,916,4,"X"
"T11",2005,916,5,"X"
"T11",2005,916,6,"X"
"T11",2005,916,7,"X"
"T11",2005,916,8,"X"
"T11",2005,916,9,"X"
"T11",2005,916,10,"X"
"T11",2005,917,1,"X"
"T11",2005,917,2,"X"
"T11",2005,917,3,"X"
"T11",2005,917,4,"X"
"T11",2005,917,5,"X"
"T11",2005,917,6,"X"
"T11",2005,917,7,"X"
"T11",2005,917,8,"X"
"T11",2005,917,9,"X"
"T11",2005,917,10,"X"
"T11",2005,918,1,"X"
"T11",2005,918,2,"X"
"T11",2005,918,3,"X"
"T11",2005,918,4,"X"
"T11",2005,918,5,"X"
"T11",2005,918,6,"X"
"T11",2005,918,7,"X"
"T11",2005,918,8,"X"
"T11",2005,918,9,"X"
"T11",2005,918,10,"X"
"T12",2005,2,1,"X"
"T12",2005,2,2,"X"
"T12",2005,2,3,"X"
"T12",2005,2,4,"X"
"T12",2005,2,5,"X"
"T12",2005,2,6,"X"
"T12",2005,2,7,"X"
"T12",2005,2,8,"X"
"T12",2005,2,9,"X"
"T12",2005,2,10,"X"
"T12",2005,7,1,"X"
"T12",2005,7,2,"X"
"T12",2005,7,3,"X"
"T12",2005,7,4,"X"
"T12",2005,7,5,"X"
"T12",2005,7,6,"X"
"T12",2005,7,7,"X"
"T12",2005,7,8,"X"
"T12",2005,7,9,"X"
"T12",2005,7,10,"X"
"T12",2005,24,1,"X"
"T12",2005,24,2,"X"
"T12",2005,24,3,"X"
"T12",2005,24,4,"X"
"T12",2005,24,5,"X"
"T12",2005,24,6,"X"
"T12",2005,24,7,"X"
"T12",2005,24,8,"X"
"T12",2005,24,9,"X"
"T12",2005,24,10,"X"
"T12",2005,41,1,"X"
"T12",2005,41,2,"X"
"T12",2005,41,3,"X"
"T12",2005,41,4,"X"
"T12",2005,41,5,"X"
"T12",2005,41,6,"X"
"T12",2005,41,7,"X"
"T12",2005,41,8,"X"
"T12",2005,41,9,"X"
"T12",2005,41,10,"X"
"T12",2005,54,1,"X"
"T12",2005,54,2,"X"
"T12",2005,54,3,"X"
"T12",2005,54,4,"X"
"T12",2005,54,5,"X"
"T12",2005,54,6,"X"
"T12",2005,54,7,"X"
"T12",2005,54,8,"X"
"T12",2005,54,9,"X"
"T12",2005,54,10,"X"
"T12",2005,74,1,"X"
"T12",2005,74,2,"X"
"T12",2005,74,3,"X"
"T12",2005,74,4,"X"
"T12",2005,74,5,"X"
"T12",2005,74,6,"X"
"T12",2005,74,7,"X"
"T12",2005,74,8,"X"
"T12",2005,74,9,"X"
"T12",2005,74,10,"X"
"T12",2005,92,1,"X"
"T12",2005,92,2,"X"
"T12",2005,92,3,"X"
"T12",2005,92,4,"X"
"T12",2005,92,5,"X"
"T12",2005,92,6,"X"
"T12",2005,92,7,"X"
"T12",2005,92,8,"X"
"T12",2005,92,9,"X"
"T12",2005,92,10,"X"
"T12",2005,100,1,"X"
"T12",2005,100,2,"X"
"T12",2005,100,3,"X"
"T12",2005,100,4,"X"
"T12",2005,100,5,"X"
"T12",2005,100,6,"X"
"T12",2005,100,7,"X"
"T12",2005,100,8,"X"
"T12",2005,100,9,"X"
"T12",2005,100,10,"X"
"T12",2005,134,1,"X"
"T12",2005,134,2,"X"
"T12",2005,134,3,"X"
"T12",2005,134,4,"X"
"T12",2005,134,5,"X"
"T12",2005,134,6,"X"
"T12",2005,134,7,"X"
"T12",2005,134,8,"X"
"T12",2005,134,9,"X"
"T12",2005,134,10,"X"
"T12",2005,149,1,"X"
"T12",2005,149,2,"X"
"T12",2005,149,3,"X"
"T12",2005,149,4,"X"
"T12",2005,149,5,"X"
"T12",2005,149,6,"X"
"T12",2005,149,7,"X"
"T12",2005,149,8,"X"
"T12",2005,149,9,"X"
"T12",2005,149,10,"X"
"T12",2005,166,1,"X"
"T12",2005,166,2,"X"
"T12",2005,166,3,"X"
"T12",2005,166,4,"X"
"T12",2005,166,5,"X"
"T12",2005,166,6,"X"
"T12",2005,166,7,"X"
"T12",2005,166,8,"X"
"T12",2005,166,9,"X"
"T12",2005,166,10,"X"
"T12",2005,245,1,"X"
"T12",2005,245,2,"X"
"T12",2005,245,3,"X"
"T12",2005,245,4,"X"
"T12",2005,245,5,"X"
"T12",2005,245,6,"X"
"T12",2005,245,7,"X"
"T12",2005,245,8,"X"
"T12",2005,245,9,"X"
"T12",2005,245,10,"X"
"T12",2005,269,1,"X"
"T12",2005,269,2,"X"
"T12",2005,269,3,"X"
"T12",2005,269,4,"X"
"T12",2005,269,5,"X"
"T12",2005,269,6,"X"
"T12",2005,269,7,"X"
"T12",2005,269,8,"X"
"T12",2005,269,9,"X"
"T12",2005,269,10,"X"
"T12",2005,280,1,"X"
"T12",2005,280,2,"X"
"T12",2005,280,3,"X"
"T12",2005,280,4,"X"
"T12",2005,280,5,"X"
"T12",2005,280,6,"X"
"T12",2005,280,7,"X"
"T12",2005,280,8,"X"
"T12",2005,280,9,"X"
"T12",2005,280,10,"X"
"T12",2005,308,1,"X"
"T12",2005,308,2,"X"
"T12",2005,308,3,"X"
"T12",2005,308,4,"X"
"T12",2005,308,5,"X"
"T12",2005,308,6,"X"
"T12",2005,308,7,"X"
"T12",2005,308,8,"X"
"T12",2005,308,9,"X"
"T12",2005,308,10,"X"
"T12",2005,321,1,"X"
"T12",2005,321,2,"X"
"T12",2005,321,3,"X"
"T12",2005,321,4,"X"
"T12",2005,321,5,"X"
"T12",2005,321,6,"X"
"T12",2005,321,7,"X"
"T12",2005,321,8,"X"
"T12",2005,321,9,"X"
"T12",2005,321,10,"X"
"T12",2005,331,1,"X"
"T12",2005,331,2,"X"
"T12",2005,331,3,"X"
"T12",2005,331,4,"X"
"T12",2005,331,5,"X"
"T12",2005,331,6,"X"
"T12",2005,331,7,"X"
"T12",2005,331,8,"X"
"T12",2005,331,9,"X"
"T12",2005,331,10,"X"
"T12",2005,335,1,"X"
"T12",2005,335,2,"X"
"T12",2005,335,3,"X"
"T12",2005,335,4,"X"
"T12",2005,335,5,"X"
"T12",2005,335,6,"X"
"T12",2005,335,7,"X"
"T12",2005,335,8,"X"
"T12",2005,335,9,"X"
"T12",2005,335,10,"X"
"T12",2005,349,1,"X"
"T12",2005,349,2,"X"
"T12",2005,349,3,"X"
"T12",2005,349,4,"X"
"T12",2005,349,5,"X"
"T12",2005,349,6,"X"
"T12",2005,349,7,"X"
"T12",2005,349,8,"X"
"T12",2005,349,9,"X"
"T12",2005,349,10,"X"
"T12",2006,331,5,"X"
"T12",2006,331,6,"X"
"T12",2006,331,7,"X"
"T12",2006,331,8,"X"
"T12",2006,331,9,"X"
"T12",2006,331,10,"X"
"T12",2006,335,1,"X"
"T12",2006,335,2,"X"
"T12",2006,335,3,"X"
"T12",2006,335,4,"X"
"T12",2006,335,5,"X"
"T12",2006,335,6,"X"
"T12",2006,335,7,"X"
"T12",2006,335,8,"X"
"T12",2006,335,9,"X"
"T12",2006,335,10,"X"
"T12",2006,349,1,"X"
"T12",2006,349,2,"X"
"T12",2006,349,3,"X"
"T12",2006,349,4,"X"
"T12",2006,349,5,"X"
"T12",2006,349,6,"X"
"T12",2006,349,7,"X"
"T12",2006,349,8,"X"
"T12",2006,349,9,"X"
"T12",2006,349,10,"X"
"T12",2006,134,1,"X"
"T12",2006,134,2,"X"
"T12",2006,134,3,"X"
"T12",2006,134,4,"X"
"T12",2006,134,5,"X"
"T12",2006,134,6,"X"
"T12",2006,134,7,"X"
"T12",2006,134,8,"X"
"T12",2006,134,9,"X"
"T12",2006,134,10,"X"
"T12",2006,149,1,"X"
"T12",2006,149,2,"X"
"T12",2006,149,3,"X"
"T12",2006,149,4,"X"
"T12",2006,149,5,"X"
"T12",2006,149,6,"X"
"T12",2006,149,7,"X"
"T12",2006,149,8,"X"
"T12",2006,149,9,"X"
"T12",2006,149,10,"X"
"T12",2006,245,1,"X"
"T12",2006,245,2,"X"
"T12",2006,245,3,"X"
"T12",2006,245,4,"X"
"T12",2006,245,5,"X"
"T12",2006,245,6,"X"
"T12",2006,245,7,"X"
"T12",2006,245,8,"X"
"T12",2006,245,9,"X"
"T12",2006,245,10,"X"
"T12",2006,269,1,"X"
"T12",2006,269,2,"X"
"T12",2006,269,3,"X"
"T12",2006,269,4,"X"
"T12",2006,269,5,"X"
"T12",2006,269,6,"X"
"T12",2006,269,7,"X"
"T12",2006,269,8,"X"
"T12",2006,269,9,"X"
"T12",2006,269,10,"X"
"T12",2006,280,1,"X"
"T12",2006,280,2,"X"
"T12",2006,280,3,"X"
"T12",2006,280,4,"X"
"T12",2006,280,5,"X"
"T12",2006,280,6,"X"
"T12",2006,280,7,"X"
"T12",2006,280,8,"X"
"T12",2006,280,9,"X"
"T12",2006,280,10,"X"
"T12",2006,321,1,"X"
"T12",2006,321,2,"X"
"T12",2006,321,3,"X"
"T12",2006,321,4,"X"
"T12",2006,321,5,"X"
"T12",2006,321,6,"X"
"T12",2006,321,7,"X"
"T12",2006,321,8,"X"
"T12",2006,321,9,"X"
"T12",2006,321,10,"X"
"T12",2006,331,1,"X"
"T12",2006,331,2,"X"
"T12",2006,331,3,"X"
"T12",2006,331,4,"X"
"T11",2006,916,7,"X"
"T11",2006,916,8,"X"
"T11",2006,916,9,"X"
"T11",2006,916,10,"X"
"T11",2006,917,1,"X"
"T11",2006,917,2,"X"
"T11",2006,917,3,"X"
"T11",2006,917,4,"X"
"T11",2006,917,5,"X"
"T11",2006,917,6,"X"
"T11",2006,917,7,"X"
"T11",2006,917,8,"X"
"T11",2006,917,9,"X"
"T11",2006,917,10,"X"
"T12",2006,2,1,"X"
"T12",2006,2,2,"X"
"T12",2006,2,3,"X"
"T12",2006,2,4,"X"
"T12",2006,2,5,"X"
"T12",2006,2,6,"X"
"T12",2006,2,7,"X"
"T12",2006,2,8,"X"
"T12",2006,2,9,"X"
"T12",2006,2,10,"X"
"T12",2006,7,1,"X"
"T12",2006,7,2,"X"
"T12",2006,7,3,"X"
"T12",2006,7,4,"X"
"T12",2006,7,5,"X"
"T12",2006,7,6,"X"
"T12",2006,7,7,"X"
"T12",2006,7,8,"X"
"T12",2006,7,9,"X"
"T12",2006,7,10,"X"
"T12",2006,41,1,"X"
"T12",2006,41,2,"X"
"T12",2006,41,3,"X"
"T12",2006,41,4,"X"
"T12",2006,41,5,"X"
"T12",2006,41,6,"X"
"T12",2006,41,7,"X"
"T12",2006,41,8,"X"
"T12",2006,41,9,"X"
"T12",2006,41,10,"X"
"T12",2006,74,1,"X"
"T12",2006,74,2,"X"
"T12",2006,74,3,"X"
"T12",2006,74,4,"X"
"T12",2006,74,5,"X"
"T12",2006,74,6,"X"
"T12",2006,74,7,"X"
"T12",2006,74,8,"X"
"T12",2006,74,9,"X"
"T12",2006,74,10,"X"
"T12",2006,92,1,"X"
"T12",2006,92,2,"X"
"T12",2006,92,3,"X"
"T12",2006,92,4,"X"
"T12",2006,92,5,"X"
"T12",2006,92,6,"X"
"T12",2006,92,7,"X"
"T12",2006,92,8,"X"
"T12",2006,92,9,"X"
"T12",2006,92,10,"X"
"T11",2006,909,3,"X"
"T11",2006,909,4,"X"
"T11",2006,909,5,"X"
"T11",2006,909,6,"X"
"T11",2006,909,7,"X"
"T11",2006,909,8,"X"
"T11",2006,909,9,"X"
"T11",2006,909,10,"X"
"T11",2006,910,1,"X"
"T11",2006,910,2,"X"
"T11",2006,910,3,"X"
"T11",2006,910,4,"X"
"T11",2006,910,5,"X"
"T11",2006,910,6,"X"
"T11",2006,910,7,"X"
"T11",2006,910,8,"X"
"T11",2006,910,9,"X"
"T11",2006,910,10,"X"
"T11",2006,912,1,"X"
"T11",2006,912,2,"X"
"T11",2006,912,3,"X"
"T11",2006,912,4,"X"
"T11",2006,912,5,"X"
"T11",2006,912,6,"X"
"T11",2006,912,7,"X"
"T11",2006,912,8,"X"
"T11",2006,912,9,"X"
"T11",2006,912,10,"X"
"T11",2006,913,1,"X"
"T11",2006,913,2,"X"
"T11",2006,913,3,"X"
"T11",2006,913,4,"X"
"T11",2006,913,5,"X"
"T11",2006,913,6,"X"
"T11",2006,913,7,"X"
"T11",2006,913,8,"X"
"T11",2006,913,9,"X"
"T11",2006,913,10,"X"
"T11",2006,914,1,"X"
"T11",2006,914,2,"X"
"T11",2006,914,3,"X"
"T11",2006,914,4,"X"
"T11",2006,914,5,"X"
"T11",2006,914,6,"X"
"T11",2006,914,7,"X"
"T11",2006,914,8,"X"
"T11",2006,914,9,"X"
"T11",2006,914,10,"X"
"T11",2006,915,1,"X"
"T11",2006,915,2,"X"
"T11",2006,915,3,"X"
"T11",2006,915,4,"X"
"T11",2006,915,5,"X"
"T11",2006,915,6,"X"
"T11",2006,915,7,"X"
"T11",2006,915,8,"X"
"T11",2006,915,9,"X"
"T11",2006,915,10,"X"
"T11",2006,916,1,"X"
"T11",2006,916,2,"X"
"T11",2006,916,3,"X"
"T11",2006,916,4,"X"
"T11",2006,916,5,"X"
"T11",2006,916,6,"X"
"T10",2006,999,9,"X"
"T10",2006,999,10,"X"
"T11",2006,901,1,"X"
"T11",2006,901,2,"X"
"T11",2006,901,3,"X"
"T11",2006,901,4,"X"
"T11",2006,901,5,"X"
"T11",2006,901,6,"X"
"T11",2006,901,7,"X"
"T11",2006,901,8,"X"
"T11",2006,901,9,"X"
"T11",2006,901,10,"X"
"T11",2006,902,1,"X"
"T11",2006,902,2,"X"
"T11",2006,902,3,"X"
"T11",2006,902,4,"X"
"T11",2006,902,5,"X"
"T11",2006,902,6,"X"
"T11",2006,902,7,"X"
"T11",2006,902,8,"X"
"T11",2006,902,9,"X"
"T11",2006,902,10,"X"
"T11",2006,903,1,"X"
"T11",2006,903,2,"X"
"T11",2006,903,3,"X"
"T11",2006,903,4,"X"
"T11",2006,903,5,"X"
"T11",2006,903,6,"X"
"T11",2006,903,7,"X"
"T11",2006,903,8,"X"
"T11",2006,903,9,"X"
"T11",2006,903,10,"X"
"T11",2006,904,1,"X"
"T11",2006,904,2,"X"
"T11",2006,904,3,"X"
"T11",2006,904,4,"X"
"T11",2006,904,5,"X"
"T11",2006,904,6,"X"
"T11",2006,904,7,"X"
"T11",2006,904,8,"X"
"T11",2006,904,9,"X"
"T11",2006,904,10,"X"
"T11",2006,905,1,"X"
"T11",2006,905,2,"X"
"T11",2006,905,3,"X"
"T11",2006,905,4,"X"
"T11",2006,905,5,"X"
"T11",2006,905,6,"X"
"T11",2006,905,7,"X"
"T11",2006,905,8,"X"
"T11",2006,905,9,"X"
"T11",2006,905,10,"X"
"T11",2006,906,1,"X"
"T11",2006,906,2,"X"
"T11",2006,906,3,"X"
"T11",2006,906,4,"X"
"T11",2006,906,5,"X"
"T11",2006,906,6,"X"
"T11",2006,906,7,"X"
"T11",2006,906,8,"X"
"T11",2006,906,9,"X"
"T11",2006,906,10,"X"
"T11",2006,909,1,"X"
"T11",2006,909,2,"X"
"T10",2006,99,5,"X"
"T10",2006,99,6,"X"
"T10",2006,99,7,"X"
"T10",2006,99,8,"X"
"T10",2006,99,9,"X"
"T10",2006,99,10,"X"
"T10",2006,148,1,"X"
"T10",2006,148,2,"X"
"T10",2006,148,3,"X"
"T10",2006,148,4,"X"
"T10",2006,148,5,"X"
"T10",2006,148,6,"X"
"T10",2006,148,7,"X"
"T10",2006,148,8,"X"
"T10",2006,148,9,"X"
"T10",2006,148,10,"X"
"T10",2006,208,1,"X"
"T10",2006,208,2,"X"
"T10",2006,208,3,"X"
"T10",2006,208,4,"X"
"T10",2006,208,5,"X"
"T10",2006,208,6,"X"
"T10",2006,208,7,"X"
"T10",2006,208,8,"X"
"T10",2006,208,9,"X"
"T10",2006,208,10,"X"
"T10",2006,219,1,"X"
"T10",2006,219,2,"X"
"T10",2006,219,3,"X"
"T10",2006,219,4,"X"
"T10",2006,219,5,"X"
"T10",2006,219,6,"X"
"T10",2006,219,7,"X"
"T10",2006,219,8,"X"
"T10",2006,219,9,"X"
"T10",2006,219,10,"X"
"T10",2006,256,1,"X"
"T10",2006,256,2,"X"
"T10",2006,256,3,"X"
"T10",2006,256,4,"X"
"T10",2006,256,5,"X"
"T10",2006,256,6,"X"
"T10",2006,256,7,"X"
"T10",2006,256,8,"X"
"T10",2006,256,9,"X"
"T10",2006,256,10,"X"
"T10",2006,269,1,"X"
"T10",2006,269,2,"X"
"T10",2006,269,3,"X"
"T10",2006,269,4,"X"
"T10",2006,269,5,"X"
"T10",2006,269,6,"X"
"T10",2006,269,7,"X"
"T10",2006,269,8,"X"
"T10",2006,269,9,"X"
"T10",2006,269,10,"X"
"T10",2006,999,1,"X"
"T10",2006,999,2,"X"
"T10",2006,999,3,"X"
"T10",2006,999,4,"X"
"T10",2006,999,5,"X"
"T10",2006,999,6,"X"
"T10",2006,999,7,"X"
"T10",2006,999,8,"X"
"T10",2006,3,1,"X"
"T10",2006,3,2,"X"
"T10",2006,3,3,"X"
"T10",2006,3,4,"X"
"T10",2006,3,5,"X"
"T10",2006,3,6,"X"
"T10",2006,3,7,"X"
"T10",2006,3,8,"X"
"T10",2006,3,9,"X"
"T10",2006,3,10,"X"
"T10",2006,11,1,"X"
"T10",2006,11,2,"X"
"T10",2006,11,3,"X"
"T10",2006,11,4,"X"
"T10",2006,11,5,"X"
"T10",2006,11,6,"X"
"T10",2006,11,7,"X"
"T10",2006,11,8,"X"
"T10",2006,11,9,"X"
"T10",2006,11,10,"X"
"T10",2006,28,1,"X"
"T10",2006,28,2,"X"
"T10",2006,28,3,"X"
"T10",2006,28,4,"X"
"T10",2006,28,5,"X"
"T10",2006,28,6,"X"
"T10",2006,28,7,"X"
"T10",2006,28,8,"X"
"T10",2006,28,9,"X"
"T10",2006,28,10,"X"
"T10",2006,32,1,"X"
"T10",2006,32,2,"X"
"T10",2006,32,3,"X"
"T10",2006,32,4,"X"
"T10",2006,32,5,"X"
"T10",2006,32,6,"X"
"T10",2006,32,7,"X"
"T10",2006,32,8,"X"
"T10",2006,32,9,"X"
"T10",2006,32,10,"X"
"T10",2006,47,1,"X"
"T10",2006,47,2,"X"
"T10",2006,47,3,"X"
"T10",2006,47,4,"X"
"T10",2006,47,5,"X"
"T10",2006,47,6,"X"
"T10",2006,47,7,"X"
"T10",2006,47,8,"X"
"T10",2006,47,9,"X"
"T10",2006,47,10,"X"
"T10",2006,56,1,"X"
"T10",2006,56,2,"X"
"T10",2006,56,3,"X"
"T10",2006,56,4,"X"
"T10",2006,56,5,"X"
"T10",2006,56,6,"X"
"T10",2006,56,7,"X"
"T10",2006,56,8,"X"
"T10",2006,56,9,"X"
"T10",2006,56,10,"X"
"T10",2006,99,1,"X"
"T10",2006,99,2,"X"
"T10",2006,99,3,"X"
"T10",2006,99,4,"X"
"T09",2006,422,7,"X"
"T09",2006,422,8,"X"
"T09",2006,422,9,"X"
"T09",2006,422,10,"X"
"T09",2006,424,1,"X"
"T09",2006,424,2,"X"
"T09",2006,424,3,"X"
"T09",2006,424,4,"X"
"T09",2006,424,5,"X"
"T09",2006,424,6,"X"
"T09",2006,424,7,"X"
"T09",2006,424,8,"X"
"T09",2006,424,9,"X"
"T09",2006,424,10,"X"
"T09",2006,425,1,"X"
"T09",2006,425,2,"X"
"T09",2006,425,3,"X"
"T09",2006,425,4,"X"
"T09",2006,425,5,"X"
"T09",2006,425,6,"X"
"T09",2006,425,7,"X"
"T09",2006,425,8,"X"
"T09",2006,425,9,"X"
"T09",2006,425,10,"X"
"T09",2006,426,1,"X"
"T09",2006,426,2,"X"
"T09",2006,426,3,"X"
"T09",2006,426,4,"X"
"T09",2006,426,5,"X"
"T09",2006,426,6,"X"
"T09",2006,426,7,"X"
"T09",2006,426,8,"X"
"T09",2006,426,9,"X"
"T09",2006,426,10,"X"
"T09",2006,428,1,"X"
"T09",2006,428,2,"X"
"T09",2006,428,3,"X"
"T09",2006,428,4,"X"
"T09",2006,428,5,"X"
"T09",2006,428,6,"X"
"T09",2006,428,7,"X"
"T09",2006,428,8,"X"
"T09",2006,428,9,"X"
"T09",2006,428,10,"X"
"T09",2006,434,1,"X"
"T09",2006,434,2,"X"
"T09",2006,434,3,"X"
"T09",2006,434,4,"X"
"T09",2006,434,5,"X"
"T09",2006,434,6,"X"
"T09",2006,434,7,"X"
"T09",2006,434,8,"X"
"T09",2006,434,9,"X"
"T09",2006,434,10,"X"
"T09",2006,449,1,"X"
"T09",2006,449,2,"X"
"T09",2006,449,3,"X"
"T09",2006,449,4,"X"
"T09",2006,449,5,"X"
"T09",2006,449,6,"X"
"T09",2006,449,7,"X"
"T09",2006,449,8,"X"
"T09",2006,449,9,"X"
"T09",2006,449,10,"X"
"T09",2006,407,3,"X"
"T09",2006,407,4,"X"
"T09",2006,407,5,"X"
"T09",2006,407,6,"X"
"T09",2006,407,7,"X"
"T09",2006,407,8,"X"
"T09",2006,407,9,"X"
"T09",2006,407,10,"X"
"T09",2006,414,1,"X"
"T09",2006,414,2,"X"
"T09",2006,414,3,"X"
"T09",2006,414,4,"X"
"T09",2006,414,5,"X"
"T09",2006,414,6,"X"
"T09",2006,414,7,"X"
"T09",2006,414,8,"X"
"T09",2006,414,9,"X"
"T09",2006,414,10,"X"
"T09",2006,417,1,"X"
"T09",2006,417,2,"X"
"T09",2006,417,3,"X"
"T09",2006,417,4,"X"
"T09",2006,417,5,"X"
"T09",2006,417,6,"X"
"T09",2006,417,7,"X"
"T09",2006,417,8,"X"
"T09",2006,417,9,"X"
"T09",2006,417,10,"X"
"T09",2006,418,1,"X"
"T09",2006,418,2,"X"
"T09",2006,418,3,"X"
"T09",2006,418,4,"X"
"T09",2006,418,5,"X"
"T09",2006,418,6,"X"
"T09",2006,418,7,"X"
"T09",2006,418,8,"X"
"T09",2006,418,9,"X"
"T09",2006,418,10,"X"
"T09",2006,419,1,"X"
"T09",2006,419,2,"X"
"T09",2006,419,3,"X"
"T09",2006,419,4,"X"
"T09",2006,419,5,"P"
"T09",2006,419,6,"X"
"T09",2006,419,7,"X"
"T09",2006,419,8,"X"
"T09",2006,419,9,"X"
"T09",2006,419,10,"X"
"T09",2006,421,1,"X"
"T09",2006,421,2,"X"
"T09",2006,421,3,"X"
"T09",2006,421,4,"X"
"T09",2006,421,5,"X"
"T09",2006,421,6,"X"
"T09",2006,421,7,"X"
"T09",2006,421,8,"X"
"T09",2006,421,9,"X"
"T09",2006,421,10,"X"
"T09",2006,422,1,"X"
"T09",2006,422,2,"X"
"T09",2006,422,3,"X"
"T09",2006,422,4,"X"
"T09",2006,422,5,"X"
"T09",2006,422,6,"X"
"T08",2006,401,9,"X"
"T08",2006,401,10,"X"
"T08",2006,416,1,"X"
"T08",2006,416,2,"X"
"T08",2006,416,3,"X"
"T08",2006,416,4,"X"
"T08",2006,416,5,"X"
"T08",2006,416,6,"X"
"T08",2006,416,7,"X"
"T08",2006,416,8,"X"
"T08",2006,416,9,"X"
"T08",2006,416,10,"X"
"T08",2006,420,1,"X"
"T08",2006,420,2,"X"
"T08",2006,420,3,"X"
"T08",2006,420,4,"X"
"T08",2006,420,5,"X"
"T08",2006,420,6,"X"
"T08",2006,420,7,"X"
"T08",2006,420,8,"X"
"T08",2006,420,9,"X"
"T08",2006,420,10,"X"
"T08",2006,421,1,"X"
"T08",2006,421,2,"X"
"T08",2006,421,3,"X"
"T08",2006,421,4,"X"
"T08",2006,421,5,"X"
"T08",2006,421,6,"X"
"T08",2006,421,7,"X"
"T08",2006,421,8,"X"
"T08",2006,421,9,"X"
"T08",2006,421,10,"X"
"T08",2006,422,1,"X"
"T08",2006,422,2,"X"
"T08",2006,422,3,"X"
"T08",2006,422,4,"X"
"T08",2006,422,5,"X"
"T08",2006,422,6,"X"
"T08",2006,422,7,"X"
"T08",2006,422,8,"X"
"T08",2006,422,9,"X"
"T08",2006,422,10,"X"
"T08",2006,423,1,"X"
"T08",2006,423,2,"X"
"T08",2006,423,3,"X"
"T08",2006,423,4,"X"
"T08",2006,423,5,"X"
"T08",2006,423,6,"X"
"T08",2006,423,7,"X"
"T08",2006,423,8,"X"
"T08",2006,423,9,"X"
"T08",2006,423,10,"X"
"T09",2006,403,1,"X"
"T09",2006,403,2,"X"
"T09",2006,403,3,"X"
"T09",2006,403,4,"X"
"T09",2006,403,5,"X"
"T09",2006,403,6,"X"
"T09",2006,403,7,"X"
"T09",2006,403,8,"X"
"T09",2006,403,9,"X"
"T09",2006,403,10,"X"
"T09",2006,407,1,"X"
"T09",2006,407,2,"X"
"T08",2006,72,5,"X"
"T08",2006,72,6,"X"
"T08",2006,72,7,"X"
"T08",2006,72,8,"X"
"T08",2006,72,9,"X"
"T08",2006,72,10,"X"
"T08",2006,168,1,"X"
"T08",2006,168,2,"X"
"T08",2006,168,3,"X"
"T08",2006,168,4,"X"
"T08",2006,168,5,"X"
"T08",2006,168,6,"X"
"T08",2006,168,7,"X"
"T08",2006,168,8,"X"
"T08",2006,168,9,"X"
"T08",2006,168,10,"X"
"T08",2006,173,1,"X"
"T08",2006,173,2,"X"
"T08",2006,173,3,"X"
"T08",2006,173,4,"X"
"T08",2006,173,5,"X"
"T08",2006,173,6,"X"
"T08",2006,173,7,"X"
"T08",2006,173,8,"X"
"T08",2006,173,9,"X"
"T08",2006,173,10,"X"
"T08",2006,194,1,"X"
"T08",2006,194,2,"X"
"T08",2006,194,3,"X"
"T08",2006,194,4,"X"
"T08",2006,194,5,"X"
"T08",2006,194,6,"X"
"T08",2006,194,7,"X"
"T08",2006,194,8,"X"
"T08",2006,194,9,"X"
"T08",2006,194,10,"X"
"T08",2006,239,1,"X"
"T08",2006,239,2,"X"
"T08",2006,239,3,"X"
"T08",2006,239,4,"X"
"T08",2006,239,5,"X"
"T08",2006,239,6,"X"
"T08",2006,239,7,"X"
"T08",2006,239,8,"X"
"T08",2006,239,9,"X"
"T08",2006,239,10,"X"
"T08",2006,327,1,"X"
"T08",2006,327,2,"X"
"T08",2006,327,3,"X"
"T08",2006,327,4,"X"
"T08",2006,327,5,"X"
"T08",2006,327,6,"X"
"T08",2006,327,7,"X"
"T08",2006,327,8,"X"
"T08",2006,327,9,"X"
"T08",2006,327,10,"X"
"T08",2006,401,1,"X"
"T08",2006,401,2,"X"
"T08",2006,401,3,"X"
"T08",2006,401,4,"X"
"T08",2006,401,5,"X"
"T08",2006,401,6,"X"
"T08",2006,401,7,"X"
"T08",2006,401,8,"X"
"T07",2006,278,1,"X"
"T07",2006,278,2,"X"
"T07",2006,278,3,"X"
"T07",2006,278,4,"X"
"T07",2006,278,5,"X"
"T07",2006,278,6,"X"
"T07",2006,278,7,"X"
"T07",2006,278,8,"X"
"T07",2006,278,9,"X"
"T07",2006,278,10,"X"
"T07",2006,308,1,"X"
"T07",2006,308,2,"X"
"T07",2006,308,3,"X"
"T07",2006,308,4,"X"
"T07",2006,308,5,"X"
"T07",2006,308,6,"X"
"T07",2006,308,7,"X"
"T07",2006,308,8,"X"
"T07",2006,308,9,"X"
"T07",2006,308,10,"X"
"T07",2006,436,1,"X"
"T07",2006,436,2,"X"
"T07",2006,436,3,"X"
"T07",2006,436,4,"X"
"T07",2006,436,5,"X"
"T07",2006,436,6,"X"
"T07",2006,436,7,"X"
"T07",2006,436,8,"X"
"T07",2006,436,9,"X"
"T07",2006,436,10,"X"
"T07",2006,451,1,"X"
"T07",2006,451,2,"X"
"T07",2006,451,3,"X"
"T07",2006,451,4,"X"
"T07",2006,451,5,"X"
"T07",2006,451,6,"X"
"T07",2006,451,7,"X"
"T07",2006,451,8,"X"
"T07",2006,451,9,"X"
"T07",2006,451,10,"X"
"T08",2006,32,1,"X"
"T08",2006,32,2,"X"
"T08",2006,32,3,"X"
"T08",2006,32,4,"X"
"T08",2006,32,5,"X"
"T08",2006,32,6,"X"
"T08",2006,32,7,"X"
"T08",2006,32,8,"X"
"T08",2006,32,9,"X"
"T08",2006,32,10,"X"
"T08",2006,61,1,"X"
"T08",2006,61,2,"X"
"T08",2006,61,3,"X"
"T08",2006,61,4,"X"
"T08",2006,61,5,"X"
"T08",2006,61,6,"X"
"T08",2006,61,7,"X"
"T08",2006,61,8,"X"
"T08",2006,61,9,"X"
"T08",2006,61,10,"X"
"T08",2006,72,1,"X"
"T08",2006,72,2,"X"
"T08",2006,72,3,"X"
"T08",2006,72,4,"X"
"T07",2006,1,7,"X"
"T07",2006,1,8,"X"
"T07",2006,1,9,"X"
"T07",2006,1,10,"X"
"T07",2006,6,1,"P"
"T07",2006,6,2,"P"
"T07",2006,6,3,"P"
"T07",2006,6,4,"X"
"T07",2006,6,5,"X"
"T07",2006,6,6,"X"
"T07",2006,6,7,"X"
"T07",2006,6,8,"X"
"T07",2006,6,9,"X"
"T07",2006,6,10,"X"
"T07",2006,30,1,"X"
"T07",2006,30,2,"X"
"T07",2006,30,3,"X"
"T07",2006,30,4,"X"
"T07",2006,30,5,"X"
"T07",2006,30,6,"X"
"T07",2006,30,7,"X"
"T07",2006,30,8,"X"
"T07",2006,30,9,"X"
"T07",2006,30,10,"X"
"T07",2006,47,1,"X"
"T07",2006,47,2,"X"
"T07",2006,47,3,"X"
"T07",2006,47,4,"X"
"T07",2006,47,5,"X"
"T07",2006,47,6,"X"
"T07",2006,47,7,"X"
"T07",2006,47,8,"X"
"T07",2006,47,9,"X"
"T07",2006,47,10,"X"
"T07",2006,59,1,"X"
"T07",2006,59,2,"X"
"T07",2006,59,3,"X"
"T07",2006,59,4,"X"
"T07",2006,59,5,"X"
"T07",2006,59,6,"X"
"T07",2006,59,7,"X"
"T07",2006,59,8,"X"
"T07",2006,59,9,"X"
"T07",2006,59,10,"X"
"T07",2006,151,1,"X"
"T07",2006,151,2,"X"
"T07",2006,151,3,"X"
"T07",2006,151,4,"X"
"T07",2006,151,5,"X"
"T07",2006,151,6,"X"
"T07",2006,151,7,"X"
"T07",2006,151,8,"X"
"T07",2006,151,9,"X"
"T07",2006,151,10,"X"
"T07",2006,277,1,"X"
"T07",2006,277,2,"X"
"T07",2006,277,3,"X"
"T07",2006,277,4,"X"
"T07",2006,277,5,"X"
"T07",2006,277,6,"X"
"T07",2006,277,7,"X"
"T07",2006,277,8,"X"
"T07",2006,277,9,"X"
"T07",2006,277,10,"X"
"T06",2006,13,3,"X"
"T06",2006,13,4,"X"
"T06",2006,13,5,"X"
"T06",2006,13,6,"X"
"T06",2006,13,7,"X"
"T06",2006,13,8,"X"
"T06",2006,13,9,"X"
"T06",2006,13,10,"X"
"T06",2006,14,1,"X"
"T06",2006,14,2,"X"
"T06",2006,14,3,"X"
"T06",2006,14,4,"X"
"T06",2006,14,5,"X"
"T06",2006,14,6,"X"
"T06",2006,14,7,"X"
"T06",2006,14,8,"X"
"T06",2006,14,9,"X"
"T06",2006,14,10,"X"
"T06",2006,15,1,"X"
"T06",2006,15,2,"X"
"T06",2006,15,3,"X"
"T06",2006,15,4,"X"
"T06",2006,15,5,"X"
"T06",2006,15,6,"X"
"T06",2006,15,7,"X"
"T06",2006,15,8,"X"
"T06",2006,15,9,"X"
"T06",2006,15,10,"X"
"T06",2006,16,1,"X"
"T06",2006,16,2,"X"
"T06",2006,16,3,"X"
"T06",2006,16,4,"X"
"T06",2006,16,5,"X"
"T06",2006,16,6,"X"
"T06",2006,16,7,"X"
"T06",2006,16,8,"X"
"T06",2006,16,9,"X"
"T06",2006,16,10,"X"
"T06",2006,17,1,"X"
"T06",2006,17,2,"X"
"T06",2006,17,3,"X"
"T06",2006,17,4,"X"
"T06",2006,17,5,"X"
"T06",2006,17,6,"X"
"T06",2006,17,7,"X"
"T06",2006,17,8,"X"
"T06",2006,17,9,"X"
"T06",2006,17,10,"X"
"T06",2006,18,1,"X"
"T06",2006,18,2,"X"
"T06",2006,18,3,"X"
"T06",2006,18,4,"X"
"T06",2006,18,5,"X"
"T06",2006,18,6,"X"
"T06",2006,18,7,"X"
"T06",2006,18,8,"X"
"T06",2006,18,9,"X"
"T06",2006,18,10,"X"
"T07",2006,1,1,"X"
"T07",2006,1,2,"X"
"T07",2006,1,3,"X"
"T07",2006,1,4,"X"
"T07",2006,1,5,"X"
"T07",2006,1,6,"X"
"T05",2006,19,9,"X"
"T05",2006,19,10,"X"
"T05",2006,20,1,"X"
"T05",2006,20,2,"X"
"T05",2006,20,3,"X"
"T05",2006,20,4,"X"
"T05",2006,20,5,"X"
"T05",2006,20,6,"X"
"T05",2006,20,7,"X"
"T05",2006,20,8,"X"
"T05",2006,20,9,"X"
"T05",2006,20,10,"X"
"T05",2006,21,1,"X"
"T05",2006,21,2,"X"
"T05",2006,21,3,"X"
"T05",2006,21,4,"X"
"T05",2006,21,5,"X"
"T05",2006,21,6,"X"
"T05",2006,21,7,"X"
"T05",2006,21,8,"X"
"T05",2006,21,9,"X"
"T05",2006,21,10,"X"
"T05",2006,22,1,"X"
"T05",2006,22,2,"X"
"T05",2006,22,3,"X"
"T05",2006,22,4,"X"
"T05",2006,22,5,"X"
"T05",2006,22,6,"X"
"T05",2006,22,7,"X"
"T05",2006,22,8,"X"
"T05",2006,22,9,"X"
"T05",2006,22,10,"X"
"T05",2006,23,1,"X"
"T05",2006,23,2,"X"
"T05",2006,23,3,"X"
"T05",2006,23,4,"X"
"T05",2006,23,5,"X"
"T05",2006,23,6,"X"
"T05",2006,23,7,"X"
"T05",2006,23,8,"X"
"T05",2006,23,9,"X"
"T05",2006,23,10,"X"
"T06",2006,7,1,"X"
"T06",2006,7,2,"X"
"T06",2006,7,3,"X"
"T06",2006,7,4,"X"
"T06",2006,7,5,"X"
"T06",2006,7,6,"X"
"T06",2006,7,7,"X"
"T06",2006,7,8,"X"
"T06",2006,7,9,"X"
"T06",2006,7,10,"X"
"T06",2006,8,1,"X"
"T06",2006,8,2,"X"
"T06",2006,8,3,"X"
"T06",2006,8,4,"X"
"T06",2006,8,5,"X"
"T06",2006,8,6,"X"
"T06",2006,8,7,"X"
"T06",2006,8,8,"X"
"T06",2006,8,9,"X"
"T06",2006,8,10,"X"
"T06",2006,13,1,"X"
"T06",2006,13,2,"X"
"T05",2006,1,5,"X"
"T05",2006,1,6,"X"
"T05",2006,1,7,"X"
"T05",2006,1,8,"X"
"T05",2006,1,9,"X"
"T05",2006,1,10,"X"
"T05",2006,7,1,"X"
"T05",2006,7,2,"X"
"T05",2006,7,3,"X"
"T05",2006,7,4,"X"
"T05",2006,7,5,"X"
"T05",2006,7,6,"X"
"T05",2006,7,7,"X"
"T05",2006,7,8,"X"
"T05",2006,7,9,"X"
"T05",2006,7,10,"X"
"T05",2006,13,1,"X"
"T05",2006,13,2,"X"
"T05",2006,13,3,"X"
"T05",2006,13,4,"X"
"T05",2006,13,5,"X"
"T05",2006,13,6,"X"
"T05",2006,13,7,"X"
"T05",2006,13,8,"X"
"T05",2006,13,9,"X"
"T05",2006,13,10,"X"
"T05",2006,14,1,"X"
"T05",2006,14,2,"X"
"T05",2006,14,3,"X"
"T05",2006,14,4,"X"
"T05",2006,14,5,"X"
"T05",2006,14,6,"X"
"T05",2006,14,7,"X"
"T05",2006,14,8,"X"
"T05",2006,14,9,"X"
"T05",2006,14,10,"X"
"T05",2006,15,1,"X"
"T05",2006,15,2,"X"
"T05",2006,15,3,"X"
"T05",2006,15,4,"X"
"T05",2006,15,5,"X"
"T05",2006,15,6,"X"
"T05",2006,15,7,"X"
"T05",2006,15,8,"X"
"T05",2006,15,9,"X"
"T05",2006,15,10,"X"
"T05",2006,18,1,"X"
"T05",2006,18,2,"X"
"T05",2006,18,3,"X"
"T05",2006,18,4,"X"
"T05",2006,18,5,"X"
"T05",2006,18,6,"X"
"T05",2006,18,7,"X"
"T05",2006,18,8,"X"
"T05",2006,18,9,"X"
"T05",2006,18,10,"X"
"T05",2006,19,1,"X"
"T05",2006,19,2,"X"
"T05",2006,19,3,"X"
"T05",2006,19,4,"X"
"T05",2006,19,5,"X"
"T05",2006,19,6,"X"
"T05",2006,19,7,"X"
"T05",2006,19,8,"X"
"T04",2006,501,1,"X"
"T04",2006,501,2,"X"
"T04",2006,501,3,"X"
"T04",2006,501,4,"X"
"T04",2006,501,5,"X"
"T04",2006,501,6,"X"
"T04",2006,501,7,"X"
"T04",2006,501,8,"X"
"T04",2006,501,9,"X"
"T04",2006,501,10,"X"
"T04",2006,502,1,"X"
"T04",2006,502,2,"X"
"T04",2006,502,3,"X"
"T04",2006,502,4,"X"
"T04",2006,502,5,"X"
"T04",2006,502,6,"X"
"T04",2006,502,7,"X"
"T04",2006,502,8,"X"
"T04",2006,502,9,"X"
"T04",2006,502,10,"X"
"T04",2006,507,1,"X"
"T04",2006,507,2,"X"
"T04",2006,507,3,"X"
"T04",2006,507,4,"X"
"T04",2006,507,5,"X"
"T04",2006,507,6,"X"
"T04",2006,507,7,"X"
"T04",2006,507,8,"X"
"T04",2006,507,9,"X"
"T04",2006,507,10,"X"
"T04",2006,509,1,"X"
"T04",2006,509,2,"X"
"T04",2006,509,3,"X"
"T04",2006,509,4,"X"
"T04",2006,509,5,"X"
"T04",2006,509,6,"X"
"T04",2006,509,7,"X"
"T04",2006,509,8,"X"
"T04",2006,509,9,"X"
"T04",2006,509,10,"X"
"T04",2006,611,1,"X"
"T04",2006,611,2,"X"
"T04",2006,611,3,"X"
"T04",2006,611,4,"X"
"T04",2006,611,5,"X"
"T04",2006,611,6,"X"
"T04",2006,611,7,"X"
"T04",2006,611,8,"X"
"T04",2006,611,9,"X"
"T04",2006,611,10,"X"
"T04",2006,800,1,"X"
"T04",2006,800,2,"X"
"T04",2006,800,3,"X"
"T04",2006,800,4,"X"
"T04",2006,800,5,"X"
"T04",2006,800,6,"X"
"T04",2006,800,7,"X"
"T04",2006,800,8,"X"
"T04",2006,800,9,"X"
"T04",2006,800,10,"X"
"T05",2006,1,1,"X"
"T05",2006,1,2,"X"
"T05",2006,1,3,"X"
"T05",2006,1,4,"X"
"T04",2006,254,7,"X"
"T04",2006,254,8,"X"
"T04",2006,254,9,"X"
"T04",2006,254,10,"X"
"T04",2006,371,1,"X"
"T04",2006,371,2,"X"
"T04",2006,371,3,"X"
"T04",2006,371,4,"X"
"T04",2006,371,5,"X"
"T04",2006,371,6,"X"
"T04",2006,371,7,"X"
"T04",2006,371,8,"X"
"T04",2006,371,9,"X"
"T04",2006,371,10,"X"
"T04",2006,411,1,"X"
"T04",2006,411,2,"X"
"T04",2006,411,3,"X"
"T04",2006,411,4,"X"
"T04",2006,411,5,"X"
"T04",2006,411,6,"X"
"T04",2006,411,7,"X"
"T04",2006,411,8,"X"
"T04",2006,411,9,"X"
"T04",2006,411,10,"X"
"T04",2006,444,1,"X"
"T04",2006,444,2,"X"
"T04",2006,444,3,"X"
"T04",2006,444,4,"X"
"T04",2006,444,5,"X"
"T04",2006,444,6,"X"
"T04",2006,444,7,"X"
"T04",2006,444,8,"X"
"T04",2006,444,9,"X"
"T04",2006,444,10,"X"
"T04",2006,449,1,"X"
"T04",2006,449,2,"X"
"T04",2006,449,3,"X"
"T04",2006,449,4,"X"
"T04",2006,449,5,"X"
"T04",2006,449,6,"X"
"T04",2006,449,7,"X"
"T04",2006,449,8,"X"
"T04",2006,449,9,"X"
"T04",2006,449,10,"X"
"T04",2006,450,1,"X"
"T04",2006,450,2,"X"
"T04",2006,450,3,"X"
"T04",2006,450,4,"X"
"T04",2006,450,5,"X"
"T04",2006,450,6,"X"
"T04",2006,450,7,"X"
"T04",2006,450,8,"X"
"T04",2006,450,9,"X"
"T04",2006,450,10,"X"
"T04",2006,500,1,"X"
"T04",2006,500,2,"X"
"T04",2006,500,3,"S"
"T04",2006,500,4,"X"
"T04",2006,500,5,"X"
"T04",2006,500,6,"X"
"T04",2006,500,7,"X"
"T04",2006,500,8,"X"
"T04",2006,500,9,"X"
"T04",2006,500,10,"X"
"T04",2006,71,3,"X"
"T04",2006,71,4,"X"
"T04",2006,71,5,"X"
"T04",2006,71,6,"X"
"T04",2006,71,7,"X"
"T04",2006,71,8,"X"
"T04",2006,71,9,"X"
"T04",2006,71,10,"X"
"T04",2006,78,1,"X"
"T04",2006,78,2,"X"
"T04",2006,78,3,"X"
"T04",2006,78,4,"X"
"T04",2006,78,5,"X"
"T04",2006,78,6,"X"
"T04",2006,78,7,"X"
"T04",2006,78,8,"X"
"T04",2006,78,9,"X"
"T04",2006,78,10,"X"
"T04",2006,206,1,"X"
"T04",2006,206,2,"X"
"T04",2006,206,3,"X"
"T04",2006,206,4,"X"
"T04",2006,206,5,"X"
"T04",2006,206,6,"X"
"T04",2006,206,7,"X"
"T04",2006,206,8,"X"
"T04",2006,206,9,"X"
"T04",2006,206,10,"X"
"T04",2006,226,1,"X"
"T04",2006,226,2,"X"
"T04",2006,226,3,"X"
"T04",2006,226,4,"X"
"T04",2006,226,5,"X"
"T04",2006,226,6,"X"
"T04",2006,226,7,"X"
"T04",2006,226,8,"X"
"T04",2006,226,9,"X"
"T04",2006,226,10,"X"
"T04",2006,247,1,"X"
"T04",2006,247,2,"X"
"T04",2006,247,3,"X"
"T04",2006,247,4,"X"
"T04",2006,247,5,"X"
"T04",2006,247,6,"X"
"T04",2006,247,7,"X"
"T04",2006,247,8,"X"
"T04",2006,247,9,"X"
"T04",2006,247,10,"X"
"T04",2006,251,1,"X"
"T04",2006,251,2,"X"
"T04",2006,251,3,"X"
"T04",2006,251,4,"X"
"T04",2006,251,5,"X"
"T04",2006,251,6,"X"
"T04",2006,251,7,"X"
"T04",2006,251,8,"X"
"T04",2006,251,9,"X"
"T04",2006,251,10,"X"
"T04",2006,254,1,"X"
"T04",2006,254,2,"X"
"T04",2006,254,3,"X"
"T04",2006,254,4,"X"
"T04",2006,254,5,"X"
"T04",2006,254,6,"X"
"T02",2006,442,9,"X"
"T02",2006,442,10,"X"
"T02",2006,443,1,"X"
"T02",2006,443,2,"X"
"T02",2006,443,3,"X"
"T02",2006,443,4,"X"
"T02",2006,443,5,"X"
"T02",2006,443,6,"P"
"T02",2006,443,7,"P"
"T02",2006,443,8,"P"
"T02",2006,443,9,"P"
"T02",2006,443,10,"X"
"T04",2006,1,1,"X"
"T04",2006,1,2,"X"
"T04",2006,1,3,"X"
"T04",2006,1,4,"X"
"T04",2006,1,5,"X"
"T04",2006,1,6,"X"
"T04",2006,1,7,"X"
"T04",2006,1,8,"X"
"T04",2006,1,9,"X"
"T04",2006,1,10,"X"
"T04",2006,13,1,"X"
"T04",2006,13,2,"X"
"T04",2006,13,3,"X"
"T04",2006,13,4,"X"
"T04",2006,13,5,"X"
"T04",2006,13,6,"X"
"T04",2006,13,7,"X"
"T04",2006,13,8,"X"
"T04",2006,13,9,"X"
"T04",2006,13,10,"X"
"T04",2006,19,1,"X"
"T04",2006,19,2,"X"
"T04",2006,19,3,"X"
"T04",2006,19,4,"X"
"T04",2006,19,5,"X"
"T04",2006,19,6,"X"
"T04",2006,19,7,"X"
"T04",2006,19,8,"X"
"T04",2006,19,9,"X"
"T04",2006,19,10,"X"
"T04",2006,21,1,"X"
"T04",2006,21,2,"X"
"T04",2006,21,3,"X"
"T04",2006,21,4,"X"
"T04",2006,21,5,"X"
"T04",2006,21,6,"X"
"T04",2006,21,7,"X"
"T04",2006,21,8,"X"
"T04",2006,21,9,"X"
"T04",2006,21,10,"X"
"T04",2006,61,1,"X"
"T04",2006,61,2,"X"
"T04",2006,61,3,"X"
"T04",2006,61,4,"X"
"T04",2006,61,5,"X"
"T04",2006,61,6,"X"
"T04",2006,61,7,"X"
"T04",2006,61,8,"X"
"T04",2006,61,9,"X"
"T04",2006,61,10,"X"
"T04",2006,71,1,"X"
"T04",2006,71,2,"X"
"T02",2006,436,5,"X"
"T02",2006,436,6,"X"
"T02",2006,436,7,"X"
"T02",2006,436,8,"X"
"T02",2006,436,9,"X"
"T02",2006,436,10,"X"
"T02",2006,437,1,"X"
"T02",2006,437,2,"X"
"T02",2006,437,3,"X"
"T02",2006,437,4,"X"
"T02",2006,437,5,"X"
"T02",2006,437,6,"X"
"T02",2006,437,7,"X"
"T02",2006,437,8,"X"
"T02",2006,437,9,"X"
"T02",2006,437,10,"X"
"T02",2006,438,1,"X"
"T02",2006,438,2,"X"
"T02",2006,438,3,"X"
"T02",2006,438,4,"X"
"T02",2006,438,5,"X"
"T02",2006,438,6,"X"
"T02",2006,438,7,"X"
"T02",2006,438,8,"X"
"T02",2006,438,9,"X"
"T02",2006,438,10,"X"
"T02",2006,439,1,"X"
"T02",2006,439,2,"X"
"T02",2006,439,3,"X"
"T02",2006,439,4,"X"
"T02",2006,439,5,"X"
"T02",2006,439,6,"X"
"T02",2006,439,7,"X"
"T02",2006,439,8,"X"
"T02",2006,439,9,"X"
"T02",2006,439,10,"X"
"T02",2006,440,1,"X"
"T02",2006,440,2,"X"
"T02",2006,440,3,"X"
"T02",2006,440,4,"X"
"T02",2006,440,5,"X"
"T02",2006,440,6,"X"
"T02",2006,440,7,"X"
"T02",2006,440,8,"X"
"T02",2006,440,9,"X"
"T02",2006,440,10,"X"
"T02",2006,441,1,"X"
"T02",2006,441,2,"X"
"T02",2006,441,3,"X"
"T02",2006,441,4,"X"
"T02",2006,441,5,"X"
"T02",2006,441,6,"X"
"T02",2006,441,7,"X"
"T02",2006,441,8,"X"
"T02",2006,441,9,"X"
"T02",2006,441,10,"X"
"T02",2006,442,1,"X"
"T02",2006,442,2,"X"
"T02",2006,442,3,"X"
"T02",2006,442,4,"X"
"T02",2006,442,5,"X"
"T02",2006,442,6,"X"
"T02",2006,442,7,"X"
"T02",2006,442,8,"X"
"T02",2006,384,1,"X"
"T02",2006,384,2,"X"
"T02",2006,384,3,"X"
"T02",2006,384,4,"X"
"T02",2006,384,5,"X"
"T02",2006,384,6,"X"
"T02",2006,384,7,"X"
"T02",2006,384,8,"X"
"T02",2006,384,9,"X"
"T02",2006,384,10,"X"
"T02",2006,396,1,"X"
"T02",2006,396,2,"X"
"T02",2006,396,3,"X"
"T02",2006,396,4,"X"
"T02",2006,396,5,"X"
"T02",2006,396,6,"X"
"T02",2006,396,7,"X"
"T02",2006,396,8,"X"
"T02",2006,396,9,"X"
"T02",2006,396,10,"X"
"T02",2006,424,1,"X"
"T02",2006,424,2,"X"
"T02",2006,424,3,"X"
"T02",2006,424,4,"X"
"T02",2006,424,5,"X"
"T02",2006,424,6,"X"
"T02",2006,424,7,"X"
"T02",2006,424,8,"X"
"T02",2006,424,9,"X"
"T02",2006,424,10,"X"
"T02",2006,428,1,"X"
"T02",2006,428,2,"X"
"T02",2006,428,3,"X"
"T02",2006,428,4,"X"
"T02",2006,428,5,"X"
"T02",2006,428,6,"X"
"T02",2006,428,7,"X"
"T02",2006,428,8,"X"
"T02",2006,428,9,"X"
"T02",2006,428,10,"X"
"T02",2006,434,1,"X"
"T02",2006,434,2,"X"
"T02",2006,434,3,"X"
"T02",2006,434,4,"X"
"T02",2006,434,5,"X"
"T02",2006,434,6,"X"
"T02",2006,434,7,"X"
"T02",2006,434,8,"X"
"T02",2006,434,9,"X"
"T02",2006,434,10,"X"
"T02",2006,435,1,"X"
"T02",2006,435,2,"X"
"T02",2006,435,3,"X"
"T02",2006,435,4,"X"
"T02",2006,435,5,"X"
"T02",2006,435,6,"X"
"T02",2006,435,7,"X"
"T02",2006,435,8,"X"
"T02",2006,435,9,"X"
"T02",2006,435,10,"X"
"T02",2006,436,1,"X"
"T02",2006,436,2,"X"
"T02",2006,436,3,"X"
"T02",2006,436,4,"X"
"T12",2007,269,5,"X"
"T12",2007,269,6,"X"
"T12",2007,269,7,"X"
"T12",2007,269,8,"X"
"T12",2007,269,9,"X"
"T12",2007,269,10,"X"
"T12",2007,280,1,"X"
"T12",2007,280,2,"X"
"T12",2007,280,3,"X"
"T12",2007,280,4,"X"
"T12",2007,280,5,"X"
"T12",2007,280,6,"X"
"T12",2007,280,7,"X"
"T12",2007,280,8,"X"
"T12",2007,280,9,"X"
"T12",2007,280,10,"X"
"T12",2007,321,1,"X"
"T12",2007,321,2,"X"
"T12",2007,321,3,"X"
"T12",2007,321,4,"X"
"T12",2007,321,5,"X"
"T12",2007,321,6,"X"
"T12",2007,321,7,"X"
"T12",2007,321,8,"X"
"T12",2007,321,9,"X"
"T12",2007,321,10,"X"
"T12",2007,331,1,"X"
"T12",2007,331,2,"X"
"T12",2007,331,3,"X"
"T12",2007,331,4,"X"
"T12",2007,331,5,"X"
"T12",2007,331,6,"X"
"T12",2007,331,7,"X"
"T12",2007,331,8,"X"
"T12",2007,331,9,"X"
"T12",2007,331,10,"X"
"T12",2007,335,1,"X"
"T12",2007,335,2,"X"
"T12",2007,335,3,"X"
"T12",2007,335,4,"X"
"T12",2007,335,5,"X"
"T12",2007,335,6,"X"
"T12",2007,335,7,"X"
"T12",2007,335,8,"X"
"T12",2007,335,9,"X"
"T12",2007,335,10,"X"
"T12",2007,349,1,"X"
"T12",2007,349,2,"X"
"T12",2007,349,3,"X"
"T12",2007,349,4,"X"
"T12",2007,349,5,"X"
"T12",2007,349,6,"X"
"T12",2007,349,7,"X"
"T12",2007,349,8,"X"
"T12",2007,349,9,"X"
"T12",2007,349,10,"X"
"T12",2007,41,1,"X"
"T12",2007,41,2,"X"
"T12",2007,41,3,"X"
"T12",2007,41,4,"X"
"T12",2007,41,5,"X"
"T12",2007,41,6,"X"
"T12",2007,41,7,"X"
"T12",2007,41,8,"X"
"T12",2007,41,9,"X"
"T12",2007,41,10,"X"
"T12",2007,74,1,"X"
"T12",2007,74,2,"X"
"T12",2007,74,3,"X"
"T12",2007,74,4,"X"
"T12",2007,74,5,"X"
"T12",2007,74,6,"X"
"T12",2007,74,7,"X"
"T12",2007,74,8,"X"
"T12",2007,74,9,"X"
"T12",2007,74,10,"X"
"T12",2007,92,1,"X"
"T12",2007,92,2,"X"
"T12",2007,92,3,"X"
"T12",2007,92,4,"X"
"T12",2007,92,5,"X"
"T12",2007,92,6,"X"
"T12",2007,92,7,"X"
"T12",2007,92,8,"X"
"T12",2007,92,9,"X"
"T12",2007,92,10,"X"
"T12",2007,134,1,"X"
"T12",2007,134,2,"X"
"T12",2007,134,3,"X"
"T12",2007,134,4,"X"
"T12",2007,134,5,"X"
"T12",2007,134,6,"X"
"T12",2007,134,7,"X"
"T12",2007,134,8,"X"
"T12",2007,134,9,"X"
"T12",2007,134,10,"X"
"T12",2007,149,1,"X"
"T12",2007,149,2,"X"
"T12",2007,149,3,"X"
"T12",2007,149,4,"X"
"T12",2007,149,5,"X"
"T12",2007,149,6,"X"
"T12",2007,149,7,"X"
"T12",2007,149,8,"X"
"T12",2007,149,9,"X"
"T12",2007,149,10,"X"
"T12",2007,245,1,"X"
"T12",2007,245,2,"X"
"T12",2007,245,3,"X"
"T12",2007,245,4,"X"
"T12",2007,245,5,"X"
"T12",2007,245,6,"X"
"T12",2007,245,7,"X"
"T12",2007,245,8,"X"
"T12",2007,245,9,"X"
"T12",2007,245,10,"X"
"T12",2007,269,1,"X"
"T12",2007,269,2,"X"
"T12",2007,269,3,"X"
"T12",2007,269,4,"X"
"T11",2007,914,7,"X"
"T11",2007,914,8,"X"
"T11",2007,914,9,"X"
"T11",2007,914,10,"X"
"T11",2007,915,1,"X"
"T11",2007,915,2,"X"
"T11",2007,915,3,"X"
"T11",2007,915,4,"X"
"T11",2007,915,5,"X"
"T11",2007,915,6,"X"
"T11",2007,915,7,"X"
"T11",2007,915,8,"X"
"T11",2007,915,9,"X"
"T11",2007,915,10,"X"
"T11",2007,916,1,"X"
"T11",2007,916,2,"X"
"T11",2007,916,3,"X"
"T11",2007,916,4,"X"
"T11",2007,916,5,"X"
"T11",2007,916,6,"X"
"T11",2007,916,7,"X"
"T11",2007,916,8,"X"
"T11",2007,916,9,"X"
"T11",2007,916,10,"X"
"T11",2007,917,1,"X"
"T11",2007,917,2,"X"
"T11",2007,917,3,"X"
"T11",2007,917,4,"X"
"T11",2007,917,5,"X"
"T11",2007,917,6,"X"
"T11",2007,917,7,"X"
"T11",2007,917,8,"X"
"T11",2007,917,9,"X"
"T11",2007,917,10,"X"
"T11",2007,918,1,"X"
"T11",2007,918,2,"X"
"T11",2007,918,3,"X"
"T11",2007,918,4,"X"
"T11",2007,918,5,"X"
"T11",2007,918,6,"X"
"T11",2007,918,7,"X"
"T11",2007,918,8,"X"
"T11",2007,918,9,"X"
"T11",2007,918,10,"X"
"T12",2007,2,1,"X"
"T12",2007,2,2,"X"
"T12",2007,2,3,"X"
"T12",2007,2,4,"X"
"T12",2007,2,5,"X"
"T12",2007,2,6,"X"
"T12",2007,2,7,"X"
"T12",2007,2,8,"X"
"T12",2007,2,9,"X"
"T12",2007,2,10,"X"
"T12",2007,7,1,"X"
"T12",2007,7,2,"X"
"T12",2007,7,3,"X"
"T12",2007,7,4,"X"
"T12",2007,7,5,"X"
"T12",2007,7,6,"X"
"T12",2007,7,7,"X"
"T12",2007,7,8,"X"
"T12",2007,7,9,"X"
"T12",2007,7,10,"X"
"T11",2007,907,3,"X"
"T11",2007,907,4,"X"
"T11",2007,907,5,"X"
"T11",2007,907,6,"X"
"T11",2007,907,7,"X"
"T11",2007,907,8,"X"
"T11",2007,907,9,"X"
"T11",2007,907,10,"X"
"T11",2007,908,1,"X"
"T11",2007,908,2,"X"
"T11",2007,908,3,"X"
"T11",2007,908,4,"X"
"T11",2007,908,5,"X"
"T11",2007,908,6,"X"
"T11",2007,908,7,"X"
"T11",2007,908,8,"X"
"T11",2007,908,9,"X"
"T11",2007,908,10,"X"
"T11",2007,909,1,"X"
"T11",2007,909,2,"X"
"T11",2007,909,3,"X"
"T11",2007,909,4,"X"
"T11",2007,909,5,"X"
"T11",2007,909,6,"X"
"T11",2007,909,7,"X"
"T11",2007,909,8,"X"
"T11",2007,909,9,"X"
"T11",2007,909,10,"X"
"T11",2007,910,1,"X"
"T11",2007,910,2,"X"
"T11",2007,910,3,"X"
"T11",2007,910,4,"X"
"T11",2007,910,5,"X"
"T11",2007,910,6,"X"
"T11",2007,910,7,"X"
"T11",2007,910,8,"X"
"T11",2007,910,9,"X"
"T11",2007,910,10,"X"
"T11",2007,912,1,"X"
"T11",2007,912,2,"X"
"T11",2007,912,3,"X"
"T11",2007,912,4,"X"
"T11",2007,912,5,"X"
"T11",2007,912,6,"X"
"T11",2007,912,7,"X"
"T11",2007,912,8,"X"
"T11",2007,912,9,"X"
"T11",2007,912,10,"X"
"T11",2007,913,1,"X"
"T11",2007,913,2,"X"
"T11",2007,913,3,"X"
"T11",2007,913,4,"X"
"T11",2007,913,5,"X"
"T11",2007,913,6,"X"
"T11",2007,913,7,"X"
"T11",2007,913,8,"X"
"T11",2007,913,9,"X"
"T11",2007,913,10,"X"
"T11",2007,914,1,"X"
"T11",2007,914,2,"X"
"T11",2007,914,3,"X"
"T11",2007,914,4,"X"
"T11",2007,914,5,"X"
"T11",2007,914,6,"X"
"T10",2007,999,9,"X"
"T10",2007,999,10,"X"
"T11",2007,901,1,"X"
"T11",2007,901,2,"X"
"T11",2007,901,3,"X"
"T11",2007,901,4,"X"
"T11",2007,901,5,"X"
"T11",2007,901,6,"X"
"T11",2007,901,7,"X"
"T11",2007,901,8,"X"
"T11",2007,901,9,"X"
"T11",2007,901,10,"X"
"T11",2007,902,1,"X"
"T11",2007,902,2,"X"
"T11",2007,902,3,"X"
"T11",2007,902,4,"X"
"T11",2007,902,5,"X"
"T11",2007,902,6,"X"
"T11",2007,902,7,"X"
"T11",2007,902,8,"X"
"T11",2007,902,9,"X"
"T11",2007,902,10,"X"
"T11",2007,903,1,"X"
"T11",2007,903,2,"X"
"T11",2007,903,3,"X"
"T11",2007,903,4,"X"
"T11",2007,903,5,"X"
"T11",2007,903,6,"X"
"T11",2007,903,7,"X"
"T11",2007,903,8,"X"
"T11",2007,903,9,"X"
"T11",2007,903,10,"X"
"T11",2007,904,1,"X"
"T11",2007,904,2,"X"
"T11",2007,904,3,"X"
"T11",2007,904,4,"X"
"T11",2007,904,5,"X"
"T11",2007,904,6,"X"
"T11",2007,904,7,"X"
"T11",2007,904,8,"X"
"T11",2007,904,9,"X"
"T11",2007,904,10,"X"
"T11",2007,905,1,"X"
"T11",2007,905,2,"X"
"T11",2007,905,3,"X"
"T11",2007,905,4,"X"
"T11",2007,905,5,"X"
"T11",2007,905,6,"X"
"T11",2007,905,7,"X"
"T11",2007,905,8,"X"
"T11",2007,905,9,"X"
"T11",2007,905,10,"X"
"T11",2007,906,1,"X"
"T11",2007,906,2,"X"
"T11",2007,906,3,"X"
"T11",2007,906,4,"X"
"T11",2007,906,5,"X"
"T11",2007,906,6,"X"
"T11",2007,906,7,"X"
"T11",2007,906,8,"X"
"T11",2007,906,9,"X"
"T11",2007,906,10,"X"
"T11",2007,907,1,"X"
"T11",2007,907,2,"X"
"T10",2007,99,5,"X"
"T10",2007,99,6,"X"
"T10",2007,99,7,"X"
"T10",2007,99,8,"X"
"T10",2007,99,9,"X"
"T10",2007,99,10,"X"
"T10",2007,148,1,"X"
"T10",2007,148,2,"X"
"T10",2007,148,3,"X"
"T10",2007,148,4,"X"
"T10",2007,148,5,"X"
"T10",2007,148,6,"X"
"T10",2007,148,7,"X"
"T10",2007,148,8,"X"
"T10",2007,148,9,"X"
"T10",2007,148,10,"X"
"T10",2007,208,1,"X"
"T10",2007,208,2,"X"
"T10",2007,208,3,"X"
"T10",2007,208,4,"X"
"T10",2007,208,5,"X"
"T10",2007,208,6,"X"
"T10",2007,208,7,"X"
"T10",2007,208,8,"X"
"T10",2007,208,9,"X"
"T10",2007,208,10,"X"
"T10",2007,219,1,"X"
"T10",2007,219,2,"X"
"T10",2007,219,3,"X"
"T10",2007,219,4,"X"
"T10",2007,219,5,"X"
"T10",2007,219,6,"X"
"T10",2007,219,7,"X"
"T10",2007,219,8,"X"
"T10",2007,219,9,"X"
"T10",2007,219,10,"X"
"T10",2007,256,1,"X"
"T10",2007,256,2,"X"
"T10",2007,256,3,"X"
"T10",2007,256,4,"X"
"T10",2007,256,5,"X"
"T10",2007,256,6,"X"
"T10",2007,256,7,"X"
"T10",2007,256,8,"X"
"T10",2007,256,9,"X"
"T10",2007,256,10,"X"
"T10",2007,269,1,"X"
"T10",2007,269,2,"X"
"T10",2007,269,3,"X"
"T10",2007,269,4,"X"
"T10",2007,269,5,"X"
"T10",2007,269,6,"X"
"T10",2007,269,7,"X"
"T10",2007,269,8,"X"
"T10",2007,269,9,"X"
"T10",2007,269,10,"X"
"T10",2007,999,1,"X"
"T10",2007,999,2,"X"
"T10",2007,999,3,"X"
"T10",2007,999,4,"X"
"T10",2007,999,5,"X"
"T10",2007,999,6,"X"
"T10",2007,999,7,"X"
"T10",2007,999,8,"X"
"T10",2007,3,1,"X"
"T10",2007,3,2,"X"
"T10",2007,3,3,"X"
"T10",2007,3,4,"X"
"T10",2007,3,5,"X"
"T10",2007,3,6,"X"
"T10",2007,3,7,"X"
"T10",2007,3,8,"X"
"T10",2007,3,9,"X"
"T10",2007,3,10,"X"
"T10",2007,11,1,"X"
"T10",2007,11,2,"X"
"T10",2007,11,3,"X"
"T10",2007,11,4,"X"
"T10",2007,11,5,"X"
"T10",2007,11,6,"X"
"T10",2007,11,7,"X"
"T10",2007,11,8,"X"
"T10",2007,11,9,"X"
"T10",2007,11,10,"X"
"T10",2007,28,1,"X"
"T10",2007,28,2,"X"
"T10",2007,28,3,"X"
"T10",2007,28,4,"X"
"T10",2007,28,5,"X"
"T10",2007,28,6,"X"
"T10",2007,28,7,"X"
"T10",2007,28,8,"X"
"T10",2007,28,9,"X"
"T10",2007,28,10,"X"
"T10",2007,32,1,"X"
"T10",2007,32,2,"X"
"T10",2007,32,3,"X"
"T10",2007,32,4,"X"
"T10",2007,32,5,"X"
"T10",2007,32,6,"X"
"T10",2007,32,7,"X"
"T10",2007,32,8,"X"
"T10",2007,32,9,"X"
"T10",2007,32,10,"X"
"T10",2007,47,1,"X"
"T10",2007,47,2,"X"
"T10",2007,47,3,"X"
"T10",2007,47,4,"X"
"T10",2007,47,5,"X"
"T10",2007,47,6,"X"
"T10",2007,47,7,"X"
"T10",2007,47,8,"X"
"T10",2007,47,9,"X"
"T10",2007,47,10,"X"
"T10",2007,56,1,"X"
"T10",2007,56,2,"X"
"T10",2007,56,3,"X"
"T10",2007,56,4,"X"
"T10",2007,56,5,"X"
"T10",2007,56,6,"X"
"T10",2007,56,7,"X"
"T10",2007,56,8,"X"
"T10",2007,56,9,"X"
"T10",2007,56,10,"X"
"T10",2007,99,1,"X"
"T10",2007,99,2,"X"
"T10",2007,99,3,"X"
"T10",2007,99,4,"X"
"T09",2007,422,7,"X"
"T09",2007,422,8,"X"
"T09",2007,422,9,"X"
"T09",2007,422,10,"X"
"T09",2007,424,1,"X"
"T09",2007,424,2,"X"
"T09",2007,424,3,"X"
"T09",2007,424,4,"X"
"T09",2007,424,5,"X"
"T09",2007,424,6,"X"
"T09",2007,424,7,"X"
"T09",2007,424,8,"X"
"T09",2007,424,9,"X"
"T09",2007,424,10,"X"
"T09",2007,425,1,"X"
"T09",2007,425,2,"X"
"T09",2007,425,3,"X"
"T09",2007,425,4,"X"
"T09",2007,425,5,"X"
"T09",2007,425,6,"X"
"T09",2007,425,7,"X"
"T09",2007,425,8,"X"
"T09",2007,425,9,"X"
"T09",2007,425,10,"X"
"T09",2007,426,1,"X"
"T09",2007,426,2,"X"
"T09",2007,426,3,"X"
"T09",2007,426,4,"X"
"T09",2007,426,5,"X"
"T09",2007,426,6,"X"
"T09",2007,426,7,"X"
"T09",2007,426,8,"X"
"T09",2007,426,9,"X"
"T09",2007,426,10,"X"
"T09",2007,428,1,"X"
"T09",2007,428,2,"X"
"T09",2007,428,3,"X"
"T09",2007,428,4,"X"
"T09",2007,428,5,"X"
"T09",2007,428,6,"X"
"T09",2007,428,7,"X"
"T09",2007,428,8,"X"
"T09",2007,428,9,"X"
"T09",2007,428,10,"X"
"T09",2007,434,1,"X"
"T09",2007,434,2,"X"
"T09",2007,434,3,"X"
"T09",2007,434,4,"X"
"T09",2007,434,5,"X"
"T09",2007,434,6,"X"
"T09",2007,434,7,"X"
"T09",2007,434,8,"X"
"T09",2007,434,9,"X"
"T09",2007,434,10,"X"
"T09",2007,449,1,"X"
"T09",2007,449,2,"X"
"T09",2007,449,3,"X"
"T09",2007,449,4,"X"
"T09",2007,449,5,"X"
"T09",2007,449,6,"X"
"T09",2007,449,7,"X"
"T09",2007,449,8,"X"
"T09",2007,449,9,"X"
"T09",2007,449,10,"X"
"T09",2007,407,3,"X"
"T09",2007,407,4,"X"
"T09",2007,407,5,"X"
"T09",2007,407,6,"X"
"T09",2007,407,7,"X"
"T09",2007,407,8,"X"
"T09",2007,407,9,"X"
"T09",2007,407,10,"X"
"T09",2007,414,1,"X"
"T09",2007,414,2,"X"
"T09",2007,414,3,"X"
"T09",2007,414,4,"X"
"T09",2007,414,5,"X"
"T09",2007,414,6,"X"
"T09",2007,414,7,"X"
"T09",2007,414,8,"X"
"T09",2007,414,9,"X"
"T09",2007,414,10,"X"
"T09",2007,417,1,"X"
"T09",2007,417,2,"X"
"T09",2007,417,3,"X"
"T09",2007,417,4,"X"
"T09",2007,417,5,"X"
"T09",2007,417,6,"X"
"T09",2007,417,7,"X"
"T09",2007,417,8,"X"
"T09",2007,417,9,"X"
"T09",2007,417,10,"X"
"T09",2007,418,1,"X"
"T09",2007,418,2,"X"
"T09",2007,418,3,"X"
"T09",2007,418,4,"X"
"T09",2007,418,5,"X"
"T09",2007,418,6,"X"
"T09",2007,418,7,"X"
"T09",2007,418,8,"X"
"T09",2007,418,9,"X"
"T09",2007,418,10,"X"
"T09",2007,419,1,"X"
"T09",2007,419,2,"X"
"T09",2007,419,3,"X"
"T09",2007,419,4,"X"
"T09",2007,419,5,"X"
"T09",2007,419,6,"X"
"T09",2007,419,7,"X"
"T09",2007,419,8,"X"
"T09",2007,419,9,"X"
"T09",2007,419,10,"X"
"T09",2007,421,1,"X"
"T09",2007,421,2,"X"
"T09",2007,421,3,"X"
"T09",2007,421,4,"X"
"T09",2007,421,5,"X"
"T09",2007,421,6,"X"
"T09",2007,421,7,"X"
"T09",2007,421,8,"X"
"T09",2007,421,9,"X"
"T09",2007,421,10,"X"
"T09",2007,422,1,"X"
"T09",2007,422,2,"X"
"T09",2007,422,3,"X"
"T09",2007,422,4,"X"
"T09",2007,422,5,"X"
"T09",2007,422,6,"X"
"T08",2007,401,9,"X"
"T08",2007,401,10,"X"
"T08",2007,416,1,"X"
"T08",2007,416,2,"X"
"T08",2007,416,3,"X"
"T08",2007,416,4,"X"
"T08",2007,416,5,"X"
"T08",2007,416,6,"X"
"T08",2007,416,7,"X"
"T08",2007,416,8,"X"
"T08",2007,416,9,"X"
"T08",2007,416,10,"X"
"T08",2007,420,1,"X"
"T08",2007,420,2,"X"
"T08",2007,420,3,"X"
"T08",2007,420,4,"X"
"T08",2007,420,5,"X"
"T08",2007,420,6,"X"
"T08",2007,420,7,"X"
"T08",2007,420,8,"X"
"T08",2007,420,9,"X"
"T08",2007,420,10,"X"
"T08",2007,421,1,"X"
"T08",2007,421,2,"X"
"T08",2007,421,3,"X"
"T08",2007,421,4,"X"
"T08",2007,421,5,"X"
"T08",2007,421,6,"X"
"T08",2007,421,7,"X"
"T08",2007,421,8,"X"
"T08",2007,421,9,"X"
"T08",2007,421,10,"X"
"T08",2007,422,1,"X"
"T08",2007,422,2,"X"
"T08",2007,422,3,"X"
"T08",2007,422,4,"X"
"T08",2007,422,5,"X"
"T08",2007,422,6,"X"
"T08",2007,422,7,"X"
"T08",2007,422,8,"X"
"T08",2007,422,9,"X"
"T08",2007,422,10,"X"
"T08",2007,423,1,"X"
"T08",2007,423,2,"X"
"T08",2007,423,3,"X"
"T08",2007,423,4,"X"
"T08",2007,423,5,"X"
"T08",2007,423,6,"X"
"T08",2007,423,7,"X"
"T08",2007,423,8,"X"
"T08",2007,423,9,"X"
"T08",2007,423,10,"X"
"T09",2007,403,1,"X"
"T09",2007,403,2,"X"
"T09",2007,403,3,"X"
"T09",2007,403,4,"X"
"T09",2007,403,5,"X"
"T09",2007,403,6,"X"
"T09",2007,403,7,"X"
"T09",2007,403,8,"X"
"T09",2007,403,9,"X"
"T09",2007,403,10,"X"
"T09",2007,407,1,"X"
"T09",2007,407,2,"X"
"T08",2007,72,5,"X"
"T08",2007,72,6,"X"
"T08",2007,72,7,"X"
"T08",2007,72,8,"X"
"T08",2007,72,9,"X"
"T08",2007,72,10,"X"
"T08",2007,168,1,"X"
"T08",2007,168,2,"X"
"T08",2007,168,3,"X"
"T08",2007,168,4,"X"
"T08",2007,168,5,"X"
"T08",2007,168,6,"X"
"T08",2007,168,7,"X"
"T08",2007,168,8,"X"
"T08",2007,168,9,"X"
"T08",2007,168,10,"X"
"T08",2007,173,1,"X"
"T08",2007,173,2,"X"
"T08",2007,173,3,"X"
"T08",2007,173,4,"X"
"T08",2007,173,5,"X"
"T08",2007,173,6,"X"
"T08",2007,173,7,"X"
"T08",2007,173,8,"X"
"T08",2007,173,9,"X"
"T08",2007,173,10,"X"
"T08",2007,194,1,"X"
"T08",2007,194,2,"X"
"T08",2007,194,3,"X"
"T08",2007,194,4,"X"
"T08",2007,194,5,"X"
"T08",2007,194,6,"X"
"T08",2007,194,7,"X"
"T08",2007,194,8,"X"
"T08",2007,194,9,"X"
"T08",2007,194,10,"X"
"T08",2007,239,1,"X"
"T08",2007,239,2,"X"
"T08",2007,239,3,"X"
"T08",2007,239,4,"X"
"T08",2007,239,5,"X"
"T08",2007,239,6,"X"
"T08",2007,239,7,"X"
"T08",2007,239,8,"X"
"T08",2007,239,9,"X"
"T08",2007,239,10,"X"
"T08",2007,327,1,"X"
"T08",2007,327,2,"X"
"T08",2007,327,3,"X"
"T08",2007,327,4,"X"
"T08",2007,327,5,"X"
"T08",2007,327,6,"X"
"T08",2007,327,7,"X"
"T08",2007,327,8,"X"
"T08",2007,327,9,"X"
"T08",2007,327,10,"X"
"T08",2007,401,1,"X"
"T08",2007,401,2,"X"
"T08",2007,401,3,"X"
"T08",2007,401,4,"X"
"T08",2007,401,5,"X"
"T08",2007,401,6,"X"
"T08",2007,401,7,"X"
"T08",2007,401,8,"X"
"T07",2007,278,1,"X"
"T07",2007,278,2,"X"
"T07",2007,278,3,"X"
"T07",2007,278,4,"X"
"T07",2007,278,5,"X"
"T07",2007,278,6,"X"
"T07",2007,278,7,"X"
"T07",2007,278,8,"X"
"T07",2007,278,9,"X"
"T07",2007,278,10,"X"
"T07",2007,308,1,"X"
"T07",2007,308,2,"X"
"T07",2007,308,3,"X"
"T07",2007,308,4,"X"
"T07",2007,308,5,"X"
"T07",2007,308,6,"X"
"T07",2007,308,7,"X"
"T07",2007,308,8,"X"
"T07",2007,308,9,"X"
"T07",2007,308,10,"X"
"T07",2007,436,1,"X"
"T07",2007,436,2,"X"
"T07",2007,436,3,"X"
"T07",2007,436,4,"X"
"T07",2007,436,5,"X"
"T07",2007,436,6,"X"
"T07",2007,436,7,"X"
"T07",2007,436,8,"X"
"T07",2007,436,9,"X"
"T07",2007,436,10,"X"
"T07",2007,451,1,"X"
"T07",2007,451,2,"X"
"T07",2007,451,3,"X"
"T07",2007,451,4,"X"
"T07",2007,451,5,"X"
"T07",2007,451,6,"X"
"T07",2007,451,7,"X"
"T07",2007,451,8,"X"
"T07",2007,451,9,"X"
"T07",2007,451,10,"X"
"T08",2007,32,1,"X"
"T08",2007,32,2,"X"
"T08",2007,32,3,"X"
"T08",2007,32,4,"X"
"T08",2007,32,5,"X"
"T08",2007,32,6,"X"
"T08",2007,32,7,"X"
"T08",2007,32,8,"X"
"T08",2007,32,9,"X"
"T08",2007,32,10,"X"
"T08",2007,61,1,"X"
"T08",2007,61,2,"X"
"T08",2007,61,3,"X"
"T08",2007,61,4,"X"
"T08",2007,61,5,"X"
"T08",2007,61,6,"X"
"T08",2007,61,7,"X"
"T08",2007,61,8,"X"
"T08",2007,61,9,"X"
"T08",2007,61,10,"X"
"T08",2007,72,1,"X"
"T08",2007,72,2,"X"
"T08",2007,72,3,"X"
"T08",2007,72,4,"X"
"T07",2007,1,7,"X"
"T07",2007,1,8,"X"
"T07",2007,1,9,"X"
"T07",2007,1,10,"X"
"T07",2007,6,1,"P"
"T07",2007,6,2,"P"
"T07",2007,6,3,"P"
"T07",2007,6,4,"X"
"T07",2007,6,5,"X"
"T07",2007,6,6,"X"
"T07",2007,6,7,"X"
"T07",2007,6,8,"X"
"T07",2007,6,9,"X"
"T07",2007,6,10,"X"
"T07",2007,30,1,"X"
"T07",2007,30,2,"X"
"T07",2007,30,3,"X"
"T07",2007,30,4,"X"
"T07",2007,30,5,"X"
"T07",2007,30,6,"X"
"T07",2007,30,7,"X"
"T07",2007,30,8,"X"
"T07",2007,30,9,"X"
"T07",2007,30,10,"X"
"T07",2007,47,1,"X"
"T07",2007,47,2,"X"
"T07",2007,47,3,"X"
"T07",2007,47,4,"X"
"T07",2007,47,5,"X"
"T07",2007,47,6,"X"
"T07",2007,47,7,"X"
"T07",2007,47,8,"X"
"T07",2007,47,9,"X"
"T07",2007,47,10,"X"
"T07",2007,59,1,"X"
"T07",2007,59,2,"X"
"T07",2007,59,3,"X"
"T07",2007,59,4,"X"
"T07",2007,59,5,"X"
"T07",2007,59,6,"X"
"T07",2007,59,7,"X"
"T07",2007,59,8,"X"
"T07",2007,59,9,"X"
"T07",2007,59,10,"X"
"T07",2007,151,1,"X"
"T07",2007,151,2,"X"
"T07",2007,151,3,"X"
"T07",2007,151,4,"X"
"T07",2007,151,5,"X"
"T07",2007,151,6,"X"
"T07",2007,151,7,"X"
"T07",2007,151,8,"X"
"T07",2007,151,9,"X"
"T07",2007,151,10,"X"
"T07",2007,277,1,"X"
"T07",2007,277,2,"X"
"T07",2007,277,3,"X"
"T07",2007,277,4,"X"
"T07",2007,277,5,"X"
"T07",2007,277,6,"X"
"T07",2007,277,7,"X"
"T07",2007,277,8,"X"
"T07",2007,277,9,"X"
"T07",2007,277,10,"X"
"T06",2007,13,3,"X"
"T06",2007,13,4,"X"
"T06",2007,13,5,"X"
"T06",2007,13,6,"X"
"T06",2007,13,7,"X"
"T06",2007,13,8,"X"
"T06",2007,13,9,"X"
"T06",2007,13,10,"X"
"T06",2007,14,1,"X"
"T06",2007,14,2,"X"
"T06",2007,14,3,"X"
"T06",2007,14,4,"X"
"T06",2007,14,5,"X"
"T06",2007,14,6,"X"
"T06",2007,14,7,"X"
"T06",2007,14,8,"X"
"T06",2007,14,9,"X"
"T06",2007,14,10,"X"
"T06",2007,15,1,"X"
"T06",2007,15,2,"X"
"T06",2007,15,3,"X"
"T06",2007,15,4,"X"
"T06",2007,15,5,"X"
"T06",2007,15,6,"X"
"T06",2007,15,7,"X"
"T06",2007,15,8,"X"
"T06",2007,15,9,"X"
"T06",2007,15,10,"X"
"T06",2007,16,1,"X"
"T06",2007,16,2,"X"
"T06",2007,16,3,"X"
"T06",2007,16,4,"X"
"T06",2007,16,5,"X"
"T06",2007,16,6,"X"
"T06",2007,16,7,"X"
"T06",2007,16,8,"X"
"T06",2007,16,9,"X"
"T06",2007,16,10,"X"
"T06",2007,17,1,"X"
"T06",2007,17,2,"X"
"T06",2007,17,3,"X"
"T06",2007,17,4,"X"
"T06",2007,17,5,"X"
"T06",2007,17,6,"X"
"T06",2007,17,7,"X"
"T06",2007,17,8,"X"
"T06",2007,17,9,"X"
"T06",2007,17,10,"X"
"T06",2007,18,1,"X"
"T06",2007,18,2,"X"
"T06",2007,18,3,"X"
"T06",2007,18,4,"X"
"T06",2007,18,5,"X"
"T06",2007,18,6,"X"
"T06",2007,18,7,"X"
"T06",2007,18,8,"X"
"T06",2007,18,9,"X"
"T06",2007,18,10,"X"
"T07",2007,1,1,"X"
"T07",2007,1,2,"X"
"T07",2007,1,3,"X"
"T07",2007,1,4,"X"
"T07",2007,1,5,"X"
"T07",2007,1,6,"X"
"T05",2007,19,9,"X"
"T05",2007,19,10,"X"
"T05",2007,20,1,"X"
"T05",2007,20,2,"X"
"T05",2007,20,3,"X"
"T05",2007,20,4,"X"
"T05",2007,20,5,"X"
"T05",2007,20,6,"X"
"T05",2007,20,7,"X"
"T05",2007,20,8,"X"
"T05",2007,20,9,"X"
"T05",2007,20,10,"X"
"T05",2007,21,1,"X"
"T05",2007,21,2,"X"
"T05",2007,21,3,"X"
"T05",2007,21,4,"X"
"T05",2007,21,5,"X"
"T05",2007,21,6,"X"
"T05",2007,21,7,"X"
"T05",2007,21,8,"X"
"T05",2007,21,9,"X"
"T05",2007,21,10,"X"
"T05",2007,22,1,"X"
"T05",2007,22,2,"X"
"T05",2007,22,3,"X"
"T05",2007,22,4,"X"
"T05",2007,22,5,"X"
"T05",2007,22,6,"X"
"T05",2007,22,7,"X"
"T05",2007,22,8,"X"
"T05",2007,22,9,"X"
"T05",2007,22,10,"X"
"T05",2007,23,1,"X"
"T05",2007,23,2,"X"
"T05",2007,23,3,"X"
"T05",2007,23,4,"X"
"T05",2007,23,5,"X"
"T05",2007,23,6,"X"
"T05",2007,23,7,"X"
"T05",2007,23,8,"X"
"T05",2007,23,9,"X"
"T05",2007,23,10,"X"
"T06",2007,7,1,"X"
"T06",2007,7,2,"X"
"T06",2007,7,3,"X"
"T06",2007,7,4,"X"
"T06",2007,7,5,"X"
"T06",2007,7,6,"X"
"T06",2007,7,7,"X"
"T06",2007,7,8,"X"
"T06",2007,7,9,"X"
"T06",2007,7,10,"X"
"T06",2007,8,1,"X"
"T06",2007,8,2,"X"
"T06",2007,8,3,"X"
"T06",2007,8,4,"X"
"T06",2007,8,5,"X"
"T06",2007,8,6,"X"
"T06",2007,8,7,"X"
"T06",2007,8,8,"X"
"T06",2007,8,9,"X"
"T06",2007,8,10,"X"
"T06",2007,13,1,"X"
"T06",2007,13,2,"X"
"T05",2007,1,5,"X"
"T05",2007,1,6,"X"
"T05",2007,1,7,"X"
"T05",2007,1,8,"X"
"T05",2007,1,9,"X"
"T05",2007,1,10,"X"
"T05",2007,7,1,"X"
"T05",2007,7,2,"X"
"T05",2007,7,3,"X"
"T05",2007,7,4,"X"
"T05",2007,7,5,"X"
"T05",2007,7,6,"X"
"T05",2007,7,7,"X"
"T05",2007,7,8,"X"
"T05",2007,7,9,"X"
"T05",2007,7,10,"X"
"T05",2007,13,1,"X"
"T05",2007,13,2,"X"
"T05",2007,13,3,"X"
"T05",2007,13,4,"X"
"T05",2007,13,5,"X"
"T05",2007,13,6,"X"
"T05",2007,13,7,"X"
"T05",2007,13,8,"X"
"T05",2007,13,9,"X"
"T05",2007,13,10,"X"
"T05",2007,14,1,"X"
"T05",2007,14,2,"X"
"T05",2007,14,3,"X"
"T05",2007,14,4,"X"
"T05",2007,14,5,"X"
"T05",2007,14,6,"X"
"T05",2007,14,7,"X"
"T05",2007,14,8,"X"
"T05",2007,14,9,"X"
"T05",2007,14,10,"X"
"T05",2007,15,1,"X"
"T05",2007,15,2,"X"
"T05",2007,15,3,"X"
"T05",2007,15,4,"X"
"T05",2007,15,5,"X"
"T05",2007,15,6,"X"
"T05",2007,15,7,"X"
"T05",2007,15,8,"X"
"T05",2007,15,9,"X"
"T05",2007,15,10,"X"
"T05",2007,18,1,"X"
"T05",2007,18,2,"X"
"T05",2007,18,3,"X"
"T05",2007,18,4,"X"
"T05",2007,18,5,"X"
"T05",2007,18,6,"X"
"T05",2007,18,7,"X"
"T05",2007,18,8,"X"
"T05",2007,18,9,"X"
"T05",2007,18,10,"X"
"T05",2007,19,1,"X"
"T05",2007,19,2,"X"
"T05",2007,19,3,"X"
"T05",2007,19,4,"X"
"T05",2007,19,5,"X"
"T05",2007,19,6,"X"
"T05",2007,19,7,"X"
"T05",2007,19,8,"X"
"T04",2007,501,1,"X"
"T04",2007,501,2,"X"
"T04",2007,501,3,"X"
"T04",2007,501,4,"X"
"T04",2007,501,5,"X"
"T04",2007,501,6,"X"
"T04",2007,501,7,"X"
"T04",2007,501,8,"X"
"T04",2007,501,9,"X"
"T04",2007,501,10,"X"
"T04",2007,502,1,"X"
"T04",2007,502,2,"X"
"T04",2007,502,3,"X"
"T04",2007,502,4,"X"
"T04",2007,502,5,"X"
"T04",2007,502,6,"X"
"T04",2007,502,7,"X"
"T04",2007,502,8,"X"
"T04",2007,502,9,"X"
"T04",2007,502,10,"X"
"T04",2007,507,1,"X"
"T04",2007,507,2,"X"
"T04",2007,507,3,"X"
"T04",2007,507,4,"X"
"T04",2007,507,5,"X"
"T04",2007,507,6,"X"
"T04",2007,507,7,"X"
"T04",2007,507,8,"X"
"T04",2007,507,9,"X"
"T04",2007,507,10,"X"
"T04",2007,509,1,"X"
"T04",2007,509,2,"X"
"T04",2007,509,3,"X"
"T04",2007,509,4,"X"
"T04",2007,509,5,"X"
"T04",2007,509,6,"X"
"T04",2007,509,7,"X"
"T04",2007,509,8,"X"
"T04",2007,509,9,"X"
"T04",2007,509,10,"X"
"T04",2007,611,1,"X"
"T04",2007,611,2,"X"
"T04",2007,611,3,"X"
"T04",2007,611,4,"X"
"T04",2007,611,5,"X"
"T04",2007,611,6,"X"
"T04",2007,611,7,"X"
"T04",2007,611,8,"X"
"T04",2007,611,9,"X"
"T04",2007,611,10,"X"
"T04",2007,800,1,"X"
"T04",2007,800,2,"X"
"T04",2007,800,3,"X"
"T04",2007,800,4,"X"
"T04",2007,800,5,"X"
"T04",2007,800,6,"X"
"T04",2007,800,7,"X"
"T04",2007,800,8,"X"
"T04",2007,800,9,"X"
"T04",2007,800,10,"X"
"T05",2007,1,1,"X"
"T05",2007,1,2,"X"
"T05",2007,1,3,"X"
"T05",2007,1,4,"X"
"T04",2007,254,7,"X"
"T04",2007,254,8,"X"
"T04",2007,254,9,"X"
"T04",2007,254,10,"X"
"T04",2007,371,1,"X"
"T04",2007,371,2,"X"
"T04",2007,371,3,"X"
"T04",2007,371,4,"X"
"T04",2007,371,5,"X"
"T04",2007,371,6,"X"
"T04",2007,371,7,"X"
"T04",2007,371,8,"X"
"T04",2007,371,9,"X"
"T04",2007,371,10,"X"
"T04",2007,411,1,"X"
"T04",2007,411,2,"X"
"T04",2007,411,3,"X"
"T04",2007,411,4,"X"
"T04",2007,411,5,"X"
"T04",2007,411,6,"X"
"T04",2007,411,7,"X"
"T04",2007,411,8,"X"
"T04",2007,411,9,"X"
"T04",2007,411,10,"X"
"T04",2007,444,1,"X"
"T04",2007,444,2,"X"
"T04",2007,444,3,"X"
"T04",2007,444,4,"X"
"T04",2007,444,5,"X"
"T04",2007,444,6,"X"
"T04",2007,444,7,"X"
"T04",2007,444,8,"X"
"T04",2007,444,9,"X"
"T04",2007,444,10,"X"
"T04",2007,449,1,"X"
"T04",2007,449,2,"X"
"T04",2007,449,3,"X"
"T04",2007,449,4,"X"
"T04",2007,449,5,"X"
"T04",2007,449,6,"X"
"T04",2007,449,7,"X"
"T04",2007,449,8,"X"
"T04",2007,449,9,"X"
"T04",2007,449,10,"X"
"T04",2007,450,1,"X"
"T04",2007,450,2,"X"
"T04",2007,450,3,"X"
"T04",2007,450,4,"X"
"T04",2007,450,5,"X"
"T04",2007,450,6,"X"
"T04",2007,450,7,"X"
"T04",2007,450,8,"X"
"T04",2007,450,9,"X"
"T04",2007,450,10,"X"
"T04",2007,500,1,"X"
"T04",2007,500,2,"X"
"T04",2007,500,3,"X"
"T04",2007,500,4,"X"
"T04",2007,500,5,"X"
"T04",2007,500,6,"X"
"T04",2007,500,7,"X"
"T04",2007,500,8,"X"
"T04",2007,500,9,"X"
"T04",2007,500,10,"X"
"T04",2007,71,3,"X"
"T04",2007,71,4,"X"
"T04",2007,71,5,"X"
"T04",2007,71,6,"X"
"T04",2007,71,7,"X"
"T04",2007,71,8,"X"
"T04",2007,71,9,"X"
"T04",2007,71,10,"X"
"T04",2007,78,1,"X"
"T04",2007,78,2,"X"
"T04",2007,78,3,"X"
"T04",2007,78,4,"X"
"T04",2007,78,5,"X"
"T04",2007,78,6,"X"
"T04",2007,78,7,"X"
"T04",2007,78,8,"X"
"T04",2007,78,9,"X"
"T04",2007,78,10,"X"
"T04",2007,206,1,"X"
"T04",2007,206,2,"X"
"T04",2007,206,3,"X"
"T04",2007,206,4,"X"
"T04",2007,206,5,"X"
"T04",2007,206,6,"X"
"T04",2007,206,7,"X"
"T04",2007,206,8,"X"
"T04",2007,206,9,"X"
"T04",2007,206,10,"X"
"T04",2007,226,1,"X"
"T04",2007,226,2,"X"
"T04",2007,226,3,"X"
"T04",2007,226,4,"X"
"T04",2007,226,5,"X"
"T04",2007,226,6,"X"
"T04",2007,226,7,"X"
"T04",2007,226,8,"X"
"T04",2007,226,9,"X"
"T04",2007,226,10,"X"
"T04",2007,247,1,"X"
"T04",2007,247,2,"X"
"T04",2007,247,3,"X"
"T04",2007,247,4,"X"
"T04",2007,247,5,"X"
"T04",2007,247,6,"X"
"T04",2007,247,7,"X"
"T04",2007,247,8,"X"
"T04",2007,247,9,"X"
"T04",2007,247,10,"X"
"T04",2007,251,1,"X"
"T04",2007,251,2,"X"
"T04",2007,251,3,"X"
"T04",2007,251,4,"X"
"T04",2007,251,5,"X"
"T04",2007,251,6,"X"
"T04",2007,251,7,"X"
"T04",2007,251,8,"X"
"T04",2007,251,9,"X"
"T04",2007,251,10,"X"
"T04",2007,254,1,"X"
"T04",2007,254,2,"X"
"T04",2007,254,3,"X"
"T04",2007,254,4,"X"
"T04",2007,254,5,"X"
"T04",2007,254,6,"X"
"T02",2007,442,9,"X"
"T02",2007,442,10,"X"
"T02",2007,443,1,"X"
"T02",2007,443,2,"X"
"T02",2007,443,3,"X"
"T02",2007,443,4,"X"
"T02",2007,443,5,"X"
"T02",2007,443,6,"X"
"T02",2007,443,7,"P"
"T02",2007,443,8,"P"
"T02",2007,443,9,"P"
"T02",2007,443,10,"X"
"T04",2007,1,1,"X"
"T04",2007,1,2,"X"
"T04",2007,1,3,"X"
"T04",2007,1,4,"X"
"T04",2007,1,5,"X"
"T04",2007,1,6,"X"
"T04",2007,1,7,"X"
"T04",2007,1,8,"X"
"T04",2007,1,9,"X"
"T04",2007,1,10,"X"
"T04",2007,13,1,"X"
"T04",2007,13,2,"X"
"T04",2007,13,3,"X"
"T04",2007,13,4,"X"
"T04",2007,13,5,"X"
"T04",2007,13,6,"X"
"T04",2007,13,7,"X"
"T04",2007,13,8,"X"
"T04",2007,13,9,"X"
"T04",2007,13,10,"X"
"T04",2007,19,1,"X"
"T04",2007,19,2,"X"
"T04",2007,19,3,"X"
"T04",2007,19,4,"X"
"T04",2007,19,5,"X"
"T04",2007,19,6,"X"
"T04",2007,19,7,"X"
"T04",2007,19,8,"X"
"T04",2007,19,9,"X"
"T04",2007,19,10,"X"
"T04",2007,21,1,"X"
"T04",2007,21,2,"X"
"T04",2007,21,3,"X"
"T04",2007,21,4,"X"
"T04",2007,21,5,"X"
"T04",2007,21,6,"X"
"T04",2007,21,7,"X"
"T04",2007,21,8,"X"
"T04",2007,21,9,"X"
"T04",2007,21,10,"X"
"T04",2007,61,1,"X"
"T04",2007,61,2,"X"
"T04",2007,61,3,"X"
"T04",2007,61,4,"X"
"T04",2007,61,5,"X"
"T04",2007,61,6,"X"
"T04",2007,61,7,"X"
"T04",2007,61,8,"X"
"T04",2007,61,9,"X"
"T04",2007,61,10,"X"
"T04",2007,71,1,"X"
"T04",2007,71,2,"X"
"T02",2007,436,5,"X"
"T02",2007,436,6,"X"
"T02",2007,436,7,"X"
"T02",2007,436,8,"X"
"T02",2007,436,9,"X"
"T02",2007,436,10,"X"
"T02",2007,437,1,"X"
"T02",2007,437,2,"X"
"T02",2007,437,3,"X"
"T02",2007,437,4,"X"
"T02",2007,437,5,"X"
"T02",2007,437,6,"X"
"T02",2007,437,7,"X"
"T02",2007,437,8,"X"
"T02",2007,437,9,"X"
"T02",2007,437,10,"X"
"T02",2007,438,1,"X"
"T02",2007,438,2,"X"
"T02",2007,438,3,"X"
"T02",2007,438,4,"X"
"T02",2007,438,5,"X"
"T02",2007,438,6,"X"
"T02",2007,438,7,"X"
"T02",2007,438,8,"X"
"T02",2007,438,9,"X"
"T02",2007,438,10,"X"
"T02",2007,439,1,"X"
"T02",2007,439,2,"X"
"T02",2007,439,3,"X"
"T02",2007,439,4,"X"
"T02",2007,439,5,"X"
"T02",2007,439,6,"X"
"T02",2007,439,7,"X"
"T02",2007,439,8,"X"
"T02",2007,439,9,"X"
"T02",2007,439,10,"X"
"T02",2007,440,1,"X"
"T02",2007,440,2,"X"
"T02",2007,440,3,"X"
"T02",2007,440,4,"X"
"T02",2007,440,5,"X"
"T02",2007,440,6,"X"
"T02",2007,440,7,"X"
"T02",2007,440,8,"X"
"T02",2007,440,9,"X"
"T02",2007,440,10,"X"
"T02",2007,441,1,"X"
"T02",2007,441,2,"X"
"T02",2007,441,3,"X"
"T02",2007,441,4,"X"
"T02",2007,441,5,"X"
"T02",2007,441,6,"X"
"T02",2007,441,7,"X"
"T02",2007,441,8,"X"
"T02",2007,441,9,"X"
"T02",2007,441,10,"X"
"T02",2007,442,1,"X"
"T02",2007,442,2,"X"
"T02",2007,442,3,"X"
"T02",2007,442,4,"X"
"T02",2007,442,5,"X"
"T02",2007,442,6,"X"
"T02",2007,442,7,"X"
"T02",2007,442,8,"X"
"T02",2007,384,1,"X"
"T02",2007,384,2,"X"
"T02",2007,384,3,"X"
"T02",2007,384,4,"X"
"T02",2007,384,5,"X"
"T02",2007,384,6,"X"
"T02",2007,384,7,"P"
"T02",2007,384,8,"X"
"T02",2007,384,9,"X"
"T02",2007,384,10,"X"
"T02",2007,396,1,"X"
"T02",2007,396,2,"X"
"T02",2007,396,3,"X"
"T02",2007,396,4,"X"
"T02",2007,396,5,"X"
"T02",2007,396,6,"X"
"T02",2007,396,7,"X"
"T02",2007,396,8,"X"
"T02",2007,396,9,"X"
"T02",2007,396,10,"X"
"T02",2007,424,1,"X"
"T02",2007,424,2,"X"
"T02",2007,424,3,"X"
"T02",2007,424,4,"X"
"T02",2007,424,5,"X"
"T02",2007,424,6,"X"
"T02",2007,424,7,"X"
"T02",2007,424,8,"X"
"T02",2007,424,9,"X"
"T02",2007,424,10,"X"
"T02",2007,428,1,"X"
"T02",2007,428,2,"X"
"T02",2007,428,3,"X"
"T02",2007,428,4,"X"
"T02",2007,428,5,"X"
"T02",2007,428,6,"X"
"T02",2007,428,7,"X"
"T02",2007,428,8,"X"
"T02",2007,428,9,"X"
"T02",2007,428,10,"X"
"T02",2007,434,1,"X"
"T02",2007,434,2,"X"
"T02",2007,434,3,"X"
"T02",2007,434,4,"X"
"T02",2007,434,5,"X"
"T02",2007,434,6,"X"
"T02",2007,434,7,"X"
"T02",2007,434,8,"X"
"T02",2007,434,9,"X"
"T02",2007,434,10,"X"
"T02",2007,435,1,"X"
"T02",2007,435,2,"X"
"T02",2007,435,3,"X"
"T02",2007,435,4,"X"
"T02",2007,435,5,"X"
"T02",2007,435,6,"X"
"T02",2007,435,7,"X"
"T02",2007,435,8,"X"
"T02",2007,435,9,"X"
"T02",2007,435,10,"X"
"T02",2007,436,1,"X"
"T02",2007,436,2,"X"
"T02",2007,436,3,"X"
"T02",2007,436,4,"X"
"T11",2008,916,6,"X"
"T11",2008,916,7,"X"
"T11",2008,916,8,"X"
"T11",2008,916,9,"X"
"T11",2008,916,10,"X"
"T11",2008,917,1,"X"
"T11",2008,917,2,"X"
"T11",2008,917,3,"X"
"T11",2008,917,4,"X"
"T11",2008,917,5,"X"
"T11",2008,917,6,"X"
"T11",2008,917,7,"X"
"T11",2008,917,8,"X"
"T11",2008,917,9,"X"
"T11",2008,917,10,"X"
"T11",2008,918,1,"X"
"T11",2008,918,2,"X"
"T11",2008,918,3,"X"
"T11",2008,918,4,"X"
"T11",2008,918,5,"X"
"T11",2008,918,6,"X"
"T11",2008,918,7,"X"
"T11",2008,918,8,"X"
"T11",2008,918,9,"X"
"T11",2008,918,10,"X"
"T11",2008,910,2,"X"
"T11",2008,910,3,"X"
"T11",2008,910,4,"X"
"T11",2008,910,5,"X"
"T11",2008,910,6,"X"
"T11",2008,910,7,"X"
"T11",2008,910,8,"X"
"T11",2008,910,9,"X"
"T11",2008,910,10,"X"
"T11",2008,911,1,"X"
"T11",2008,911,2,"X"
"T11",2008,911,3,"X"
"T11",2008,911,4,"X"
"T11",2008,911,5,"X"
"T11",2008,911,6,"X"
"T11",2008,911,7,"X"
"T11",2008,911,8,"X"
"T11",2008,911,9,"X"
"T11",2008,911,10,"X"
"T11",2008,912,1,"X"
"T11",2008,912,2,"X"
"T11",2008,912,3,"X"
"T11",2008,912,4,"X"
"T11",2008,912,5,"X"
"T11",2008,912,6,"X"
"T11",2008,912,7,"X"
"T11",2008,912,8,"X"
"T11",2008,912,9,"X"
"T11",2008,912,10,"X"
"T11",2008,913,1,"X"
"T11",2008,913,2,"X"
"T11",2008,913,3,"X"
"T11",2008,913,4,"X"
"T11",2008,913,5,"X"
"T11",2008,913,6,"X"
"T11",2008,913,7,"X"
"T11",2008,913,8,"X"
"T11",2008,913,9,"X"
"T11",2008,913,10,"X"
"T11",2008,914,1,"X"
"T11",2008,914,2,"X"
"T11",2008,914,3,"P"
"T11",2008,914,4,"X"
"T11",2008,914,5,"P"
"T11",2008,914,6,"X"
"T11",2008,914,7,"X"
"T11",2008,914,8,"X"
"T11",2008,914,9,"P"
"T11",2008,914,10,"X"
"T11",2008,915,1,"X"
"T11",2008,915,2,"X"
"T11",2008,915,3,"X"
"T11",2008,915,4,"X"
"T11",2008,915,5,"X"
"T11",2008,915,6,"X"
"T11",2008,915,7,"X"
"T11",2008,915,8,"X"
"T11",2008,915,9,"X"
"T11",2008,915,10,"X"
"T11",2008,916,1,"X"
"T11",2008,916,2,"X"
"T11",2008,916,3,"X"
"T11",2008,916,4,"X"
"T11",2008,916,5,"X"
"T11",2008,903,8,"X"
"T11",2008,903,9,"X"
"T11",2008,903,10,"X"
"T11",2008,904,1,"X"
"T11",2008,904,2,"X"
"T11",2008,904,3,"X"
"T11",2008,904,4,"X"
"T11",2008,904,5,"X"
"T11",2008,904,6,"X"
"T11",2008,904,7,"X"
"T11",2008,904,8,"X"
"T11",2008,904,9,"X"
"T11",2008,904,10,"X"
"T11",2008,905,1,"X"
"T11",2008,905,2,"X"
"T11",2008,905,3,"X"
"T11",2008,905,4,"X"
"T11",2008,905,5,"X"
"T11",2008,905,6,"X"
"T11",2008,905,7,"X"
"T11",2008,905,8,"X"
"T11",2008,905,9,"X"
"T11",2008,905,10,"X"
"T11",2008,906,1,"X"
"T11",2008,906,2,"X"
"T11",2008,906,3,"X"
"T11",2008,906,4,"X"
"T11",2008,906,5,"X"
"T11",2008,906,6,"X"
"T11",2008,906,7,"X"
"T11",2008,906,8,"X"
"T11",2008,906,9,"X"
"T11",2008,906,10,"X"
"T11",2008,907,1,"X"
"T11",2008,907,2,"X"
"T11",2008,907,3,"X"
"T11",2008,907,4,"X"
"T11",2008,907,5,"X"
"T11",2008,907,6,"X"
"T11",2008,907,7,"X"
"T11",2008,907,8,"X"
"T11",2008,907,9,"X"
"T11",2008,907,10,"X"
"T11",2008,908,1,"X"
"T11",2008,908,2,"X"
"T11",2008,908,3,"X"
"T11",2008,908,4,"X"
"T11",2008,908,5,"X"
"T11",2008,908,6,"X"
"T11",2008,908,7,"X"
"T11",2008,908,8,"X"
"T11",2008,908,9,"X"
"T11",2008,908,10,"X"
"T11",2008,909,1,"X"
"T11",2008,909,2,"X"
"T11",2008,909,3,"X"
"T11",2008,909,4,"X"
"T11",2008,909,5,"X"
"T11",2008,909,6,"X"
"T11",2008,909,7,"X"
"T11",2008,909,8,"X"
"T11",2008,909,9,"X"
"T11",2008,909,10,"X"
"T11",2008,910,1,"X"
"T10",2008,666,4,"X"
"T10",2008,666,5,"X"
"T10",2008,666,6,"X"
"T10",2008,666,7,"X"
"T10",2008,666,8,"X"
"T10",2008,666,9,"X"
"T10",2008,666,10,"X"
"T10",2008,777,1,"X"
"T10",2008,777,2,"X"
"T10",2008,777,3,"X"
"T10",2008,777,4,"X"
"T10",2008,777,5,"X"
"T10",2008,777,6,"X"
"T10",2008,777,7,"X"
"T10",2008,777,8,"X"
"T10",2008,777,9,"X"
"T10",2008,777,10,"X"
"T10",2008,888,1,"X"
"T10",2008,888,2,"X"
"T10",2008,888,3,"X"
"T10",2008,888,4,"X"
"T10",2008,888,5,"X"
"T10",2008,888,6,"X"
"T10",2008,888,7,"X"
"T10",2008,888,8,"X"
"T10",2008,888,9,"X"
"T10",2008,888,10,"X"
"T10",2008,999,1,"X"
"T10",2008,999,2,"X"
"T10",2008,999,3,"X"
"T10",2008,999,4,"X"
"T10",2008,999,5,"X"
"T10",2008,999,6,"X"
"T10",2008,999,7,"X"
"T10",2008,999,8,"X"
"T10",2008,999,9,"X"
"T10",2008,999,10,"X"
"T11",2008,901,1,"X"
"T11",2008,901,2,"X"
"T11",2008,901,3,"X"
"T11",2008,901,4,"X"
"T11",2008,901,5,"X"
"T11",2008,901,6,"X"
"T11",2008,901,7,"X"
"T11",2008,901,8,"X"
"T11",2008,901,9,"X"
"T11",2008,901,10,"X"
"T11",2008,902,1,"X"
"T11",2008,902,2,"X"
"T11",2008,902,3,"X"
"T11",2008,902,4,"X"
"T11",2008,902,5,"X"
"T11",2008,902,6,"X"
"T11",2008,902,7,"X"
"T11",2008,902,8,"X"
"T11",2008,902,9,"X"
"T11",2008,902,10,"X"
"T11",2008,903,1,"X"
"T11",2008,903,2,"X"
"T11",2008,903,3,"X"
"T11",2008,903,4,"X"
"T11",2008,903,5,"X"
"T11",2008,903,6,"X"
"T11",2008,903,7,"X"
"T10",2008,261,10,"X"
"T10",2008,269,1,"X"
"T10",2008,269,2,"X"
"T10",2008,269,3,"X"
"T10",2008,269,4,"X"
"T10",2008,269,5,"X"
"T10",2008,269,6,"X"
"T10",2008,269,7,"X"
"T10",2008,269,8,"X"
"T10",2008,269,9,"X"
"T10",2008,269,10,"X"
"T10",2008,277,1,"X"
"T10",2008,277,2,"X"
"T10",2008,277,3,"X"
"T10",2008,277,4,"X"
"T10",2008,277,5,"X"
"T10",2008,277,6,"X"
"T10",2008,277,7,"X"
"T10",2008,277,8,"X"
"T10",2008,277,9,"X"
"T10",2008,277,10,"X"
"T10",2008,287,1,"X"
"T10",2008,287,2,"X"
"T10",2008,287,3,"X"
"T10",2008,287,4,"X"
"T10",2008,287,5,"X"
"T10",2008,287,6,"X"
"T10",2008,287,7,"X"
"T10",2008,287,8,"X"
"T10",2008,287,9,"X"
"T10",2008,287,10,"X"
"T10",2008,288,1,"X"
"T10",2008,288,2,"X"
"T10",2008,288,3,"X"
"T10",2008,288,4,"X"
"T10",2008,288,5,"X"
"T10",2008,288,6,"X"
"T10",2008,288,7,"X"
"T10",2008,288,8,"X"
"T10",2008,288,9,"X"
"T10",2008,288,10,"X"
"T10",2008,444,1,"X"
"T10",2008,444,2,"X"
"T10",2008,444,3,"X"
"T10",2008,444,4,"X"
"T10",2008,444,5,"X"
"T10",2008,444,6,"X"
"T10",2008,444,7,"X"
"T10",2008,444,8,"X"
"T10",2008,444,9,"X"
"T10",2008,444,10,"X"
"T10",2008,555,1,"X"
"T10",2008,555,2,"X"
"T10",2008,555,3,"X"
"T10",2008,555,4,"X"
"T10",2008,555,5,"X"
"T10",2008,555,6,"X"
"T10",2008,555,7,"X"
"T10",2008,555,8,"X"
"T10",2008,555,9,"X"
"T10",2008,555,10,"X"
"T10",2008,666,1,"X"
"T10",2008,666,2,"X"
"T10",2008,666,3,"X"
"T10",2008,208,6,"X"
"T10",2008,208,7,"X"
"T10",2008,208,8,"X"
"T10",2008,208,9,"X"
"T10",2008,208,10,"X"
"T10",2008,219,1,"X"
"T10",2008,219,2,"X"
"T10",2008,219,3,"X"
"T10",2008,219,4,"X"
"T10",2008,219,5,"X"
"T10",2008,219,6,"X"
"T10",2008,219,7,"X"
"T10",2008,219,8,"X"
"T10",2008,219,9,"X"
"T10",2008,219,10,"X"
"T10",2008,237,1,"X"
"T10",2008,237,2,"X"
"T10",2008,237,3,"X"
"T10",2008,237,4,"X"
"T10",2008,237,5,"X"
"T10",2008,237,6,"X"
"T10",2008,237,7,"X"
"T10",2008,237,8,"X"
"T10",2008,237,9,"X"
"T10",2008,237,10,"X"
"T10",2008,247,1,"X"
"T10",2008,247,2,"X"
"T10",2008,247,3,"X"
"T10",2008,247,4,"X"
"T10",2008,247,5,"X"
"T10",2008,247,6,"X"
"T10",2008,247,7,"X"
"T10",2008,247,8,"X"
"T10",2008,247,9,"X"
"T10",2008,247,10,"X"
"T10",2008,249,1,"X"
"T10",2008,249,2,"X"
"T10",2008,249,3,"X"
"T10",2008,249,4,"X"
"T10",2008,249,5,"X"
"T10",2008,249,6,"X"
"T10",2008,249,7,"X"
"T10",2008,249,8,"X"
"T10",2008,249,9,"X"
"T10",2008,249,10,"X"
"T10",2008,256,1,"X"
"T10",2008,256,2,"X"
"T10",2008,256,3,"X"
"T10",2008,256,4,"X"
"T10",2008,256,5,"X"
"T10",2008,256,6,"X"
"T10",2008,256,7,"X"
"T10",2008,256,8,"X"
"T10",2008,256,9,"X"
"T10",2008,256,10,"X"
"T10",2008,261,1,"X"
"T10",2008,261,2,"X"
"T10",2008,261,3,"X"
"T10",2008,261,4,"X"
"T10",2008,261,5,"X"
"T10",2008,261,6,"X"
"T10",2008,261,7,"X"
"T10",2008,261,8,"X"
"T10",2008,261,9,"X"
"T10",2008,47,2,"X"
"T10",2008,47,3,"X"
"T10",2008,47,4,"X"
"T10",2008,47,5,"X"
"T10",2008,47,6,"X"
"T10",2008,47,7,"X"
"T10",2008,47,8,"X"
"T10",2008,47,9,"X"
"T10",2008,47,10,"X"
"T10",2008,50,1,"X"
"T10",2008,50,2,"X"
"T10",2008,50,3,"X"
"T10",2008,50,4,"X"
"T10",2008,50,5,"X"
"T10",2008,50,6,"X"
"T10",2008,50,7,"X"
"T10",2008,50,8,"X"
"T10",2008,50,9,"X"
"T10",2008,50,10,"X"
"T10",2008,56,1,"X"
"T10",2008,56,2,"X"
"T10",2008,56,3,"X"
"T10",2008,56,4,"X"
"T10",2008,56,5,"X"
"T10",2008,56,6,"X"
"T10",2008,56,7,"X"
"T10",2008,56,8,"X"
"T10",2008,56,9,"X"
"T10",2008,56,10,"X"
"T10",2008,99,1,"X"
"T10",2008,99,2,"X"
"T10",2008,99,3,"X"
"T10",2008,99,4,"X"
"T10",2008,99,5,"X"
"T10",2008,99,6,"X"
"T10",2008,99,7,"X"
"T10",2008,99,8,"X"
"T10",2008,99,9,"X"
"T10",2008,99,10,"X"
"T10",2008,148,1,"X"
"T10",2008,148,2,"X"
"T10",2008,148,3,"X"
"T10",2008,148,4,"X"
"T10",2008,148,5,"X"
"T10",2008,148,6,"X"
"T10",2008,148,7,"X"
"T10",2008,148,8,"X"
"T10",2008,148,9,"X"
"T10",2008,148,10,"X"
"T10",2008,162,1,"X"
"T10",2008,162,2,"X"
"T10",2008,162,3,"X"
"T10",2008,162,4,"X"
"T10",2008,162,5,"X"
"T10",2008,162,6,"X"
"T10",2008,162,7,"X"
"T10",2008,162,8,"X"
"T10",2008,162,9,"X"
"T10",2008,162,10,"X"
"T10",2008,208,1,"X"
"T10",2008,208,2,"X"
"T10",2008,208,3,"X"
"T10",2008,208,4,"X"
"T10",2008,208,5,"X"
"T09",2008,506,8,"X"
"T09",2008,506,9,"X"
"T09",2008,506,10,"X"
"T10",2008,3,1,"X"
"T10",2008,3,2,"X"
"T10",2008,3,3,"X"
"T10",2008,3,4,"X"
"T10",2008,3,5,"X"
"T10",2008,3,6,"X"
"T10",2008,3,7,"X"
"T10",2008,3,8,"X"
"T10",2008,3,9,"X"
"T10",2008,3,10,"X"
"T10",2008,11,1,"X"
"T10",2008,11,2,"X"
"T10",2008,11,3,"X"
"T10",2008,11,4,"X"
"T10",2008,11,5,"X"
"T10",2008,11,6,"X"
"T10",2008,11,7,"X"
"T10",2008,11,8,"X"
"T10",2008,11,9,"X"
"T10",2008,11,10,"X"
"T10",2008,14,1,"X"
"T10",2008,14,2,"X"
"T10",2008,14,3,"X"
"T10",2008,14,4,"X"
"T10",2008,14,5,"X"
"T10",2008,14,6,"X"
"T10",2008,14,7,"X"
"T10",2008,14,8,"X"
"T10",2008,14,9,"X"
"T10",2008,14,10,"X"
"T10",2008,28,1,"X"
"T10",2008,28,2,"X"
"T10",2008,28,3,"X"
"T10",2008,28,4,"X"
"T10",2008,28,5,"X"
"T10",2008,28,6,"X"
"T10",2008,28,7,"X"
"T10",2008,28,8,"X"
"T10",2008,28,9,"X"
"T10",2008,28,10,"X"
"T10",2008,32,1,"X"
"T10",2008,32,2,"X"
"T10",2008,32,3,"X"
"T10",2008,32,4,"X"
"T10",2008,32,5,"X"
"T10",2008,32,6,"X"
"T10",2008,32,7,"X"
"T10",2008,32,8,"X"
"T10",2008,32,9,"X"
"T10",2008,32,10,"X"
"T10",2008,34,1,"X"
"T10",2008,34,2,"X"
"T10",2008,34,3,"X"
"T10",2008,34,4,"X"
"T10",2008,34,5,"X"
"T10",2008,34,6,"X"
"T10",2008,34,7,"X"
"T10",2008,34,8,"X"
"T10",2008,34,9,"X"
"T10",2008,34,10,"X"
"T10",2008,47,1,"X"
"T09",2008,500,4,"X"
"T09",2008,500,5,"X"
"T09",2008,500,6,"X"
"T09",2008,500,7,"X"
"T09",2008,500,8,"X"
"T09",2008,500,9,"X"
"T09",2008,500,10,"X"
"T09",2008,501,1,"X"
"T09",2008,501,2,"P"
"T09",2008,501,3,"X"
"T09",2008,501,4,"X"
"T09",2008,501,5,"X"
"T09",2008,501,6,"X"
"T09",2008,501,7,"X"
"T09",2008,501,8,"X"
"T09",2008,501,9,"X"
"T09",2008,501,10,"X"
"T09",2008,502,1,"X"
"T09",2008,502,2,"X"
"T09",2008,502,3,"X"
"T09",2008,502,4,"X"
"T09",2008,502,5,"X"
"T09",2008,502,6,"X"
"T09",2008,502,7,"X"
"T09",2008,502,8,"X"
"T09",2008,502,9,"X"
"T09",2008,502,10,"X"
"T09",2008,503,1,"X"
"T09",2008,503,2,"X"
"T09",2008,503,3,"X"
"T09",2008,503,4,"X"
"T09",2008,503,5,"X"
"T09",2008,503,6,"X"
"T09",2008,503,7,"X"
"T09",2008,503,8,"X"
"T09",2008,503,9,"X"
"T09",2008,503,10,"X"
"T09",2008,504,1,"X"
"T09",2008,504,2,"X"
"T09",2008,504,3,"X"
"T09",2008,504,4,"X"
"T09",2008,504,5,"X"
"T09",2008,504,6,"X"
"T09",2008,504,7,"X"
"T09",2008,504,8,"X"
"T09",2008,504,9,"X"
"T09",2008,504,10,"X"
"T09",2008,505,1,"X"
"T09",2008,505,2,"X"
"T09",2008,505,3,"X"
"T09",2008,505,4,"X"
"T09",2008,505,5,"X"
"T09",2008,505,6,"X"
"T09",2008,505,7,"X"
"T09",2008,505,8,"X"
"T09",2008,505,9,"X"
"T09",2008,505,10,"X"
"T09",2008,506,1,"X"
"T09",2008,506,2,"X"
"T09",2008,506,3,"X"
"T09",2008,506,4,"X"
"T09",2008,506,5,"X"
"T09",2008,506,6,"X"
"T09",2008,506,7,"X"
"T09",2008,442,10,"X"
"T09",2008,445,1,"X"
"T09",2008,445,2,"X"
"T09",2008,445,3,"X"
"T09",2008,445,4,"X"
"T09",2008,445,5,"X"
"T09",2008,445,6,"D"
"T09",2008,445,7,"D"
"T09",2008,445,8,"X"
"T09",2008,445,9,"X"
"T09",2008,445,10,"X"
"T09",2008,446,1,"X"
"T09",2008,446,2,"X"
"T09",2008,446,3,"X"
"T09",2008,446,4,"X"
"T09",2008,446,5,"X"
"T09",2008,446,6,"X"
"T09",2008,446,7,"X"
"T09",2008,446,8,"X"
"T09",2008,446,9,"X"
"T09",2008,446,10,"X"
"T09",2008,447,1,"X"
"T09",2008,447,2,"X"
"T09",2008,447,3,"X"
"T09",2008,447,4,"X"
"T09",2008,447,5,"X"
"T09",2008,447,6,"X"
"T09",2008,447,7,"X"
"T09",2008,447,8,"X"
"T09",2008,447,9,"X"
"T09",2008,447,10,"X"
"T09",2008,448,1,"X"
"T09",2008,448,2,"X"
"T09",2008,448,3,"X"
"T09",2008,448,4,"X"
"T09",2008,448,5,"X"
"T09",2008,448,6,"X"
"T09",2008,448,7,"X"
"T09",2008,448,8,"X"
"T09",2008,448,9,"X"
"T09",2008,448,10,"B"
"T09",2008,449,1,"B"
"T09",2008,449,2,"X"
"T09",2008,449,3,"X"
"T09",2008,449,4,"X"
"T09",2008,449,5,"X"
"T09",2008,449,6,"B"
"T09",2008,449,7,"X"
"T09",2008,449,8,"X"
"T09",2008,449,9,"X"
"T09",2008,449,10,"X"
"T09",2008,450,1,"X"
"T09",2008,450,2,"X"
"T09",2008,450,3,"X"
"T09",2008,450,4,"X"
"T09",2008,450,5,"X"
"T09",2008,450,6,"X"
"T09",2008,450,7,"X"
"T09",2008,450,8,"X"
"T09",2008,450,9,"X"
"T09",2008,450,10,"X"
"T09",2008,500,1,"X"
"T09",2008,500,2,"X"
"T09",2008,500,3,"X"
"T09",2008,434,6,"X"
"T09",2008,434,7,"X"
"T09",2008,434,8,"X"
"T09",2008,434,9,"B"
"T09",2008,434,10,"D"
"T09",2008,435,1,"P"
"T09",2008,435,2,"P"
"T09",2008,435,3,"P"
"T09",2008,435,4,"P"
"T09",2008,435,5,"P"
"T09",2008,435,6,"P"
"T09",2008,435,7,"P"
"T09",2008,435,8,"X"
"T09",2008,435,9,"X"
"T09",2008,435,10,"X"
"T09",2008,436,1,"X"
"T09",2008,436,2,"X"
"T09",2008,436,3,"X"
"T09",2008,436,4,"X"
"T09",2008,436,5,"X"
"T09",2008,436,6,"X"
"T09",2008,436,7,"X"
"T09",2008,436,8,"X"
"T09",2008,436,9,"P"
"T09",2008,436,10,"D"
"T09",2008,437,1,"X"
"T09",2008,437,2,"X"
"T09",2008,437,3,"X"
"T09",2008,437,4,"X"
"T09",2008,437,5,"X"
"T09",2008,437,6,"D"
"T09",2008,437,7,"X"
"T09",2008,437,8,"X"
"T09",2008,437,9,"X"
"T09",2008,437,10,"X"
"T09",2008,438,1,"X"
"T09",2008,438,2,"X"
"T09",2008,438,3,"X"
"T09",2008,438,4,"X"
"T09",2008,438,5,"X"
"T09",2008,438,6,"X"
"T09",2008,438,7,"X"
"T09",2008,438,8,"X"
"T09",2008,438,9,"X"
"T09",2008,438,10,"X"
"T09",2008,439,1,"X"
"T09",2008,439,2,"X"
"T09",2008,439,3,"X"
"T09",2008,439,4,"X"
"T09",2008,439,5,"X"
"T09",2008,439,6,"X"
"T09",2008,439,7,"X"
"T09",2008,439,8,"X"
"T09",2008,439,9,"X"
"T09",2008,439,10,"X"
"T09",2008,442,1,"X"
"T09",2008,442,2,"X"
"T09",2008,442,3,"X"
"T09",2008,442,4,"X"
"T09",2008,442,5,"B"
"T09",2008,442,6,"B"
"T09",2008,442,7,"X"
"T09",2008,442,8,"X"
"T09",2008,442,9,"D"
"T09",2008,426,2,"X"
"T09",2008,426,3,"X"
"T09",2008,426,4,"X"
"T09",2008,426,5,"X"
"T09",2008,426,6,"X"
"T09",2008,426,7,"X"
"T09",2008,426,8,"X"
"T09",2008,426,9,"X"
"T09",2008,426,10,"X"
"T09",2008,427,1,"X"
"T09",2008,427,2,"X"
"T09",2008,427,3,"X"
"T09",2008,427,4,"X"
"T09",2008,427,5,"X"
"T09",2008,427,6,"X"
"T09",2008,427,7,"X"
"T09",2008,427,8,"X"
"T09",2008,427,9,"X"
"T09",2008,427,10,"X"
"T09",2008,428,1,"X"
"T09",2008,428,2,"P"
"T09",2008,428,3,"X"
"T09",2008,428,4,"D"
"T09",2008,428,5,"D"
"T09",2008,428,6,"X"
"T09",2008,428,7,"X"
"T09",2008,428,8,"X"
"T09",2008,428,9,"X"
"T09",2008,428,10,"D"
"T09",2008,429,1,"X"
"T09",2008,429,2,"X"
"T09",2008,429,3,"X"
"T09",2008,429,4,"X"
"T09",2008,429,5,"X"
"T09",2008,429,6,"X"
"T09",2008,429,7,"X"
"T09",2008,429,8,"X"
"T09",2008,429,9,"X"
"T09",2008,429,10,"X"
"T09",2008,431,1,"X"
"T09",2008,431,2,"X"
"T09",2008,431,3,"X"
"T09",2008,431,4,"X"
"T09",2008,431,5,"X"
"T09",2008,431,6,"X"
"T09",2008,431,7,"X"
"T09",2008,431,8,"X"
"T09",2008,431,9,"X"
"T09",2008,431,10,"X"
"T09",2008,433,1,"X"
"T09",2008,433,2,"X"
"T09",2008,433,3,"X"
"T09",2008,433,4,"X"
"T09",2008,433,5,"X"
"T09",2008,433,6,"X"
"T09",2008,433,7,"X"
"T09",2008,433,8,"X"
"T09",2008,433,9,"X"
"T09",2008,433,10,"X"
"T09",2008,434,1,"X"
"T09",2008,434,2,"X"
"T09",2008,434,3,"X"
"T09",2008,434,4,"X"
"T09",2008,434,5,"X"
"T09",2008,419,8,"X"
"T09",2008,419,9,"X"
"T09",2008,419,10,"X"
"T09",2008,420,1,"X"
"T09",2008,420,2,"X"
"T09",2008,420,3,"X"
"T09",2008,420,4,"X"
"T09",2008,420,5,"X"
"T09",2008,420,6,"X"
"T09",2008,420,7,"X"
"T09",2008,420,8,"X"
"T09",2008,420,9,"X"
"T09",2008,420,10,"X"
"T09",2008,421,1,"D"
"T09",2008,421,2,"X"
"T09",2008,421,3,"X"
"T09",2008,421,4,"X"
"T09",2008,421,5,"X"
"T09",2008,421,6,"X"
"T09",2008,421,7,"X"
"T09",2008,421,8,"X"
"T09",2008,421,9,"D"
"T09",2008,421,10,"X"
"T09",2008,422,1,"X"
"T09",2008,422,2,"X"
"T09",2008,422,3,"X"
"T09",2008,422,4,"X"
"T09",2008,422,5,"X"
"T09",2008,422,6,"X"
"T09",2008,422,7,"X"
"T09",2008,422,8,"X"
"T09",2008,422,9,"X"
"T09",2008,422,10,"B"
"T09",2008,423,1,"X"
"T09",2008,423,2,"P"
"T09",2008,423,3,"X"
"T09",2008,423,4,"X"
"T09",2008,423,5,"P"
"T09",2008,423,6,"X"
"T09",2008,423,7,"X"
"T09",2008,423,8,"X"
"T09",2008,423,9,"X"
"T09",2008,423,10,"X"
"T09",2008,424,1,"X"
"T09",2008,424,2,"X"
"T09",2008,424,3,"X"
"T09",2008,424,4,"X"
"T09",2008,424,5,"X"
"T09",2008,424,6,"X"
"T09",2008,424,7,"X"
"T09",2008,424,8,"X"
"T09",2008,424,9,"X"
"T09",2008,424,10,"X"
"T09",2008,425,1,"X"
"T09",2008,425,2,"X"
"T09",2008,425,3,"X"
"T09",2008,425,4,"X"
"T09",2008,425,5,"X"
"T09",2008,425,6,"X"
"T09",2008,425,7,"X"
"T09",2008,425,8,"X"
"T09",2008,425,9,"X"
"T09",2008,425,10,"X"
"T09",2008,426,1,"X"
"T09",2008,413,7,"X"
"T09",2008,413,8,"X"
"T09",2008,413,9,"X"
"T09",2008,413,10,"X"
"T09",2008,414,1,"X"
"T09",2008,414,2,"X"
"T09",2008,414,3,"X"
"T09",2008,414,4,"X"
"T09",2008,414,5,"X"
"T09",2008,414,6,"X"
"T09",2008,414,7,"X"
"T09",2008,414,8,"X"
"T09",2008,414,9,"X"
"T09",2008,414,10,"X"
"T09",2008,415,1,"X"
"T09",2008,415,2,"X"
"T09",2008,415,3,"X"
"T09",2008,415,4,"X"
"T09",2008,415,5,"X"
"T09",2008,415,6,"X"
"T09",2008,415,7,"X"
"T09",2008,415,8,"B"
"T09",2008,415,8,"D"
"T09",2008,415,9,"X"
"T09",2008,415,10,"X"
"T09",2008,416,1,"X"
"T09",2008,416,2,"B"
"T09",2008,416,2,"D"
"T09",2008,416,3,"X"
"T09",2008,416,4,"X"
"T09",2008,416,5,"B"
"T09",2008,416,5,"D"
"T09",2008,416,6,"D"
"T09",2008,416,7,"X"
"T09",2008,416,8,"B"
"T09",2008,416,9,"X"
"T09",2008,416,10,"X"
"T09",2008,417,1,"X"
"T09",2008,417,2,"X"
"T09",2008,417,3,"X"
"T09",2008,417,4,"X"
"T09",2008,417,5,"X"
"T09",2008,417,6,"X"
"T09",2008,417,7,"X"
"T09",2008,417,8,"X"
"T09",2008,417,9,"X"
"T09",2008,417,10,"X"
"T09",2008,418,1,"X"
"T09",2008,418,2,"X"
"T09",2008,418,3,"X"
"T09",2008,418,4,"X"
"T09",2008,418,5,"X"
"T09",2008,418,6,"X"
"T09",2008,418,7,"X"
"T09",2008,418,8,"X"
"T09",2008,418,9,"X"
"T09",2008,418,10,"X"
"T09",2008,419,1,"X"
"T09",2008,419,2,"X"
"T09",2008,419,3,"X"
"T09",2008,419,4,"P"
"T09",2008,419,5,"P"
"T09",2008,419,6,"X"
"T09",2008,419,7,"X"
"T09",2008,407,3,"B"
"T09",2008,407,4,"D"
"T09",2008,407,5,"X"
"T09",2008,407,6,"X"
"T09",2008,407,7,"X"
"T09",2008,407,8,"X"
"T09",2008,407,9,"X"
"T09",2008,407,10,"X"
"T09",2008,408,1,"X"
"T09",2008,408,2,"X"
"T09",2008,408,3,"X"
"T09",2008,408,4,"X"
"T09",2008,408,5,"X"
"T09",2008,408,6,"X"
"T09",2008,408,7,"X"
"T09",2008,408,8,"X"
"T09",2008,408,9,"X"
"T09",2008,408,10,"X"
"T09",2008,409,1,"X"
"T09",2008,409,2,"X"
"T09",2008,409,3,"X"
"T09",2008,409,4,"X"
"T09",2008,409,5,"X"
"T09",2008,409,6,"X"
"T09",2008,409,7,"X"
"T09",2008,409,8,"X"
"T09",2008,409,9,"X"
"T09",2008,409,10,"X"
"T09",2008,410,1,"X"
"T09",2008,410,2,"X"
"T09",2008,410,3,"X"
"T09",2008,410,4,"X"
"T09",2008,410,5,"X"
"T09",2008,410,6,"X"
"T09",2008,410,7,"X"
"T09",2008,410,8,"X"
"T09",2008,410,9,"X"
"T09",2008,410,10,"X"
"T09",2008,411,1,"X"
"T09",2008,411,2,"X"
"T09",2008,411,3,"X"
"T09",2008,411,4,"X"
"T09",2008,411,5,"X"
"T09",2008,411,6,"X"
"T09",2008,411,7,"X"
"T09",2008,411,8,"X"
"T09",2008,411,9,"X"
"T09",2008,411,10,"X"
"T09",2008,412,1,"X"
"T09",2008,412,2,"X"
"T09",2008,412,3,"X"
"T09",2008,412,4,"X"
"T09",2008,412,5,"X"
"T09",2008,412,6,"X"
"T09",2008,412,7,"X"
"T09",2008,412,8,"D"
"T09",2008,412,9,"X"
"T09",2008,412,10,"X"
"T09",2008,413,1,"X"
"T09",2008,413,2,"X"
"T09",2008,413,3,"X"
"T09",2008,413,4,"X"
"T09",2008,413,5,"X"
"T09",2008,413,6,"X"
"T08",2008,422,9,"X"
"T08",2008,422,10,"X"
"T08",2008,423,1,"X"
"T08",2008,423,2,"X"
"T08",2008,423,3,"X"
"T08",2008,423,4,"X"
"T08",2008,423,5,"X"
"T08",2008,423,6,"X"
"T08",2008,423,7,"X"
"T08",2008,423,8,"X"
"T08",2008,423,9,"X"
"T08",2008,423,10,"X"
"T09",2008,401,1,"X"
"T09",2008,401,2,"X"
"T09",2008,401,3,"X"
"T09",2008,401,4,"X"
"T09",2008,401,5,"X"
"T09",2008,401,6,"X"
"T09",2008,401,7,"X"
"T09",2008,401,8,"X"
"T09",2008,401,9,"X"
"T09",2008,401,10,"X"
"T09",2008,402,1,"X"
"T09",2008,402,2,"X"
"T09",2008,402,3,"X"
"T09",2008,402,4,"X"
"T09",2008,402,5,"X"
"T09",2008,402,6,"X"
"T09",2008,402,7,"X"
"T09",2008,402,8,"X"
"T09",2008,402,9,"X"
"T09",2008,402,10,"X"
"T09",2008,403,1,"X"
"T09",2008,403,2,"X"
"T09",2008,403,3,"X"
"T09",2008,403,4,"X"
"T09",2008,403,5,"X"
"T09",2008,403,6,"X"
"T09",2008,403,7,"X"
"T09",2008,403,8,"X"
"T09",2008,403,9,"X"
"T09",2008,403,10,"X"
"T09",2008,405,1,"X"
"T09",2008,405,2,"X"
"T09",2008,405,3,"X"
"T09",2008,405,4,"X"
"T09",2008,405,5,"X"
"T09",2008,405,6,"X"
"T09",2008,405,7,"X"
"T09",2008,405,8,"X"
"T09",2008,405,9,"X"
"T09",2008,405,10,"X"
"T09",2008,406,1,"X"
"T09",2008,406,2,"X"
"T09",2008,406,3,"X"
"T09",2008,406,4,"X"
"T09",2008,406,5,"X"
"T09",2008,406,6,"X"
"T09",2008,406,7,"X"
"T09",2008,406,8,"X"
"T09",2008,406,9,"X"
"T09",2008,406,10,"X"
"T09",2008,407,1,"X"
"T09",2008,407,2,"X"
"T08",2008,327,5,"X"
"T08",2008,327,6,"X"
"T08",2008,327,7,"X"
"T08",2008,327,8,"X"
"T08",2008,327,9,"X"
"T08",2008,327,10,"X"
"T08",2008,370,1,"X"
"T08",2008,370,2,"X"
"T08",2008,370,3,"X"
"T08",2008,370,4,"X"
"T08",2008,370,5,"X"
"T08",2008,370,6,"X"
"T08",2008,370,7,"X"
"T08",2008,370,8,"X"
"T08",2008,370,9,"X"
"T08",2008,370,10,"X"
"T08",2008,401,1,"X"
"T08",2008,401,2,"X"
"T08",2008,401,3,"X"
"T08",2008,401,4,"X"
"T08",2008,401,5,"X"
"T08",2008,401,6,"X"
"T08",2008,401,7,"X"
"T08",2008,401,8,"X"
"T08",2008,401,9,"X"
"T08",2008,401,10,"X"
"T08",2008,416,1,"X"
"T08",2008,416,2,"X"
"T08",2008,416,3,"X"
"T08",2008,416,4,"X"
"T08",2008,416,5,"X"
"T08",2008,416,6,"X"
"T08",2008,416,7,"X"
"T08",2008,416,8,"X"
"T08",2008,416,9,"X"
"T08",2008,416,10,"X"
"T08",2008,420,1,"X"
"T08",2008,420,2,"X"
"T08",2008,420,3,"X"
"T08",2008,420,4,"X"
"T08",2008,420,5,"X"
"T08",2008,420,6,"X"
"T08",2008,420,7,"X"
"T08",2008,420,8,"X"
"T08",2008,420,9,"X"
"T08",2008,420,10,"X"
"T08",2008,421,1,"X"
"T08",2008,421,2,"X"
"T08",2008,421,3,"X"
"T08",2008,421,4,"X"
"T08",2008,421,5,"X"
"T08",2008,421,6,"X"
"T08",2008,421,7,"X"
"T08",2008,421,8,"X"
"T08",2008,421,9,"X"
"T08",2008,421,10,"X"
"T08",2008,422,1,"X"
"T08",2008,422,2,"X"
"T08",2008,422,3,"X"
"T08",2008,422,4,"X"
"T08",2008,422,5,"X"
"T08",2008,422,6,"X"
"T08",2008,422,7,"X"
"T08",2008,422,8,"X"
"T08",2008,104,1,"X"
"T08",2008,104,2,"X"
"T08",2008,104,3,"X"
"T08",2008,104,4,"X"
"T08",2008,104,5,"X"
"T08",2008,104,6,"X"
"T08",2008,104,7,"X"
"T08",2008,104,8,"X"
"T08",2008,104,9,"X"
"T08",2008,104,10,"X"
"T08",2008,168,1,"X"
"T08",2008,168,2,"X"
"T08",2008,168,3,"X"
"T08",2008,168,4,"X"
"T08",2008,168,5,"X"
"T08",2008,168,6,"X"
"T08",2008,168,7,"X"
"T08",2008,168,8,"X"
"T08",2008,168,9,"X"
"T08",2008,168,10,"X"
"T08",2008,173,1,"X"
"T08",2008,173,2,"X"
"T08",2008,173,3,"X"
"T08",2008,173,4,"X"
"T08",2008,173,5,"X"
"T08",2008,173,6,"X"
"T08",2008,173,7,"X"
"T08",2008,173,8,"X"
"T08",2008,173,9,"X"
"T08",2008,173,10,"X"
"T08",2008,194,1,"X"
"T08",2008,194,2,"X"
"T08",2008,194,3,"X"
"T08",2008,194,4,"X"
"T08",2008,194,5,"X"
"T08",2008,194,6,"X"
"T08",2008,194,7,"X"
"T08",2008,194,8,"X"
"T08",2008,194,9,"X"
"T08",2008,194,10,"X"
"T08",2008,218,1,"X"
"T08",2008,218,2,"X"
"T08",2008,218,3,"X"
"T08",2008,218,4,"X"
"T08",2008,218,5,"X"
"T08",2008,218,6,"X"
"T08",2008,218,7,"X"
"T08",2008,218,8,"X"
"T08",2008,218,9,"X"
"T08",2008,218,10,"X"
"T08",2008,239,1,"X"
"T08",2008,239,2,"X"
"T08",2008,239,3,"X"
"T08",2008,239,4,"X"
"T08",2008,239,5,"X"
"T08",2008,239,6,"X"
"T08",2008,239,7,"X"
"T08",2008,239,8,"X"
"T08",2008,239,9,"X"
"T08",2008,239,10,"X"
"T08",2008,327,1,"X"
"T08",2008,327,2,"X"
"T08",2008,327,3,"X"
"T08",2008,327,4,"X"
"T07",2008,308,7,"X"
"T07",2008,308,8,"X"
"T07",2008,308,9,"X"
"T07",2008,308,10,"X"
"T07",2008,320,1,"X"
"T07",2008,320,2,"X"
"T07",2008,320,3,"X"
"T07",2008,320,4,"X"
"T07",2008,320,5,"X"
"T07",2008,320,6,"P"
"T07",2008,320,7,"X"
"T07",2008,320,8,"X"
"T07",2008,320,9,"X"
"T07",2008,320,10,"X"
"T07",2008,436,1,"X"
"T07",2008,436,2,"X"
"T07",2008,436,3,"X"
"T07",2008,436,4,"X"
"T07",2008,436,5,"X"
"T07",2008,436,6,"X"
"T07",2008,436,7,"X"
"T07",2008,436,8,"X"
"T07",2008,436,9,"X"
"T07",2008,436,10,"X"
"T07",2008,451,1,"X"
"T07",2008,451,2,"X"
"T07",2008,451,3,"X"
"T07",2008,451,4,"X"
"T07",2008,451,5,"X"
"T07",2008,451,6,"X"
"T07",2008,451,7,"X"
"T07",2008,451,8,"X"
"T07",2008,451,9,"X"
"T07",2008,451,10,"X"
"T08",2008,32,1,"X"
"T08",2008,32,2,"X"
"T08",2008,32,3,"X"
"T08",2008,32,4,"X"
"T08",2008,32,5,"X"
"T08",2008,32,6,"X"
"T08",2008,32,7,"X"
"T08",2008,32,8,"X"
"T08",2008,32,9,"X"
"T08",2008,32,10,"X"
"T08",2008,61,1,"X"
"T08",2008,61,2,"X"
"T08",2008,61,3,"X"
"T08",2008,61,4,"X"
"T08",2008,61,5,"X"
"T08",2008,61,6,"X"
"T08",2008,61,7,"X"
"T08",2008,61,8,"X"
"T08",2008,61,9,"X"
"T08",2008,61,10,"X"
"T08",2008,72,1,"X"
"T08",2008,72,2,"X"
"T08",2008,72,3,"X"
"T08",2008,72,4,"X"
"T08",2008,72,5,"X"
"T08",2008,72,6,"X"
"T08",2008,72,7,"X"
"T08",2008,72,8,"X"
"T08",2008,72,9,"X"
"T08",2008,72,10,"X"
"T07",2008,152,3,"X"
"T07",2008,152,4,"X"
"T07",2008,152,5,"X"
"T07",2008,152,6,"X"
"T07",2008,152,7,"X"
"T07",2008,152,8,"X"
"T07",2008,152,9,"X"
"T07",2008,152,10,"X"
"T07",2008,156,1,"X"
"T07",2008,156,2,"X"
"T07",2008,156,3,"X"
"T07",2008,156,4,"X"
"T07",2008,156,5,"X"
"T07",2008,156,6,"X"
"T07",2008,156,7,"X"
"T07",2008,156,8,"X"
"T07",2008,156,9,"X"
"T07",2008,156,10,"X"
"T07",2008,272,1,"X"
"T07",2008,272,2,"X"
"T07",2008,272,3,"X"
"T07",2008,272,4,"X"
"T07",2008,272,5,"X"
"T07",2008,272,6,"X"
"T07",2008,272,7,"X"
"T07",2008,272,8,"X"
"T07",2008,272,9,"X"
"T07",2008,272,10,"X"
"T07",2008,277,1,"X"
"T07",2008,277,2,"X"
"T07",2008,277,3,"X"
"T07",2008,277,4,"X"
"T07",2008,277,5,"X"
"T07",2008,277,6,"X"
"T07",2008,277,7,"X"
"T07",2008,277,8,"X"
"T07",2008,277,9,"X"
"T07",2008,277,10,"X"
"T07",2008,278,1,"X"
"T07",2008,278,2,"X"
"T07",2008,278,3,"X"
"T07",2008,278,4,"X"
"T07",2008,278,5,"X"
"T07",2008,278,6,"X"
"T07",2008,278,7,"X"
"T07",2008,278,8,"X"
"T07",2008,278,9,"X"
"T07",2008,278,10,"X"
"T07",2008,305,1,"X"
"T07",2008,305,2,"X"
"T07",2008,305,3,"X"
"T07",2008,305,4,"X"
"T07",2008,305,5,"X"
"T07",2008,305,6,"X"
"T07",2008,305,7,"X"
"T07",2008,305,8,"X"
"T07",2008,305,9,"X"
"T07",2008,305,10,"X"
"T07",2008,308,1,"X"
"T07",2008,308,2,"X"
"T07",2008,308,3,"X"
"T07",2008,308,4,"X"
"T07",2008,308,5,"X"
"T07",2008,308,6,"X"
"T07",2008,2,9,"X"
"T07",2008,2,10,"X"
"T07",2008,6,1,"P"
"T07",2008,6,2,"P"
"T07",2008,6,3,"P"
"T07",2008,6,4,"P"
"T07",2008,6,5,"X"
"T07",2008,6,6,"X"
"T07",2008,6,7,"X"
"T07",2008,6,8,"X"
"T07",2008,6,9,"X"
"T07",2008,6,10,"X"
"T07",2008,30,1,"X"
"T07",2008,30,2,"X"
"T07",2008,30,3,"X"
"T07",2008,30,4,"X"
"T07",2008,30,5,"X"
"T07",2008,30,6,"X"
"T07",2008,30,7,"X"
"T07",2008,30,8,"X"
"T07",2008,30,9,"X"
"T07",2008,30,10,"X"
"T07",2008,47,1,"X"
"T07",2008,47,2,"X"
"T07",2008,47,3,"X"
"T07",2008,47,4,"X"
"T07",2008,47,5,"X"
"T07",2008,47,6,"X"
"T07",2008,47,7,"X"
"T07",2008,47,8,"X"
"T07",2008,47,9,"X"
"T07",2008,47,10,"X"
"T07",2008,59,1,"X"
"T07",2008,59,2,"X"
"T07",2008,59,3,"X"
"T07",2008,59,4,"X"
"T07",2008,59,5,"X"
"T07",2008,59,6,"X"
"T07",2008,59,7,"X"
"T07",2008,59,8,"X"
"T07",2008,59,9,"X"
"T07",2008,59,10,"X"
"T07",2008,102,1,"X"
"T07",2008,102,2,"X"
"T07",2008,102,3,"X"
"T07",2008,102,4,"X"
"T07",2008,102,5,"X"
"T07",2008,102,6,"X"
"T07",2008,102,7,"X"
"T07",2008,102,8,"X"
"T07",2008,102,9,"X"
"T07",2008,102,10,"X"
"T07",2008,151,1,"X"
"T07",2008,151,2,"X"
"T07",2008,151,3,"X"
"T07",2008,151,4,"X"
"T07",2008,151,5,"X"
"T07",2008,151,6,"X"
"T07",2008,151,7,"X"
"T07",2008,151,8,"X"
"T07",2008,151,9,"X"
"T07",2008,151,10,"X"
"T07",2008,152,1,"X"
"T07",2008,152,2,"X"
"T05",2008,332,5,"X"
"T05",2008,332,6,"X"
"T05",2008,332,7,"X"
"T05",2008,332,8,"X"
"T05",2008,332,9,"X"
"T05",2008,332,10,"X"
"T05",2008,334,1,"X"
"T05",2008,334,2,"X"
"T05",2008,334,3,"X"
"T05",2008,334,4,"X"
"T05",2008,334,5,"X"
"T05",2008,334,6,"X"
"T05",2008,334,7,"X"
"T05",2008,334,8,"X"
"T05",2008,334,9,"X"
"T05",2008,334,10,"X"
"T05",2008,336,1,"X"
"T05",2008,336,2,"X"
"T05",2008,336,3,"X"
"T05",2008,336,4,"X"
"T05",2008,336,5,"X"
"T05",2008,336,6,"X"
"T05",2008,336,7,"X"
"T05",2008,336,8,"X"
"T05",2008,336,9,"X"
"T05",2008,336,10,"X"
"T05",2008,343,1,"X"
"T05",2008,343,2,"X"
"T05",2008,343,3,"X"
"T05",2008,343,4,"X"
"T05",2008,343,5,"X"
"T05",2008,343,6,"X"
"T05",2008,343,7,"X"
"T05",2008,343,8,"X"
"T05",2008,343,9,"X"
"T05",2008,343,10,"X"
"T05",2008,344,1,"X"
"T05",2008,344,2,"X"
"T05",2008,344,3,"X"
"T05",2008,344,4,"X"
"T05",2008,344,5,"X"
"T05",2008,344,6,"X"
"T05",2008,344,7,"X"
"T05",2008,344,8,"X"
"T05",2008,344,9,"X"
"T05",2008,344,10,"X"
"T07",2008,1,1,"X"
"T07",2008,1,2,"X"
"T07",2008,1,3,"X"
"T07",2008,1,4,"X"
"T07",2008,1,5,"X"
"T07",2008,1,6,"X"
"T07",2008,1,7,"X"
"T07",2008,1,8,"X"
"T07",2008,1,9,"X"
"T07",2008,1,10,"X"
"T07",2008,2,1,"X"
"T07",2008,2,2,"X"
"T07",2008,2,3,"X"
"T07",2008,2,4,"X"
"T07",2008,2,5,"X"
"T07",2008,2,6,"X"
"T07",2008,2,7,"X"
"T07",2008,2,8,"X"
"T05",2008,210,1,"X"
"T05",2008,210,2,"X"
"T05",2008,210,3,"X"
"T05",2008,210,4,"X"
"T05",2008,210,5,"X"
"T05",2008,210,6,"X"
"T05",2008,210,7,"X"
"T05",2008,210,8,"X"
"T05",2008,210,9,"X"
"T05",2008,210,10,"X"
"T05",2008,256,1,"X"
"T05",2008,256,2,"X"
"T05",2008,256,3,"X"
"T05",2008,256,4,"X"
"T05",2008,256,5,"X"
"T05",2008,256,6,"X"
"T05",2008,256,7,"X"
"T05",2008,256,8,"X"
"T05",2008,256,9,"X"
"T05",2008,256,10,"X"
"T05",2008,289,1,"X"
"T05",2008,289,2,"X"
"T05",2008,289,3,"X"
"T05",2008,289,4,"X"
"T05",2008,289,5,"X"
"T05",2008,289,6,"X"
"T05",2008,289,7,"X"
"T05",2008,289,8,"X"
"T05",2008,289,9,"X"
"T05",2008,289,10,"X"
"T05",2008,318,1,"X"
"T05",2008,318,2,"X"
"T05",2008,318,3,"X"
"T05",2008,318,4,"X"
"T05",2008,318,5,"X"
"T05",2008,318,6,"X"
"T05",2008,318,7,"X"
"T05",2008,318,8,"X"
"T05",2008,318,9,"X"
"T05",2008,318,10,"X"
"T05",2008,323,1,"X"
"T05",2008,323,2,"X"
"T05",2008,323,3,"X"
"T05",2008,323,4,"X"
"T05",2008,323,5,"X"
"T05",2008,323,6,"X"
"T05",2008,323,7,"X"
"T05",2008,323,8,"X"
"T05",2008,323,9,"X"
"T05",2008,323,10,"X"
"T05",2008,329,1,"X"
"T05",2008,329,2,"X"
"T05",2008,329,3,"X"
"T05",2008,329,4,"X"
"T05",2008,329,5,"X"
"T05",2008,329,6,"X"
"T05",2008,329,7,"X"
"T05",2008,329,8,"X"
"T05",2008,329,9,"X"
"T05",2008,329,10,"X"
"T05",2008,332,1,"X"
"T05",2008,332,2,"X"
"T05",2008,332,3,"X"
"T05",2008,332,4,"X"
"T04",2008,800,7,"X"
"T04",2008,800,8,"X"
"T04",2008,800,9,"X"
"T04",2008,800,10,"X"
"T04",2008,801,1,"X"
"T04",2008,801,2,"X"
"T04",2008,801,3,"X"
"T04",2008,801,4,"X"
"T04",2008,801,5,"X"
"T04",2008,801,6,"X"
"T04",2008,801,7,"X"
"T04",2008,801,8,"X"
"T04",2008,801,9,"X"
"T04",2008,801,10,"X"
"T05",2008,9,1,"X"
"T05",2008,9,2,"X"
"T05",2008,9,3,"X"
"T05",2008,9,4,"X"
"T05",2008,9,5,"X"
"T05",2008,9,6,"X"
"T05",2008,9,7,"X"
"T05",2008,9,8,"X"
"T05",2008,9,9,"X"
"T05",2008,9,10,"X"
"T05",2008,26,1,"X"
"T05",2008,26,2,"X"
"T05",2008,26,3,"X"
"T05",2008,26,4,"X"
"T05",2008,26,5,"X"
"T05",2008,26,6,"X"
"T05",2008,26,7,"X"
"T05",2008,26,8,"X"
"T05",2008,26,9,"X"
"T05",2008,26,10,"X"
"T05",2008,51,1,"X"
"T05",2008,51,2,"X"
"T05",2008,51,3,"X"
"T05",2008,51,4,"X"
"T05",2008,51,5,"X"
"T05",2008,51,6,"X"
"T05",2008,51,7,"X"
"T05",2008,51,8,"X"
"T05",2008,51,9,"X"
"T05",2008,51,10,"X"
"T05",2008,91,1,"X"
"T05",2008,91,2,"X"
"T05",2008,91,3,"X"
"T05",2008,91,4,"X"
"T05",2008,91,5,"X"
"T05",2008,91,6,"X"
"T05",2008,91,7,"X"
"T05",2008,91,8,"X"
"T05",2008,91,9,"X"
"T05",2008,91,10,"X"
"T05",2008,118,1,"X"
"T05",2008,118,2,"X"
"T05",2008,118,3,"X"
"T05",2008,118,4,"X"
"T05",2008,118,5,"X"
"T05",2008,118,6,"X"
"T05",2008,118,7,"X"
"T05",2008,118,8,"X"
"T05",2008,118,9,"X"
"T05",2008,118,10,"X"
"T04",2008,501,3,"X"
"T04",2008,501,4,"X"
"T04",2008,501,5,"X"
"T04",2008,501,6,"X"
"T04",2008,501,7,"X"
"T04",2008,501,8,"X"
"T04",2008,501,9,"X"
"T04",2008,501,10,"X"
"T04",2008,502,1,"X"
"T04",2008,502,2,"X"
"T04",2008,502,3,"X"
"T04",2008,502,4,"X"
"T04",2008,502,5,"X"
"T04",2008,502,6,"X"
"T04",2008,502,7,"X"
"T04",2008,502,8,"X"
"T04",2008,502,9,"X"
"T04",2008,502,10,"X"
"T04",2008,505,1,"X"
"T04",2008,505,2,"X"
"T04",2008,505,3,"X"
"T04",2008,505,4,"X"
"T04",2008,505,5,"X"
"T04",2008,505,6,"X"
"T04",2008,505,7,"X"
"T04",2008,505,8,"X"
"T04",2008,505,9,"X"
"T04",2008,505,10,"X"
"T04",2008,507,1,"X"
"T04",2008,507,2,"X"
"T04",2008,507,3,"X"
"T04",2008,507,4,"X"
"T04",2008,507,5,"X"
"T04",2008,507,6,"X"
"T04",2008,507,7,"X"
"T04",2008,507,8,"X"
"T04",2008,507,9,"X"
"T04",2008,507,10,"X"
"T04",2008,509,1,"X"
"T04",2008,509,2,"X"
"T04",2008,509,3,"X"
"T04",2008,509,4,"X"
"T04",2008,509,5,"X"
"T04",2008,509,6,"X"
"T04",2008,509,7,"X"
"T04",2008,509,8,"X"
"T04",2008,509,9,"X"
"T04",2008,509,10,"X"
"T04",2008,611,1,"X"
"T04",2008,611,2,"X"
"T04",2008,611,3,"X"
"T04",2008,611,4,"X"
"T04",2008,611,5,"X"
"T04",2008,611,6,"X"
"T04",2008,611,7,"X"
"T04",2008,611,8,"X"
"T04",2008,611,9,"X"
"T04",2008,611,10,"X"
"T04",2008,800,1,"X"
"T04",2008,800,2,"X"
"T04",2008,800,3,"X"
"T04",2008,800,4,"X"
"T04",2008,800,5,"X"
"T04",2008,800,6,"X"
"T04",2008,428,9,"X"
"T04",2008,428,10,"X"
"T04",2008,429,1,"X"
"T04",2008,429,2,"X"
"T04",2008,429,3,"X"
"T04",2008,429,4,"X"
"T04",2008,429,5,"X"
"T04",2008,429,6,"X"
"T04",2008,429,7,"X"
"T04",2008,429,8,"X"
"T04",2008,429,9,"X"
"T04",2008,429,10,"X"
"T04",2008,444,1,"X"
"T04",2008,444,2,"X"
"T04",2008,444,3,"X"
"T04",2008,444,4,"X"
"T04",2008,444,5,"X"
"T04",2008,444,6,"X"
"T04",2008,444,7,"X"
"T04",2008,444,8,"X"
"T04",2008,444,9,"X"
"T04",2008,444,10,"X"
"T04",2008,449,1,"X"
"T04",2008,449,2,"X"
"T04",2008,449,3,"X"
"T04",2008,449,4,"X"
"T04",2008,449,5,"X"
"T04",2008,449,6,"X"
"T04",2008,449,7,"X"
"T04",2008,449,8,"X"
"T04",2008,449,9,"X"
"T04",2008,449,10,"X"
"T04",2008,450,1,"X"
"T04",2008,450,2,"X"
"T04",2008,450,3,"X"
"T04",2008,450,4,"X"
"T04",2008,450,5,"X"
"T04",2008,450,6,"X"
"T04",2008,450,7,"X"
"T04",2008,450,8,"X"
"T04",2008,450,9,"X"
"T04",2008,450,10,"X"
"T04",2008,454,1,"X"
"T04",2008,454,2,"X"
"T04",2008,454,3,"X"
"T04",2008,454,4,"X"
"T04",2008,454,5,"X"
"T04",2008,454,6,"X"
"T04",2008,454,7,"X"
"T04",2008,454,8,"X"
"T04",2008,454,9,"X"
"T04",2008,454,10,"X"
"T04",2008,500,1,"X"
"T04",2008,500,2,"X"
"T04",2008,500,3,"X"
"T04",2008,500,4,"X"
"T04",2008,500,5,"X"
"T04",2008,500,6,"X"
"T04",2008,500,7,"X"
"T04",2008,500,8,"X"
"T04",2008,500,9,"X"
"T04",2008,500,10,"X"
"T04",2008,501,1,"X"
"T04",2008,501,2,"X"
"T04",2008,396,5,"X"
"T04",2008,396,6,"X"
"T04",2008,396,7,"X"
"T04",2008,396,8,"X"
"T04",2008,396,9,"X"
"T04",2008,396,10,"X"
"T04",2008,399,1,"X"
"T04",2008,399,2,"X"
"T04",2008,399,3,"X"
"T04",2008,399,4,"X"
"T04",2008,399,5,"X"
"T04",2008,399,6,"X"
"T04",2008,399,7,"X"
"T04",2008,399,8,"X"
"T04",2008,399,9,"X"
"T04",2008,399,10,"X"
"T04",2008,402,1,"X"
"T04",2008,402,2,"X"
"T04",2008,402,3,"X"
"T04",2008,402,4,"X"
"T04",2008,402,5,"X"
"T04",2008,402,6,"X"
"T04",2008,402,7,"X"
"T04",2008,402,8,"X"
"T04",2008,402,9,"X"
"T04",2008,402,10,"X"
"T04",2008,404,1,"X"
"T04",2008,404,2,"X"
"T04",2008,404,3,"X"
"T04",2008,404,4,"X"
"T04",2008,404,5,"X"
"T04",2008,404,6,"X"
"T04",2008,404,7,"X"
"T04",2008,404,8,"X"
"T04",2008,404,9,"X"
"T04",2008,404,10,"X"
"T04",2008,411,1,"X"
"T04",2008,411,2,"X"
"T04",2008,411,3,"X"
"T04",2008,411,4,"X"
"T04",2008,411,5,"X"
"T04",2008,411,6,"X"
"T04",2008,411,7,"X"
"T04",2008,411,8,"X"
"T04",2008,411,9,"X"
"T04",2008,411,10,"X"
"T04",2008,419,1,"X"
"T04",2008,419,2,"X"
"T04",2008,419,3,"X"
"T04",2008,419,4,"X"
"T04",2008,419,5,"X"
"T04",2008,419,6,"X"
"T04",2008,419,7,"X"
"T04",2008,419,8,"X"
"T04",2008,419,9,"X"
"T04",2008,419,10,"X"
"T04",2008,428,1,"X"
"T04",2008,428,2,"X"
"T04",2008,428,3,"X"
"T04",2008,428,4,"X"
"T04",2008,428,5,"X"
"T04",2008,428,6,"X"
"T04",2008,428,7,"X"
"T04",2008,428,8,"X"
"T04",2008,310,1,"X"
"T04",2008,310,2,"X"
"T04",2008,310,3,"X"
"T04",2008,310,4,"X"
"T04",2008,310,5,"X"
"T04",2008,310,6,"X"
"T04",2008,310,7,"X"
"T04",2008,310,8,"X"
"T04",2008,310,9,"X"
"T04",2008,310,10,"X"
"T04",2008,326,1,"X"
"T04",2008,326,2,"X"
"T04",2008,326,3,"X"
"T04",2008,326,4,"X"
"T04",2008,326,5,"F"
"T04",2008,326,6,"X"
"T04",2008,326,7,"X"
"T04",2008,326,8,"F"
"T04",2008,326,9,"X"
"T04",2008,326,10,"X"
"T04",2008,348,1,"X"
"T04",2008,348,2,"X"
"T04",2008,348,3,"X"
"T04",2008,348,4,"X"
"T04",2008,348,5,"X"
"T04",2008,348,6,"X"
"T04",2008,348,7,"X"
"T04",2008,348,8,"X"
"T04",2008,348,9,"X"
"T04",2008,348,10,"X"
"T04",2008,371,1,"X"
"T04",2008,371,2,"X"
"T04",2008,371,3,"X"
"T04",2008,371,4,"X"
"T04",2008,371,5,"X"
"T04",2008,371,6,"X"
"T04",2008,371,7,"X"
"T04",2008,371,8,"X"
"T04",2008,371,9,"X"
"T04",2008,371,10,"X"
"T04",2008,372,1,"X"
"T04",2008,372,2,"X"
"T04",2008,372,3,"X"
"T04",2008,372,4,"X"
"T04",2008,372,5,"X"
"T04",2008,372,6,"X"
"T04",2008,372,7,"X"
"T04",2008,372,8,"X"
"T04",2008,372,9,"X"
"T04",2008,372,10,"X"
"T04",2008,390,1,"X"
"T04",2008,390,2,"X"
"T04",2008,390,3,"X"
"T04",2008,390,4,"X"
"T04",2008,390,5,"X"
"T04",2008,390,6,"X"
"T04",2008,390,7,"X"
"T04",2008,390,8,"X"
"T04",2008,390,9,"X"
"T04",2008,390,10,"X"
"T04",2008,396,1,"X"
"T04",2008,396,2,"X"
"T04",2008,396,3,"X"
"T04",2008,396,4,"X"
"T04",2008,184,7,"X"
"T04",2008,184,8,"X"
"T04",2008,184,9,"X"
"T04",2008,184,10,"X"
"T04",2008,206,1,"X"
"T04",2008,206,2,"X"
"T04",2008,206,3,"X"
"T04",2008,206,4,"X"
"T04",2008,206,5,"X"
"T04",2008,206,6,"X"
"T04",2008,206,7,"X"
"T04",2008,206,8,"X"
"T04",2008,206,9,"X"
"T04",2008,206,10,"X"
"T04",2008,226,1,"X"
"T04",2008,226,2,"X"
"T04",2008,226,3,"X"
"T04",2008,226,4,"X"
"T04",2008,226,5,"X"
"T04",2008,226,6,"X"
"T04",2008,226,7,"X"
"T04",2008,226,8,"X"
"T04",2008,226,9,"X"
"T04",2008,226,10,"X"
"T04",2008,247,1,"X"
"T04",2008,247,2,"X"
"T04",2008,247,3,"X"
"T04",2008,247,4,"X"
"T04",2008,247,5,"X"
"T04",2008,247,6,"X"
"T04",2008,247,7,"X"
"T04",2008,247,8,"X"
"T04",2008,247,9,"X"
"T04",2008,247,10,"X"
"T04",2008,251,1,"X"
"T04",2008,251,2,"X"
"T04",2008,251,3,"X"
"T04",2008,251,4,"X"
"T04",2008,251,5,"X"
"T04",2008,251,6,"X"
"T04",2008,251,7,"X"
"T04",2008,251,8,"X"
"T04",2008,251,9,"X"
"T04",2008,251,10,"X"
"T04",2008,254,1,"X"
"T04",2008,254,2,"X"
"T04",2008,254,3,"X"
"T04",2008,254,4,"X"
"T04",2008,254,5,"X"
"T04",2008,254,6,"X"
"T04",2008,254,7,"X"
"T04",2008,254,8,"X"
"T04",2008,254,9,"X"
"T04",2008,254,10,"X"
"T04",2008,307,1,"X"
"T04",2008,307,2,"X"
"T04",2008,307,3,"X"
"T04",2008,307,4,"X"
"T04",2008,307,5,"X"
"T04",2008,307,6,"X"
"T04",2008,307,7,"X"
"T04",2008,307,8,"X"
"T04",2008,307,9,"X"
"T04",2008,307,10,"X"
"T04",2008,21,3,"X"
"T04",2008,21,4,"X"
"T04",2008,21,5,"X"
"T04",2008,21,6,"X"
"T04",2008,21,7,"X"
"T04",2008,21,8,"X"
"T04",2008,21,9,"X"
"T04",2008,21,10,"X"
"T04",2008,61,1,"X"
"T04",2008,61,2,"X"
"T04",2008,61,3,"X"
"T04",2008,61,4,"X"
"T04",2008,61,5,"X"
"T04",2008,61,6,"X"
"T04",2008,61,7,"X"
"T04",2008,61,8,"X"
"T04",2008,61,9,"X"
"T04",2008,61,10,"X"
"T04",2008,71,1,"X"
"T04",2008,71,2,"X"
"T04",2008,71,3,"X"
"T04",2008,71,4,"X"
"T04",2008,71,5,"X"
"T04",2008,71,6,"X"
"T04",2008,71,7,"X"
"T04",2008,71,8,"X"
"T04",2008,71,9,"X"
"T04",2008,71,10,"X"
"T04",2008,78,1,"X"
"T04",2008,78,2,"X"
"T04",2008,78,3,"X"
"T04",2008,78,4,"X"
"T04",2008,78,5,"X"
"T04",2008,78,6,"X"
"T04",2008,78,7,"X"
"T04",2008,78,8,"X"
"T04",2008,78,9,"X"
"T04",2008,78,10,"X"
"T04",2008,138,1,"X"
"T04",2008,138,2,"X"
"T04",2008,138,3,"X"
"T04",2008,138,4,"X"
"T04",2008,138,5,"X"
"T04",2008,138,6,"X"
"T04",2008,138,7,"X"
"T04",2008,138,8,"X"
"T04",2008,138,9,"X"
"T04",2008,138,10,"X"
"T04",2008,164,1,"X"
"T04",2008,164,2,"X"
"T04",2008,164,3,"X"
"T04",2008,164,4,"X"
"T04",2008,164,5,"X"
"T04",2008,164,6,"X"
"T04",2008,164,7,"X"
"T04",2008,164,8,"X"
"T04",2008,164,9,"X"
"T04",2008,164,10,"X"
"T04",2008,184,1,"X"
"T04",2008,184,2,"X"
"T04",2008,184,3,"X"
"T04",2008,184,4,"X"
"T04",2008,184,5,"X"
"T04",2008,184,6,"X"
"T02",2008,442,9,"X"
"T02",2008,442,10,"X"
"T02",2008,443,1,"X"
"T02",2008,443,2,"X"
"T02",2008,443,3,"X"
"T02",2008,443,4,"X"
"T02",2008,443,5,"X"
"T02",2008,443,6,"X"
"T02",2008,443,7,"P"
"T02",2008,443,8,"P"
"T02",2008,443,9,"P"
"T02",2008,443,10,"X"
"T04",2008,1,1,"X"
"T04",2008,1,2,"X"
"T04",2008,1,3,"X"
"T04",2008,1,4,"X"
"T04",2008,1,5,"X"
"T04",2008,1,6,"X"
"T04",2008,1,7,"X"
"T04",2008,1,8,"X"
"T04",2008,1,9,"X"
"T04",2008,1,10,"X"
"T04",2008,2,1,"X"
"T04",2008,2,2,"X"
"T04",2008,2,3,"X"
"T04",2008,2,4,"X"
"T04",2008,2,5,"X"
"T04",2008,2,6,"X"
"T04",2008,2,7,"X"
"T04",2008,2,8,"X"
"T04",2008,2,9,"X"
"T04",2008,2,10,"X"
"T04",2008,13,1,"X"
"T04",2008,13,2,"X"
"T04",2008,13,3,"X"
"T04",2008,13,4,"X"
"T04",2008,13,5,"X"
"T04",2008,13,6,"X"
"T04",2008,13,7,"X"
"T04",2008,13,8,"X"
"T04",2008,13,9,"X"
"T04",2008,13,10,"X"
"T04",2008,16,1,"X"
"T04",2008,16,2,"X"
"T04",2008,16,3,"X"
"T04",2008,16,4,"X"
"T04",2008,16,5,"X"
"T04",2008,16,6,"X"
"T04",2008,16,7,"X"
"T04",2008,16,8,"X"
"T04",2008,16,9,"X"
"T04",2008,16,10,"X"
"T04",2008,19,1,"X"
"T04",2008,19,2,"X"
"T04",2008,19,3,"X"
"T04",2008,19,4,"X"
"T04",2008,19,5,"X"
"T04",2008,19,6,"X"
"T04",2008,19,7,"X"
"T04",2008,19,8,"X"
"T04",2008,19,9,"X"
"T04",2008,19,10,"X"
"T04",2008,21,1,"X"
"T04",2008,21,2,"X"
"T02",2008,436,5,"X"
"T02",2008,436,6,"X"
"T02",2008,436,7,"X"
"T02",2008,436,8,"X"
"T02",2008,436,9,"X"
"T02",2008,436,10,"X"
"T02",2008,437,1,"X"
"T02",2008,437,2,"X"
"T02",2008,437,3,"X"
"T02",2008,437,4,"X"
"T02",2008,437,5,"X"
"T02",2008,437,6,"X"
"T02",2008,437,7,"X"
"T02",2008,437,8,"X"
"T02",2008,437,9,"X"
"T02",2008,437,10,"X"
"T02",2008,438,1,"X"
"T02",2008,438,2,"X"
"T02",2008,438,3,"X"
"T02",2008,438,4,"X"
"T02",2008,438,5,"X"
"T02",2008,438,6,"X"
"T02",2008,438,7,"X"
"T02",2008,438,8,"X"
"T02",2008,438,9,"X"
"T02",2008,438,10,"X"
"T02",2008,439,1,"X"
"T02",2008,439,2,"X"
"T02",2008,439,3,"X"
"T02",2008,439,4,"X"
"T02",2008,439,5,"X"
"T02",2008,439,6,"X"
"T02",2008,439,7,"X"
"T02",2008,439,8,"X"
"T02",2008,439,9,"X"
"T02",2008,439,10,"X"
"T02",2008,440,1,"X"
"T02",2008,440,2,"X"
"T02",2008,440,3,"X"
"T02",2008,440,4,"X"
"T02",2008,440,5,"X"
"T02",2008,440,6,"X"
"T02",2008,440,7,"X"
"T02",2008,440,8,"X"
"T02",2008,440,9,"X"
"T02",2008,440,10,"X"
"T02",2008,441,1,"X"
"T02",2008,441,2,"X"
"T02",2008,441,3,"X"
"T02",2008,441,4,"X"
"T02",2008,441,5,"X"
"T02",2008,441,6,"X"
"T02",2008,441,7,"X"
"T02",2008,441,8,"X"
"T02",2008,441,9,"X"
"T02",2008,441,10,"X"
"T02",2008,442,1,"X"
"T02",2008,442,2,"X"
"T02",2008,442,3,"X"
"T02",2008,442,4,"X"
"T02",2008,442,5,"X"
"T02",2008,442,6,"X"
"T02",2008,442,7,"X"
"T02",2008,442,8,"X"
"T02",2008,384,1,"X"
"T02",2008,384,2,"P"
"T02",2008,384,3,"X"
"T02",2008,384,4,"X"
"T02",2008,384,5,"X"
"T02",2008,384,6,"X"
"T02",2008,384,7,"P"
"T02",2008,384,8,"X"
"T02",2008,384,9,"X"
"T02",2008,384,10,"X"
"T02",2008,396,1,"X"
"T02",2008,396,2,"X"
"T02",2008,396,3,"X"
"T02",2008,396,4,"X"
"T02",2008,396,5,"X"
"T02",2008,396,6,"X"
"T02",2008,396,7,"X"
"T02",2008,396,8,"X"
"T02",2008,396,9,"X"
"T02",2008,396,10,"X"
"T02",2008,424,1,"X"
"T02",2008,424,2,"X"
"T02",2008,424,3,"X"
"T02",2008,424,4,"X"
"T02",2008,424,5,"X"
"T02",2008,424,6,"X"
"T02",2008,424,7,"X"
"T02",2008,424,8,"X"
"T02",2008,424,9,"X"
"T02",2008,424,10,"X"
"T02",2008,428,1,"X"
"T02",2008,428,2,"X"
"T02",2008,428,3,"X"
"T02",2008,428,4,"X"
"T02",2008,428,5,"X"
"T02",2008,428,6,"X"
"T02",2008,428,7,"X"
"T02",2008,428,8,"X"
"T02",2008,428,9,"X"
"T02",2008,428,10,"X"
"T02",2008,434,1,"X"
"T02",2008,434,2,"X"
"T02",2008,434,3,"X"
"T02",2008,434,4,"X"
"T02",2008,434,5,"X"
"T02",2008,434,6,"X"
"T02",2008,434,7,"X"
"T02",2008,434,8,"X"
"T02",2008,434,9,"X"
"T02",2008,434,10,"X"
"T02",2008,435,1,"X"
"T02",2008,435,2,"X"
"T02",2008,435,3,"X"
"T02",2008,435,4,"X"
"T02",2008,435,5,"X"
"T02",2008,435,6,"X"
"T02",2008,435,7,"X"
"T02",2008,435,8,"X"
"T02",2008,435,9,"X"
"T02",2008,435,10,"X"
"T02",2008,436,1,"X"
"T02",2008,436,2,"X"
"T02",2008,436,3,"X"
"T02",2008,436,4,"X"
"T11",2009,913,9,"X"
"T11",2009,913,10,"X"
"T11",2009,914,1,"X"
"T11",2009,914,2,"X"
"T11",2009,914,3,"X"
"T11",2009,914,4,"X"
"T11",2009,914,5,"P"
"T11",2009,914,6,"X"
"T11",2009,914,7,"P"
"T11",2009,914,8,"X"
"T11",2009,914,9,"P"
"T11",2009,914,10,"X"
"T11",2009,916,1,"X"
"T11",2009,916,2,"X"
"T11",2009,916,3,"X"
"T11",2009,916,4,"X"
"T11",2009,916,5,"X"
"T11",2009,916,6,"X"
"T11",2009,916,7,"X"
"T11",2009,916,8,"X"
"T11",2009,916,9,"X"
"T11",2009,916,10,"X"
"T08",2009,420,5,"X"
"T08",2009,420,6,"X"
"T08",2009,420,7,"X"
"T08",2009,420,8,"X"
"T08",2009,420,9,"X"
"T08",2009,420,10,"X"
"T08",2009,421,1,"X"
"T08",2009,421,2,"X"
"T08",2009,421,3,"X"
"T08",2009,421,4,"X"
"T08",2009,421,5,"X"
"T08",2009,421,6,"X"
"T08",2009,421,7,"X"
"T08",2009,421,8,"X"
"T08",2009,421,9,"X"
"T08",2009,421,10,"X"
"T08",2009,422,1,"X"
"T08",2009,422,2,"X"
"T08",2009,422,3,"X"
"T08",2009,422,4,"X"
"T08",2009,422,5,"X"
"T08",2009,422,6,"X"
"T08",2009,422,7,"X"
"T08",2009,422,8,"X"
"T08",2009,422,9,"X"
"T08",2009,422,10,"X"
"T08",2009,423,1,"X"
"T08",2009,423,2,"X"
"T08",2009,423,3,"X"
"T08",2009,423,4,"X"
"T08",2009,423,5,"X"
"T08",2009,423,6,"X"
"T08",2009,423,7,"X"
"T08",2009,423,8,"X"
"T08",2009,423,9,"X"
"T08",2009,423,10,"X"
"T11",2009,901,1,"X"
"T11",2009,901,2,"X"
"T11",2009,901,3,"X"
"T11",2009,901,4,"X"
"T11",2009,901,5,"X"
"T11",2009,901,6,"X"
"T11",2009,901,7,"X"
"T11",2009,901,8,"X"
"T11",2009,901,9,"X"
"T11",2009,901,10,"X"
"T11",2009,902,1,"X"
"T11",2009,902,2,"X"
"T11",2009,902,3,"X"
"T11",2009,902,4,"X"
"T11",2009,902,5,"X"
"T11",2009,902,6,"X"
"T11",2009,902,7,"X"
"T11",2009,902,8,"X"
"T11",2009,902,9,"X"
"T11",2009,902,10,"X"
"T11",2009,913,1,"X"
"T11",2009,913,2,"X"
"T11",2009,913,3,"X"
"T11",2009,913,4,"X"
"T11",2009,913,5,"X"
"T11",2009,913,6,"X"
"T11",2009,913,7,"X"
"T11",2009,913,8,"X"
"T08",2009,173,1,"X"
"T08",2009,173,2,"X"
"T08",2009,173,3,"X"
"T08",2009,173,4,"X"
"T08",2009,173,5,"X"
"T08",2009,173,6,"X"
"T08",2009,173,7,"X"
"T08",2009,173,8,"X"
"T08",2009,173,9,"X"
"T08",2009,173,10,"X"
"T08",2009,194,1,"X"
"T08",2009,194,2,"X"
"T08",2009,194,3,"X"
"T08",2009,194,4,"X"
"T08",2009,194,5,"X"
"T08",2009,194,6,"X"
"T08",2009,194,7,"X"
"T08",2009,194,8,"X"
"T08",2009,194,9,"X"
"T08",2009,194,10,"X"
"T08",2009,239,1,"X"
"T08",2009,239,2,"X"
"T08",2009,239,3,"X"
"T08",2009,239,4,"X"
"T08",2009,239,5,"X"
"T08",2009,239,6,"X"
"T08",2009,239,7,"X"
"T08",2009,239,8,"X"
"T08",2009,239,9,"X"
"T08",2009,239,10,"X"
"T08",2009,327,1,"X"
"T08",2009,327,2,"X"
"T08",2009,327,3,"X"
"T08",2009,327,4,"X"
"T08",2009,327,5,"X"
"T08",2009,327,6,"X"
"T08",2009,327,7,"X"
"T08",2009,327,8,"X"
"T08",2009,327,9,"X"
"T08",2009,327,10,"X"
"T08",2009,401,1,"X"
"T08",2009,401,2,"X"
"T08",2009,401,3,"X"
"T08",2009,401,4,"X"
"T08",2009,401,5,"X"
"T08",2009,401,6,"X"
"T08",2009,401,7,"X"
"T08",2009,401,8,"X"
"T08",2009,401,9,"X"
"T08",2009,401,10,"X"
"T08",2009,416,1,"X"
"T08",2009,416,2,"X"
"T08",2009,416,3,"X"
"T08",2009,416,4,"X"
"T08",2009,416,5,"X"
"T08",2009,416,6,"X"
"T08",2009,416,7,"X"
"T08",2009,416,8,"X"
"T08",2009,416,9,"X"
"T08",2009,416,10,"X"
"T08",2009,420,1,"X"
"T08",2009,420,2,"X"
"T08",2009,420,3,"X"
"T08",2009,420,4,"X"
"T07",2009,308,7,"X"
"T07",2009,308,8,"X"
"T07",2009,308,9,"X"
"T07",2009,308,10,"X"
"T07",2009,436,1,"X"
"T07",2009,436,2,"X"
"T07",2009,436,3,"X"
"T07",2009,436,4,"X"
"T07",2009,436,5,"X"
"T07",2009,436,6,"X"
"T07",2009,436,7,"X"
"T07",2009,436,8,"X"
"T07",2009,436,9,"X"
"T07",2009,436,10,"X"
"T07",2009,451,1,"X"
"T07",2009,451,2,"X"
"T07",2009,451,3,"X"
"T07",2009,451,4,"X"
"T07",2009,451,5,"X"
"T07",2009,451,6,"X"
"T07",2009,451,7,"X"
"T07",2009,451,8,"X"
"T07",2009,451,9,"X"
"T07",2009,451,10,"X"
"T08",2009,32,1,"X"
"T08",2009,32,2,"X"
"T08",2009,32,3,"X"
"T08",2009,32,4,"X"
"T08",2009,32,5,"X"
"T08",2009,32,6,"X"
"T08",2009,32,7,"X"
"T08",2009,32,8,"X"
"T08",2009,32,9,"X"
"T08",2009,32,10,"X"
"T08",2009,61,1,"X"
"T08",2009,61,2,"X"
"T08",2009,61,3,"X"
"T08",2009,61,4,"X"
"T08",2009,61,5,"X"
"T08",2009,61,6,"X"
"T08",2009,61,7,"X"
"T08",2009,61,8,"X"
"T08",2009,61,9,"X"
"T08",2009,61,10,"X"
"T08",2009,72,1,"X"
"T08",2009,72,2,"X"
"T08",2009,72,3,"X"
"T08",2009,72,4,"X"
"T08",2009,72,5,"X"
"T08",2009,72,6,"X"
"T08",2009,72,7,"X"
"T08",2009,72,8,"X"
"T08",2009,72,9,"X"
"T08",2009,72,10,"X"
"T08",2009,168,1,"X"
"T08",2009,168,2,"X"
"T08",2009,168,3,"X"
"T08",2009,168,4,"X"
"T08",2009,168,5,"X"
"T08",2009,168,6,"X"
"T08",2009,168,7,"X"
"T08",2009,168,8,"X"
"T08",2009,168,9,"X"
"T08",2009,168,10,"X"
"T07",2009,30,3,"X"
"T07",2009,30,4,"X"
"T07",2009,30,5,"X"
"T07",2009,30,6,"X"
"T07",2009,30,7,"X"
"T07",2009,30,8,"X"
"T07",2009,30,9,"X"
"T07",2009,30,10,"X"
"T07",2009,47,1,"X"
"T07",2009,47,2,"X"
"T07",2009,47,3,"X"
"T07",2009,47,4,"X"
"T07",2009,47,5,"X"
"T07",2009,47,6,"X"
"T07",2009,47,7,"X"
"T07",2009,47,8,"X"
"T07",2009,47,9,"X"
"T07",2009,47,10,"X"
"T07",2009,59,1,"X"
"T07",2009,59,2,"X"
"T07",2009,59,3,"X"
"T07",2009,59,4,"X"
"T07",2009,59,5,"X"
"T07",2009,59,6,"X"
"T07",2009,59,7,"X"
"T07",2009,59,8,"X"
"T07",2009,59,9,"X"
"T07",2009,59,10,"X"
"T07",2009,151,1,"X"
"T07",2009,151,2,"X"
"T07",2009,151,3,"X"
"T07",2009,151,4,"X"
"T07",2009,151,5,"X"
"T07",2009,151,6,"X"
"T07",2009,151,7,"X"
"T07",2009,151,8,"X"
"T07",2009,151,9,"X"
"T07",2009,151,10,"X"
"T07",2009,277,1,"X"
"T07",2009,277,2,"X"
"T07",2009,277,3,"X"
"T07",2009,277,4,"X"
"T07",2009,277,5,"X"
"T07",2009,277,6,"X"
"T07",2009,277,7,"X"
"T07",2009,277,8,"X"
"T07",2009,277,9,"X"
"T07",2009,277,10,"X"
"T07",2009,278,1,"X"
"T07",2009,278,2,"X"
"T07",2009,278,3,"X"
"T07",2009,278,4,"X"
"T07",2009,278,5,"X"
"T07",2009,278,6,"X"
"T07",2009,278,7,"X"
"T07",2009,278,8,"X"
"T07",2009,278,9,"X"
"T07",2009,278,10,"X"
"T07",2009,308,1,"X"
"T07",2009,308,2,"X"
"T07",2009,308,3,"X"
"T07",2009,308,4,"X"
"T07",2009,308,5,"X"
"T07",2009,308,6,"X"
"T05",2009,332,9,"X"
"T05",2009,332,10,"X"
"T05",2009,334,1,"X"
"T05",2009,334,2,"X"
"T05",2009,334,3,"X"
"T05",2009,334,4,"X"
"T05",2009,334,5,"X"
"T05",2009,334,6,"X"
"T05",2009,334,7,"X"
"T05",2009,334,8,"X"
"T05",2009,334,9,"X"
"T05",2009,334,10,"X"
"T05",2009,336,1,"X"
"T05",2009,336,2,"X"
"T05",2009,336,3,"X"
"T05",2009,336,4,"X"
"T05",2009,336,5,"X"
"T05",2009,336,6,"X"
"T05",2009,336,7,"X"
"T05",2009,336,8,"X"
"T05",2009,336,9,"X"
"T05",2009,336,10,"X"
"T05",2009,343,1,"X"
"T05",2009,343,2,"X"
"T05",2009,343,3,"X"
"T05",2009,343,4,"X"
"T05",2009,343,5,"X"
"T05",2009,343,6,"X"
"T05",2009,343,7,"X"
"T05",2009,343,8,"X"
"T05",2009,343,9,"X"
"T05",2009,343,10,"X"
"T05",2009,344,1,"X"
"T05",2009,344,2,"X"
"T05",2009,344,3,"X"
"T05",2009,344,4,"X"
"T05",2009,344,5,"X"
"T05",2009,344,6,"X"
"T05",2009,344,7,"X"
"T05",2009,344,8,"X"
"T05",2009,344,9,"X"
"T05",2009,344,10,"X"
"T07",2009,1,1,"X"
"T07",2009,1,2,"X"
"T07",2009,1,3,"X"
"T07",2009,1,4,"X"
"T07",2009,1,5,"X"
"T07",2009,1,6,"X"
"T07",2009,1,7,"X"
"T07",2009,1,8,"X"
"T07",2009,1,9,"X"
"T07",2009,1,10,"X"
"T07",2009,6,1,"P"
"T07",2009,6,2,"P"
"T07",2009,6,3,"P"
"T07",2009,6,4,"P"
"T07",2009,6,5,"X"
"T07",2009,6,6,"X"
"T07",2009,6,7,"X"
"T07",2009,6,8,"X"
"T07",2009,6,9,"X"
"T07",2009,6,10,"X"
"T07",2009,30,1,"X"
"T07",2009,30,2,"X"
"T05",2009,51,5,"X"
"T05",2009,51,6,"X"
"T05",2009,51,7,"X"
"T05",2009,51,8,"X"
"T05",2009,51,9,"X"
"T05",2009,51,10,"X"
"T05",2009,118,1,"X"
"T05",2009,118,2,"X"
"T05",2009,118,3,"X"
"T05",2009,118,4,"X"
"T05",2009,118,5,"X"
"T05",2009,118,6,"X"
"T05",2009,118,7,"X"
"T05",2009,118,8,"X"
"T05",2009,118,9,"X"
"T05",2009,118,10,"X"
"T05",2009,256,1,"X"
"T05",2009,256,2,"X"
"T05",2009,256,3,"X"
"T05",2009,256,4,"X"
"T05",2009,256,5,"X"
"T05",2009,256,6,"X"
"T05",2009,256,7,"X"
"T05",2009,256,8,"X"
"T05",2009,256,9,"X"
"T05",2009,256,10,"X"
"T05",2009,318,1,"X"
"T05",2009,318,2,"X"
"T05",2009,318,3,"X"
"T05",2009,318,4,"X"
"T05",2009,318,5,"X"
"T05",2009,318,6,"X"
"T05",2009,318,7,"X"
"T05",2009,318,8,"X"
"T05",2009,318,9,"X"
"T05",2009,318,10,"X"
"T05",2009,323,1,"X"
"T05",2009,323,2,"X"
"T05",2009,323,3,"X"
"T05",2009,323,4,"X"
"T05",2009,323,5,"X"
"T05",2009,323,6,"X"
"T05",2009,323,7,"X"
"T05",2009,323,8,"X"
"T05",2009,323,9,"X"
"T05",2009,323,10,"X"
"T05",2009,329,1,"X"
"T05",2009,329,2,"X"
"T05",2009,329,3,"X"
"T05",2009,329,4,"X"
"T05",2009,329,5,"X"
"T05",2009,329,6,"X"
"T05",2009,329,7,"X"
"T05",2009,329,8,"X"
"T05",2009,329,9,"X"
"T05",2009,329,10,"X"
"T05",2009,332,1,"X"
"T05",2009,332,2,"X"
"T05",2009,332,3,"X"
"T05",2009,332,4,"X"
"T05",2009,332,5,"X"
"T05",2009,332,6,"X"
"T05",2009,332,7,"X"
"T05",2009,332,8,"X"
"T04",2009,501,1,"X"
"T04",2009,501,2,"X"
"T04",2009,501,3,"X"
"T04",2009,501,4,"X"
"T04",2009,501,5,"X"
"T04",2009,501,6,"X"
"T04",2009,501,7,"X"
"T04",2009,501,8,"X"
"T04",2009,501,9,"X"
"T04",2009,501,10,"X"
"T04",2009,502,1,"X"
"T04",2009,502,2,"X"
"T04",2009,502,3,"X"
"T04",2009,502,4,"X"
"T04",2009,502,5,"X"
"T04",2009,502,6,"X"
"T04",2009,502,7,"X"
"T04",2009,502,8,"X"
"T04",2009,502,9,"X"
"T04",2009,502,10,"X"
"T04",2009,507,1,"X"
"T04",2009,507,2,"X"
"T04",2009,507,3,"X"
"T04",2009,507,4,"X"
"T04",2009,507,5,"X"
"T04",2009,507,6,"X"
"T04",2009,507,7,"X"
"T04",2009,507,8,"X"
"T04",2009,507,9,"X"
"T04",2009,507,10,"X"
"T04",2009,509,1,"X"
"T04",2009,509,2,"X"
"T04",2009,509,3,"X"
"T04",2009,509,4,"X"
"T04",2009,509,5,"X"
"T04",2009,509,6,"X"
"T04",2009,509,7,"X"
"T04",2009,509,8,"X"
"T04",2009,509,9,"X"
"T04",2009,509,10,"X"
"T04",2009,611,1,"X"
"T04",2009,611,2,"X"
"T04",2009,611,3,"X"
"T04",2009,611,4,"X"
"T04",2009,611,5,"X"
"T04",2009,611,6,"X"
"T04",2009,611,7,"X"
"T04",2009,611,8,"X"
"T04",2009,611,9,"X"
"T04",2009,611,10,"X"
"T04",2009,800,1,"X"
"T04",2009,800,2,"X"
"T04",2009,800,3,"X"
"T04",2009,800,4,"X"
"T04",2009,800,5,"X"
"T04",2009,800,6,"X"
"T04",2009,800,7,"X"
"T04",2009,800,8,"X"
"T04",2009,800,9,"X"
"T04",2009,800,10,"X"
"T05",2009,51,1,"X"
"T05",2009,51,2,"X"
"T05",2009,51,3,"X"
"T05",2009,51,4,"X"
"T04",2009,254,7,"X"
"T04",2009,254,8,"X"
"T04",2009,254,9,"X"
"T04",2009,254,10,"X"
"T04",2009,371,1,"X"
"T04",2009,371,2,"X"
"T04",2009,371,3,"X"
"T04",2009,371,4,"X"
"T04",2009,371,5,"X"
"T04",2009,371,6,"X"
"T04",2009,371,7,"X"
"T04",2009,371,8,"X"
"T04",2009,371,9,"X"
"T04",2009,371,10,"X"
"T04",2009,411,1,"X"
"T04",2009,411,2,"X"
"T04",2009,411,3,"X"
"T04",2009,411,4,"X"
"T04",2009,411,5,"X"
"T04",2009,411,6,"X"
"T04",2009,411,7,"X"
"T04",2009,411,8,"X"
"T04",2009,411,9,"X"
"T04",2009,411,10,"X"
"T04",2009,444,1,"X"
"T04",2009,444,2,"X"
"T04",2009,444,3,"X"
"T04",2009,444,4,"X"
"T04",2009,444,5,"X"
"T04",2009,444,6,"X"
"T04",2009,444,7,"X"
"T04",2009,444,8,"X"
"T04",2009,444,9,"X"
"T04",2009,444,10,"X"
"T04",2009,449,1,"X"
"T04",2009,449,2,"X"
"T04",2009,449,3,"X"
"T04",2009,449,4,"X"
"T04",2009,449,5,"X"
"T04",2009,449,6,"X"
"T04",2009,449,7,"X"
"T04",2009,449,8,"X"
"T04",2009,449,9,"X"
"T04",2009,449,10,"X"
"T04",2009,450,1,"X"
"T04",2009,450,2,"X"
"T04",2009,450,3,"X"
"T04",2009,450,4,"X"
"T04",2009,450,5,"X"
"T04",2009,450,6,"X"
"T04",2009,450,7,"X"
"T04",2009,450,8,"X"
"T04",2009,450,9,"X"
"T04",2009,450,10,"X"
"T04",2009,500,1,"X"
"T04",2009,500,2,"X"
"T04",2009,500,3,"X"
"T04",2009,500,4,"X"
"T04",2009,500,5,"X"
"T04",2009,500,6,"X"
"T04",2009,500,7,"X"
"T04",2009,500,8,"X"
"T04",2009,500,9,"X"
"T04",2009,500,10,"X"
"T04",2009,71,3,"X"
"T04",2009,71,4,"X"
"T04",2009,71,5,"X"
"T04",2009,71,6,"X"
"T04",2009,71,7,"X"
"T04",2009,71,8,"X"
"T04",2009,71,9,"X"
"T04",2009,71,10,"X"
"T04",2009,78,1,"X"
"T04",2009,78,2,"X"
"T04",2009,78,3,"X"
"T04",2009,78,4,"X"
"T04",2009,78,5,"X"
"T04",2009,78,6,"X"
"T04",2009,78,7,"X"
"T04",2009,78,8,"X"
"T04",2009,78,9,"X"
"T04",2009,78,10,"X"
"T04",2009,206,1,"X"
"T04",2009,206,2,"X"
"T04",2009,206,3,"X"
"T04",2009,206,4,"X"
"T04",2009,206,5,"X"
"T04",2009,206,6,"X"
"T04",2009,206,7,"X"
"T04",2009,206,8,"X"
"T04",2009,206,9,"X"
"T04",2009,206,10,"X"
"T04",2009,226,1,"X"
"T04",2009,226,2,"X"
"T04",2009,226,3,"X"
"T04",2009,226,4,"X"
"T04",2009,226,5,"X"
"T04",2009,226,6,"X"
"T04",2009,226,7,"X"
"T04",2009,226,8,"X"
"T04",2009,226,9,"X"
"T04",2009,226,10,"X"
"T04",2009,247,1,"X"
"T04",2009,247,2,"X"
"T04",2009,247,3,"X"
"T04",2009,247,4,"X"
"T04",2009,247,5,"X"
"T04",2009,247,6,"X"
"T04",2009,247,7,"X"
"T04",2009,247,8,"X"
"T04",2009,247,9,"X"
"T04",2009,247,10,"X"
"T04",2009,251,1,"X"
"T04",2009,251,2,"X"
"T04",2009,251,3,"X"
"T04",2009,251,4,"X"
"T04",2009,251,5,"X"
"T04",2009,251,6,"X"
"T04",2009,251,7,"X"
"T04",2009,251,8,"X"
"T04",2009,251,9,"X"
"T04",2009,251,10,"X"
"T04",2009,254,1,"X"
"T04",2009,254,2,"X"
"T04",2009,254,3,"X"
"T04",2009,254,4,"X"
"T04",2009,254,5,"X"
"T04",2009,254,6,"X"
"T02",2009,442,9,"X"
"T02",2009,442,10,"X"
"T02",2009,443,1,"X"
"T02",2009,443,2,"X"
"T02",2009,443,3,"X"
"T02",2009,443,4,"X"
"T02",2009,443,5,"X"
"T02",2009,443,6,"X"
"T02",2009,443,7,"P"
"T02",2009,443,8,"P"
"T02",2009,443,9,"P"
"T02",2009,443,10,"X"
"T04",2009,1,1,"X"
"T04",2009,1,2,"X"
"T04",2009,1,3,"X"
"T04",2009,1,4,"X"
"T04",2009,1,5,"X"
"T04",2009,1,6,"X"
"T04",2009,1,7,"X"
"T04",2009,1,8,"X"
"T04",2009,1,9,"X"
"T04",2009,1,10,"X"
"T04",2009,13,1,"X"
"T04",2009,13,2,"X"
"T04",2009,13,3,"X"
"T04",2009,13,4,"X"
"T04",2009,13,5,"X"
"T04",2009,13,6,"X"
"T04",2009,13,7,"X"
"T04",2009,13,8,"X"
"T04",2009,13,9,"X"
"T04",2009,13,10,"X"
"T04",2009,19,1,"X"
"T04",2009,19,2,"X"
"T04",2009,19,3,"X"
"T04",2009,19,4,"X"
"T04",2009,19,5,"X"
"T04",2009,19,6,"X"
"T04",2009,19,7,"X"
"T04",2009,19,8,"X"
"T04",2009,19,9,"X"
"T04",2009,19,10,"X"
"T04",2009,21,1,"X"
"T04",2009,21,2,"X"
"T04",2009,21,3,"X"
"T04",2009,21,4,"X"
"T04",2009,21,5,"X"
"T04",2009,21,6,"X"
"T04",2009,21,7,"X"
"T04",2009,21,8,"X"
"T04",2009,21,9,"X"
"T04",2009,21,10,"X"
"T04",2009,61,1,"X"
"T04",2009,61,2,"X"
"T04",2009,61,3,"X"
"T04",2009,61,4,"X"
"T04",2009,61,5,"X"
"T04",2009,61,6,"X"
"T04",2009,61,7,"X"
"T04",2009,61,8,"X"
"T04",2009,61,9,"X"
"T04",2009,61,10,"X"
"T04",2009,71,1,"X"
"T04",2009,71,2,"X"
"T02",2009,436,5,"X"
"T02",2009,436,6,"X"
"T02",2009,436,7,"X"
"T02",2009,436,8,"X"
"T02",2009,436,9,"X"
"T02",2009,436,10,"X"
"T02",2009,437,1,"X"
"T02",2009,437,2,"X"
"T02",2009,437,3,"X"
"T02",2009,437,4,"X"
"T02",2009,437,5,"X"
"T02",2009,437,6,"X"
"T02",2009,437,7,"X"
"T02",2009,437,8,"X"
"T02",2009,437,9,"X"
"T02",2009,437,10,"X"
"T02",2009,438,1,"X"
"T02",2009,438,2,"X"
"T02",2009,438,3,"X"
"T02",2009,438,4,"X"
"T02",2009,438,5,"X"
"T02",2009,438,6,"X"
"T02",2009,438,7,"X"
"T02",2009,438,8,"X"
"T02",2009,438,9,"X"
"T02",2009,438,10,"X"
"T02",2009,439,1,"X"
"T02",2009,439,2,"X"
"T02",2009,439,3,"X"
"T02",2009,439,4,"X"
"T02",2009,439,5,"X"
"T02",2009,439,6,"X"
"T02",2009,439,7,"X"
"T02",2009,439,8,"X"
"T02",2009,439,9,"X"
"T02",2009,439,10,"X"
"T02",2009,440,1,"X"
"T02",2009,440,2,"X"
"T02",2009,440,3,"X"
"T02",2009,440,4,"X"
"T02",2009,440,5,"X"
"T02",2009,440,6,"X"
"T02",2009,440,7,"X"
"T02",2009,440,8,"X"
"T02",2009,440,9,"X"
"T02",2009,440,10,"X"
"T02",2009,441,1,"X"
"T02",2009,441,2,"X"
"T02",2009,441,3,"X"
"T02",2009,441,4,"X"
"T02",2009,441,5,"X"
"T02",2009,441,6,"X"
"T02",2009,441,7,"X"
"T02",2009,441,8,"X"
"T02",2009,441,9,"X"
"T02",2009,441,10,"X"
"T02",2009,442,1,"X"
"T02",2009,442,2,"X"
"T02",2009,442,3,"X"
"T02",2009,442,4,"X"
"T02",2009,442,5,"X"
"T02",2009,442,6,"X"
"T02",2009,442,7,"X"
"T02",2009,442,8,"X"
"T02",2009,384,1,"X"
"T02",2009,384,2,"X"
"T02",2009,384,3,"X"
"T02",2009,384,4,"X"
"T02",2009,384,5,"X"
"T02",2009,384,6,"X"
"T02",2009,384,7,"P"
"T02",2009,384,8,"X"
"T02",2009,384,9,"X"
"T02",2009,384,10,"X"
"T02",2009,396,1,"X"
"T02",2009,396,2,"X"
"T02",2009,396,3,"X"
"T02",2009,396,4,"X"
"T02",2009,396,5,"X"
"T02",2009,396,6,"X"
"T02",2009,396,7,"X"
"T02",2009,396,8,"X"
"T02",2009,396,9,"X"
"T02",2009,396,10,"X"
"T02",2009,424,1,"X"
"T02",2009,424,2,"X"
"T02",2009,424,3,"X"
"T02",2009,424,4,"X"
"T02",2009,424,5,"X"
"T02",2009,424,6,"X"
"T02",2009,424,7,"X"
"T02",2009,424,8,"X"
"T02",2009,424,9,"X"
"T02",2009,424,10,"X"
"T02",2009,428,1,"X"
"T02",2009,428,2,"X"
"T02",2009,428,3,"X"
"T02",2009,428,4,"X"
"T02",2009,428,5,"X"
"T02",2009,428,6,"X"
"T02",2009,428,7,"X"
"T02",2009,428,8,"X"
"T02",2009,428,9,"X"
"T02",2009,428,10,"X"
"T02",2009,434,1,"X"
"T02",2009,434,2,"X"
"T02",2009,434,3,"X"
"T02",2009,434,4,"X"
"T02",2009,434,5,"X"
"T02",2009,434,6,"X"
"T02",2009,434,7,"X"
"T02",2009,434,8,"X"
"T02",2009,434,9,"X"
"T02",2009,434,10,"X"
"T02",2009,435,1,"X"
"T02",2009,435,2,"X"
"T02",2009,435,3,"X"
"T02",2009,435,4,"X"
"T02",2009,435,5,"X"
"T02",2009,435,6,"X"
"T02",2009,435,7,"X"
"T02",2009,435,8,"X"
"T02",2009,435,9,"X"
"T02",2009,435,10,"X"
"T02",2009,436,1,"X"
"T02",2009,436,2,"X"
"T02",2009,436,3,"X"
"T02",2009,436,4,"X"
"T11",2010,902,1,"X"
"T11",2010,902,2,"X"
"T11",2010,902,3,"X"
"T11",2010,902,4,"X"
"T11",2010,902,5,"X"
"T11",2010,902,6,"X"
"T11",2010,902,7,"X"
"T11",2010,902,8,"X"
"T11",2010,902,9,"X"
"T11",2010,902,10,"X"
"T11",2010,913,1,"X"
"T11",2010,913,2,"X"
"T11",2010,913,3,"X"
"T11",2010,913,4,"X"
"T11",2010,913,5,"X"
"T11",2010,913,6,"X"
"T11",2010,913,7,"X"
"T11",2010,913,8,"X"
"T11",2010,913,9,"X"
"T11",2010,913,10,"X"
"T11",2010,914,1,"X"
"T11",2010,914,2,"X"
"T11",2010,914,3,"X"
"T11",2010,914,4,"X"
"T11",2010,914,5,"P"
"T11",2010,914,6,"X"
"T11",2010,914,7,"P"
"T11",2010,914,8,"X"
"T11",2010,914,9,"P"
"T11",2010,914,10,"X"
"T11",2010,916,1,"X"
"T11",2010,916,2,"X"
"T11",2010,916,3,"X"
"T11",2010,916,4,"X"
"T11",2010,916,5,"X"
"T11",2010,916,6,"X"
"T11",2010,916,7,"X"
"T11",2010,916,8,"X"
"T11",2010,916,9,"X"
"T11",2010,916,10,"X"
"T08",2010,401,7,"X"
"T08",2010,401,8,"X"
"T08",2010,401,9,"X"
"T08",2010,401,10,"X"
"T08",2010,416,1,"X"
"T08",2010,416,2,"X"
"T08",2010,416,3,"X"
"T08",2010,416,4,"X"
"T08",2010,416,5,"X"
"T08",2010,416,6,"X"
"T08",2010,416,7,"X"
"T08",2010,416,8,"X"
"T08",2010,416,9,"X"
"T08",2010,416,10,"X"
"T08",2010,420,1,"X"
"T08",2010,420,2,"X"
"T08",2010,420,3,"X"
"T08",2010,420,4,"X"
"T08",2010,420,5,"X"
"T08",2010,420,6,"X"
"T08",2010,420,7,"X"
"T08",2010,420,8,"X"
"T08",2010,420,9,"X"
"T08",2010,420,10,"X"
"T08",2010,421,1,"X"
"T08",2010,421,2,"X"
"T08",2010,421,3,"X"
"T08",2010,421,4,"X"
"T08",2010,421,5,"X"
"T08",2010,421,6,"X"
"T08",2010,421,7,"X"
"T08",2010,421,8,"X"
"T08",2010,421,9,"X"
"T08",2010,421,10,"X"
"T08",2010,422,1,"X"
"T08",2010,422,2,"X"
"T08",2010,422,3,"X"
"T08",2010,422,4,"X"
"T08",2010,422,5,"X"
"T08",2010,422,6,"X"
"T08",2010,422,7,"X"
"T08",2010,422,8,"X"
"T08",2010,422,9,"X"
"T08",2010,422,10,"X"
"T08",2010,423,1,"X"
"T08",2010,423,2,"X"
"T08",2010,423,3,"X"
"T08",2010,423,4,"X"
"T08",2010,423,5,"X"
"T08",2010,423,6,"X"
"T08",2010,423,7,"X"
"T08",2010,423,8,"X"
"T08",2010,423,9,"X"
"T08",2010,423,10,"X"
"T11",2010,901,1,"X"
"T11",2010,901,2,"X"
"T11",2010,901,3,"X"
"T11",2010,901,4,"X"
"T11",2010,901,5,"X"
"T11",2010,901,6,"X"
"T11",2010,901,7,"X"
"T11",2010,901,8,"X"
"T11",2010,901,9,"X"
"T11",2010,901,10,"X"
"T08",2010,72,3,"X"
"T08",2010,72,4,"X"
"T08",2010,72,5,"X"
"T08",2010,72,6,"X"
"T08",2010,72,7,"X"
"T08",2010,72,8,"X"
"T08",2010,72,9,"X"
"T08",2010,72,10,"X"
"T08",2010,168,1,"X"
"T08",2010,168,2,"X"
"T08",2010,168,3,"X"
"T08",2010,168,4,"X"
"T08",2010,168,5,"X"
"T08",2010,168,6,"X"
"T08",2010,168,7,"X"
"T08",2010,168,8,"X"
"T08",2010,168,9,"X"
"T08",2010,168,10,"X"
"T08",2010,173,1,"X"
"T08",2010,173,2,"X"
"T08",2010,173,3,"X"
"T08",2010,173,4,"X"
"T08",2010,173,5,"X"
"T08",2010,173,6,"X"
"T08",2010,173,7,"X"
"T08",2010,173,8,"X"
"T08",2010,173,9,"X"
"T08",2010,173,10,"X"
"T08",2010,194,1,"X"
"T08",2010,194,2,"X"
"T08",2010,194,3,"X"
"T08",2010,194,4,"X"
"T08",2010,194,5,"X"
"T08",2010,194,6,"X"
"T08",2010,194,7,"X"
"T08",2010,194,8,"X"
"T08",2010,194,9,"X"
"T08",2010,194,10,"X"
"T08",2010,239,1,"X"
"T08",2010,239,2,"X"
"T08",2010,239,3,"X"
"T08",2010,239,4,"X"
"T08",2010,239,5,"X"
"T08",2010,239,6,"X"
"T08",2010,239,7,"X"
"T08",2010,239,8,"X"
"T08",2010,239,9,"X"
"T08",2010,239,10,"X"
"T08",2010,327,1,"X"
"T08",2010,327,2,"X"
"T08",2010,327,3,"X"
"T08",2010,327,4,"X"
"T08",2010,327,5,"X"
"T08",2010,327,6,"X"
"T08",2010,327,7,"X"
"T08",2010,327,8,"X"
"T08",2010,327,9,"X"
"T08",2010,327,10,"X"
"T08",2010,401,1,"X"
"T08",2010,401,2,"X"
"T08",2010,401,3,"X"
"T08",2010,401,4,"X"
"T08",2010,401,5,"X"
"T08",2010,401,6,"X"
"T07",2010,277,9,"X"
"T07",2010,277,10,"X"
"T07",2010,278,1,"X"
"T07",2010,278,2,"X"
"T07",2010,278,3,"X"
"T07",2010,278,4,"X"
"T07",2010,278,5,"X"
"T07",2010,278,6,"X"
"T07",2010,278,7,"X"
"T07",2010,278,8,"X"
"T07",2010,278,9,"X"
"T07",2010,278,10,"X"
"T07",2010,308,1,"X"
"T07",2010,308,2,"X"
"T07",2010,308,3,"X"
"T07",2010,308,4,"X"
"T07",2010,308,5,"X"
"T07",2010,308,6,"X"
"T07",2010,308,7,"X"
"T07",2010,308,8,"X"
"T07",2010,308,9,"X"
"T07",2010,308,10,"X"
"T07",2010,436,1,"X"
"T07",2010,436,2,"X"
"T07",2010,436,3,"X"
"T07",2010,436,4,"X"
"T07",2010,436,5,"X"
"T07",2010,436,6,"X"
"T07",2010,436,7,"X"
"T07",2010,436,8,"X"
"T07",2010,436,9,"X"
"T07",2010,436,10,"X"
"T07",2010,451,1,"X"
"T07",2010,451,2,"X"
"T07",2010,451,3,"X"
"T07",2010,451,4,"X"
"T07",2010,451,5,"X"
"T07",2010,451,6,"X"
"T07",2010,451,7,"X"
"T07",2010,451,8,"X"
"T07",2010,451,9,"X"
"T07",2010,451,10,"X"
"T08",2010,32,1,"X"
"T08",2010,32,2,"X"
"T08",2010,32,3,"X"
"T08",2010,32,4,"X"
"T08",2010,32,5,"X"
"T08",2010,32,6,"X"
"T08",2010,32,7,"X"
"T08",2010,32,8,"X"
"T08",2010,32,9,"X"
"T08",2010,32,10,"X"
"T08",2010,61,1,"X"
"T08",2010,61,2,"X"
"T08",2010,61,3,"X"
"T08",2010,61,4,"X"
"T08",2010,61,5,"X"
"T08",2010,61,6,"X"
"T08",2010,61,7,"X"
"T08",2010,61,8,"X"
"T08",2010,61,9,"X"
"T08",2010,61,10,"X"
"T08",2010,72,1,"X"
"T08",2010,72,2,"X"
"T07",2010,1,5,"X"
"T07",2010,1,6,"X"
"T07",2010,1,7,"X"
"T07",2010,1,8,"X"
"T07",2010,1,9,"X"
"T07",2010,1,10,"X"
"T07",2010,6,1,"P"
"T07",2010,6,2,"P"
"T07",2010,6,3,"P"
"T07",2010,6,4,"P"
"T07",2010,6,5,"X"
"T07",2010,6,6,"X"
"T07",2010,6,7,"X"
"T07",2010,6,8,"X"
"T07",2010,6,9,"X"
"T07",2010,6,10,"X"
"T07",2010,30,1,"X"
"T07",2010,30,2,"X"
"T07",2010,30,3,"X"
"T07",2010,30,4,"X"
"T07",2010,30,5,"X"
"T07",2010,30,6,"X"
"T07",2010,30,7,"X"
"T07",2010,30,8,"X"
"T07",2010,30,9,"X"
"T07",2010,30,10,"X"
"T07",2010,47,1,"X"
"T07",2010,47,2,"X"
"T07",2010,47,3,"X"
"T07",2010,47,4,"X"
"T07",2010,47,5,"X"
"T07",2010,47,6,"X"
"T07",2010,47,7,"X"
"T07",2010,47,8,"X"
"T07",2010,47,9,"X"
"T07",2010,47,10,"X"
"T07",2010,59,1,"X"
"T07",2010,59,2,"X"
"T07",2010,59,3,"X"
"T07",2010,59,4,"X"
"T07",2010,59,5,"X"
"T07",2010,59,6,"X"
"T07",2010,59,7,"X"
"T07",2010,59,8,"X"
"T07",2010,59,9,"X"
"T07",2010,59,10,"X"
"T07",2010,151,1,"X"
"T07",2010,151,2,"X"
"T07",2010,151,3,"X"
"T07",2010,151,4,"X"
"T07",2010,151,5,"X"
"T07",2010,151,6,"X"
"T07",2010,151,7,"X"
"T07",2010,151,8,"X"
"T07",2010,151,9,"X"
"T07",2010,151,10,"X"
"T07",2010,277,1,"X"
"T07",2010,277,2,"S"
"T07",2010,277,3,"X"
"T07",2010,277,4,"X"
"T07",2010,277,5,"X"
"T07",2010,277,6,"X"
"T07",2010,277,7,"X"
"T07",2010,277,8,"X"
"T04",2010,501,1,"X"
"T04",2010,501,2,"X"
"T04",2010,501,3,"X"
"T04",2010,501,4,"X"
"T04",2010,501,5,"X"
"T04",2010,501,6,"X"
"T04",2010,501,7,"X"
"T04",2010,501,8,"X"
"T04",2010,501,9,"X"
"T04",2010,501,10,"X"
"T04",2010,502,1,"X"
"T04",2010,502,2,"X"
"T04",2010,502,3,"X"
"T04",2010,502,4,"X"
"T04",2010,502,5,"X"
"T04",2010,502,6,"X"
"T04",2010,502,7,"X"
"T04",2010,502,8,"X"
"T04",2010,502,9,"X"
"T04",2010,502,10,"X"
"T04",2010,507,1,"X"
"T04",2010,507,2,"X"
"T04",2010,507,3,"X"
"T04",2010,507,4,"X"
"T04",2010,507,5,"X"
"T04",2010,507,6,"X"
"T04",2010,507,7,"X"
"T04",2010,507,8,"X"
"T04",2010,507,9,"X"
"T04",2010,507,10,"X"
"T04",2010,509,1,"X"
"T04",2010,509,2,"X"
"T04",2010,509,3,"X"
"T04",2010,509,4,"X"
"T04",2010,509,5,"X"
"T04",2010,509,6,"X"
"T04",2010,509,7,"X"
"T04",2010,509,8,"X"
"T04",2010,509,9,"X"
"T04",2010,509,10,"X"
"T04",2010,611,1,"X"
"T04",2010,611,2,"X"
"T04",2010,611,3,"X"
"T04",2010,611,4,"X"
"T04",2010,611,5,"X"
"T04",2010,611,6,"X"
"T04",2010,611,7,"X"
"T04",2010,611,8,"X"
"T04",2010,611,9,"X"
"T04",2010,611,10,"X"
"T04",2010,800,1,"X"
"T04",2010,800,2,"X"
"T04",2010,800,3,"X"
"T04",2010,800,4,"X"
"T04",2010,800,5,"X"
"T04",2010,800,6,"X"
"T04",2010,800,7,"X"
"T04",2010,800,8,"X"
"T04",2010,800,9,"X"
"T04",2010,800,10,"X"
"T07",2010,1,1,"X"
"T07",2010,1,2,"X"
"T07",2010,1,3,"X"
"T07",2010,1,4,"X"
"T04",2010,254,7,"X"
"T04",2010,254,8,"X"
"T04",2010,254,9,"X"
"T04",2010,254,10,"X"
"T04",2010,371,1,"X"
"T04",2010,371,2,"X"
"T04",2010,371,3,"X"
"T04",2010,371,4,"X"
"T04",2010,371,5,"X"
"T04",2010,371,6,"X"
"T04",2010,371,7,"X"
"T04",2010,371,8,"X"
"T04",2010,371,9,"X"
"T04",2010,371,10,"X"
"T04",2010,411,1,"X"
"T04",2010,411,2,"X"
"T04",2010,411,3,"X"
"T04",2010,411,4,"X"
"T04",2010,411,5,"X"
"T04",2010,411,6,"X"
"T04",2010,411,7,"X"
"T04",2010,411,8,"X"
"T04",2010,411,9,"X"
"T04",2010,411,10,"X"
"T04",2010,444,1,"X"
"T04",2010,444,2,"X"
"T04",2010,444,3,"X"
"T04",2010,444,4,"X"
"T04",2010,444,5,"X"
"T04",2010,444,6,"X"
"T04",2010,444,7,"X"
"T04",2010,444,8,"X"
"T04",2010,444,9,"X"
"T04",2010,444,10,"X"
"T04",2010,449,1,"X"
"T04",2010,449,2,"X"
"T04",2010,449,3,"X"
"T04",2010,449,4,"X"
"T04",2010,449,5,"X"
"T04",2010,449,6,"X"
"T04",2010,449,7,"X"
"T04",2010,449,8,"X"
"T04",2010,449,9,"X"
"T04",2010,449,10,"X"
"T04",2010,450,1,"X"
"T04",2010,450,2,"X"
"T04",2010,450,3,"X"
"T04",2010,450,4,"X"
"T04",2010,450,5,"X"
"T04",2010,450,6,"X"
"T04",2010,450,7,"X"
"T04",2010,450,8,"X"
"T04",2010,450,9,"X"
"T04",2010,450,10,"X"
"T04",2010,500,1,"X"
"T04",2010,500,2,"X"
"T04",2010,500,3,"X"
"T04",2010,500,4,"X"
"T04",2010,500,5,"X"
"T04",2010,500,6,"X"
"T04",2010,500,7,"X"
"T04",2010,500,8,"X"
"T04",2010,500,9,"X"
"T04",2010,500,10,"X"
"T04",2010,71,3,"X"
"T04",2010,71,4,"X"
"T04",2010,71,5,"X"
"T04",2010,71,6,"X"
"T04",2010,71,7,"X"
"T04",2010,71,8,"X"
"T04",2010,71,9,"X"
"T04",2010,71,10,"X"
"T04",2010,78,1,"X"
"T04",2010,78,2,"X"
"T04",2010,78,3,"X"
"T04",2010,78,4,"X"
"T04",2010,78,5,"X"
"T04",2010,78,6,"X"
"T04",2010,78,7,"X"
"T04",2010,78,8,"X"
"T04",2010,78,9,"X"
"T04",2010,78,10,"X"
"T04",2010,206,1,"X"
"T04",2010,206,2,"X"
"T04",2010,206,3,"X"
"T04",2010,206,4,"X"
"T04",2010,206,5,"X"
"T04",2010,206,6,"X"
"T04",2010,206,7,"X"
"T04",2010,206,8,"X"
"T04",2010,206,9,"X"
"T04",2010,206,10,"X"
"T04",2010,226,1,"X"
"T04",2010,226,2,"X"
"T04",2010,226,3,"X"
"T04",2010,226,4,"X"
"T04",2010,226,5,"X"
"T04",2010,226,6,"X"
"T04",2010,226,7,"X"
"T04",2010,226,8,"X"
"T04",2010,226,9,"X"
"T04",2010,226,10,"X"
"T04",2010,247,1,"X"
"T04",2010,247,2,"X"
"T04",2010,247,3,"X"
"T04",2010,247,4,"X"
"T04",2010,247,5,"X"
"T04",2010,247,6,"X"
"T04",2010,247,7,"X"
"T04",2010,247,8,"X"
"T04",2010,247,9,"X"
"T04",2010,247,10,"X"
"T04",2010,251,1,"X"
"T04",2010,251,2,"X"
"T04",2010,251,3,"X"
"T04",2010,251,4,"X"
"T04",2010,251,5,"X"
"T04",2010,251,6,"X"
"T04",2010,251,7,"X"
"T04",2010,251,8,"X"
"T04",2010,251,9,"X"
"T04",2010,251,10,"X"
"T04",2010,254,1,"X"
"T04",2010,254,2,"X"
"T04",2010,254,3,"X"
"T04",2010,254,4,"X"
"T04",2010,254,5,"X"
"T04",2010,254,6,"X"
"T02",2010,442,9,"X"
"T02",2010,442,10,"X"
"T02",2010,443,1,"X"
"T02",2010,443,2,"X"
"T02",2010,443,3,"X"
"T02",2010,443,4,"X"
"T02",2010,443,5,"X"
"T02",2010,443,6,"X"
"T02",2010,443,7,"P"
"T02",2010,443,8,"X"
"T02",2010,443,9,"P"
"T02",2010,443,10,"X"
"T04",2010,1,1,"X"
"T04",2010,1,2,"X"
"T04",2010,1,3,"X"
"T04",2010,1,4,"X"
"T04",2010,1,5,"X"
"T04",2010,1,6,"X"
"T04",2010,1,7,"X"
"T04",2010,1,8,"X"
"T04",2010,1,9,"X"
"T04",2010,1,10,"X"
"T04",2010,13,1,"X"
"T04",2010,13,2,"X"
"T04",2010,13,3,"X"
"T04",2010,13,4,"X"
"T04",2010,13,5,"X"
"T04",2010,13,6,"X"
"T04",2010,13,7,"X"
"T04",2010,13,8,"X"
"T04",2010,13,9,"X"
"T04",2010,13,10,"X"
"T04",2010,19,1,"X"
"T04",2010,19,2,"X"
"T04",2010,19,3,"X"
"T04",2010,19,4,"X"
"T04",2010,19,5,"X"
"T04",2010,19,6,"X"
"T04",2010,19,7,"X"
"T04",2010,19,8,"X"
"T04",2010,19,9,"X"
"T04",2010,19,10,"X"
"T04",2010,21,1,"X"
"T04",2010,21,2,"X"
"T04",2010,21,3,"X"
"T04",2010,21,4,"X"
"T04",2010,21,5,"X"
"T04",2010,21,6,"X"
"T04",2010,21,7,"X"
"T04",2010,21,8,"X"
"T04",2010,21,9,"X"
"T04",2010,21,10,"X"
"T04",2010,61,1,"X"
"T04",2010,61,2,"X"
"T04",2010,61,3,"X"
"T04",2010,61,4,"X"
"T04",2010,61,5,"X"
"T04",2010,61,6,"X"
"T04",2010,61,7,"X"
"T04",2010,61,8,"X"
"T04",2010,61,9,"X"
"T04",2010,61,10,"X"
"T04",2010,71,1,"X"
"T04",2010,71,2,"X"
"T02",2010,436,5,"X"
"T02",2010,436,6,"X"
"T02",2010,436,7,"X"
"T02",2010,436,8,"X"
"T02",2010,436,9,"X"
"T02",2010,436,10,"X"
"T02",2010,437,1,"X"
"T02",2010,437,2,"X"
"T02",2010,437,3,"X"
"T02",2010,437,4,"X"
"T02",2010,437,5,"X"
"T02",2010,437,6,"X"
"T02",2010,437,7,"X"
"T02",2010,437,8,"X"
"T02",2010,437,9,"X"
"T02",2010,437,10,"X"
"T02",2010,438,1,"X"
"T02",2010,438,2,"X"
"T02",2010,438,3,"X"
"T02",2010,438,4,"X"
"T02",2010,438,5,"X"
"T02",2010,438,6,"X"
"T02",2010,438,7,"X"
"T02",2010,438,8,"X"
"T02",2010,438,9,"X"
"T02",2010,438,10,"X"
"T02",2010,439,1,"X"
"T02",2010,439,2,"X"
"T02",2010,439,3,"X"
"T02",2010,439,4,"X"
"T02",2010,439,5,"X"
"T02",2010,439,6,"X"
"T02",2010,439,7,"X"
"T02",2010,439,8,"X"
"T02",2010,439,9,"X"
"T02",2010,439,10,"X"
"T02",2010,440,1,"X"
"T02",2010,440,2,"X"
"T02",2010,440,3,"X"
"T02",2010,440,4,"X"
"T02",2010,440,5,"X"
"T02",2010,440,6,"X"
"T02",2010,440,7,"X"
"T02",2010,440,8,"X"
"T02",2010,440,9,"X"
"T02",2010,440,10,"X"
"T02",2010,441,1,"X"
"T02",2010,441,2,"X"
"T02",2010,441,3,"X"
"T02",2010,441,4,"X"
"T02",2010,441,5,"X"
"T02",2010,441,6,"X"
"T02",2010,441,7,"X"
"T02",2010,441,8,"X"
"T02",2010,441,9,"X"
"T02",2010,441,10,"X"
"T02",2010,442,1,"X"
"T02",2010,442,2,"X"
"T02",2010,442,3,"X"
"T02",2010,442,4,"X"
"T02",2010,442,5,"X"
"T02",2010,442,6,"X"
"T02",2010,442,7,"X"
"T02",2010,442,8,"X"
"T02",2010,384,1,"X"
"T02",2010,384,2,"P"
"T02",2010,384,3,"X"
"T02",2010,384,4,"X"
"T02",2010,384,5,"X"
"T02",2010,384,6,"X"
"T02",2010,384,7,"P"
"T02",2010,384,8,"X"
"T02",2010,384,9,"X"
"T02",2010,384,10,"X"
"T02",2010,396,1,"X"
"T02",2010,396,2,"X"
"T02",2010,396,3,"X"
"T02",2010,396,4,"X"
"T02",2010,396,5,"X"
"T02",2010,396,6,"X"
"T02",2010,396,7,"X"
"T02",2010,396,8,"X"
"T02",2010,396,9,"X"
"T02",2010,396,10,"X"
"T02",2010,424,1,"X"
"T02",2010,424,2,"X"
"T02",2010,424,3,"X"
"T02",2010,424,4,"X"
"T02",2010,424,5,"X"
"T02",2010,424,6,"X"
"T02",2010,424,7,"X"
"T02",2010,424,8,"X"
"T02",2010,424,9,"X"
"T02",2010,424,10,"X"
"T02",2010,428,1,"X"
"T02",2010,428,2,"X"
"T02",2010,428,3,"X"
"T02",2010,428,4,"X"
"T02",2010,428,5,"X"
"T02",2010,428,6,"X"
"T02",2010,428,7,"X"
"T02",2010,428,8,"X"
"T02",2010,428,9,"X"
"T02",2010,428,10,"X"
"T02",2010,434,1,"X"
"T02",2010,434,2,"X"
"T02",2010,434,3,"X"
"T02",2010,434,4,"X"
"T02",2010,434,5,"X"
"T02",2010,434,6,"X"
"T02",2010,434,7,"X"
"T02",2010,434,8,"X"
"T02",2010,434,9,"X"
"T02",2010,434,10,"X"
"T02",2010,435,1,"X"
"T02",2010,435,2,"X"
"T02",2010,435,3,"X"
"T02",2010,435,4,"X"
"T02",2010,435,5,"X"
"T02",2010,435,6,"X"
"T02",2010,435,7,"X"
"T02",2010,435,8,"X"
"T02",2010,435,9,"X"
"T02",2010,435,10,"X"
"T02",2010,436,1,"X"
"T02",2010,436,2,"X"
"T02",2010,436,3,"X"
"T02",2010,436,4,"X"
"T11",2011,917,9,"X"
"T11",2011,917,10,"X"
"T11",2011,918,1,"X"
"T11",2011,918,2,"X"
"T11",2011,918,3,"X"
"T11",2011,918,4,"X"
"T11",2011,918,5,"X"
"T11",2011,918,6,"X"
"T11",2011,918,7,"X"
"T11",2011,918,8,"X"
"T11",2011,918,9,"X"
"T11",2011,918,10,"X"
"T11",2011,911,5,"X"
"T11",2011,911,6,"X"
"T11",2011,911,7,"X"
"T11",2011,911,8,"X"
"T11",2011,911,9,"X"
"T11",2011,911,10,"X"
"T11",2011,912,1,"X"
"T11",2011,912,2,"X"
"T11",2011,912,3,"X"
"T11",2011,912,4,"X"
"T11",2011,912,5,"X"
"T11",2011,912,6,"X"
"T11",2011,912,7,"X"
"T11",2011,912,8,"X"
"T11",2011,912,9,"X"
"T11",2011,912,10,"X"
"T11",2011,913,1,"X"
"T11",2011,913,2,"X"
"T11",2011,913,3,"X"
"T11",2011,913,4,"X"
"T11",2011,913,5,"X"
"T11",2011,913,6,"X"
"T11",2011,913,7,"X"
"T11",2011,913,8,"X"
"T11",2011,913,9,"X"
"T11",2011,913,10,"X"
"T11",2011,914,1,"X"
"T11",2011,914,2,"X"
"T11",2011,914,3,"X"
"T11",2011,914,4,"X"
"T11",2011,914,5,"P"
"T11",2011,914,6,"X"
"T11",2011,914,7,"P"
"T11",2011,914,8,"X"
"T11",2011,914,9,"P"
"T11",2011,914,10,"X"
"T11",2011,915,1,"X"
"T11",2011,915,2,"X"
"T11",2011,915,3,"X"
"T11",2011,915,4,"X"
"T11",2011,915,5,"X"
"T11",2011,915,6,"X"
"T11",2011,915,7,"X"
"T11",2011,915,8,"X"
"T11",2011,915,9,"X"
"T11",2011,915,10,"X"
"T11",2011,916,1,"X"
"T11",2011,916,2,"X"
"T11",2011,916,3,"X"
"T11",2011,916,4,"X"
"T11",2011,916,5,"X"
"T11",2011,916,6,"X"
"T11",2011,916,7,"X"
"T11",2011,916,8,"X"
"T11",2011,916,9,"X"
"T11",2011,916,10,"X"
"T11",2011,917,1,"X"
"T11",2011,917,2,"X"
"T11",2011,917,3,"X"
"T11",2011,917,4,"X"
"T11",2011,917,5,"X"
"T11",2011,917,6,"X"
"T11",2011,917,7,"X"
"T11",2011,917,8,"X"
"T11",2011,905,1,"X"
"T11",2011,905,2,"X"
"T11",2011,905,3,"X"
"T11",2011,905,4,"X"
"T11",2011,905,5,"X"
"T11",2011,905,6,"X"
"T11",2011,905,7,"X"
"T11",2011,905,8,"X"
"T11",2011,905,9,"X"
"T11",2011,905,10,"X"
"T11",2011,906,1,"X"
"T11",2011,906,2,"X"
"T11",2011,906,3,"X"
"T11",2011,906,4,"X"
"T11",2011,906,5,"X"
"T11",2011,906,6,"X"
"T11",2011,906,7,"X"
"T11",2011,906,8,"X"
"T11",2011,906,9,"X"
"T11",2011,906,10,"X"
"T11",2011,907,1,"X"
"T11",2011,907,2,"X"
"T11",2011,907,3,"X"
"T11",2011,907,4,"X"
"T11",2011,907,5,"X"
"T11",2011,907,6,"X"
"T11",2011,907,7,"X"
"T11",2011,907,8,"X"
"T11",2011,907,9,"X"
"T11",2011,907,10,"X"
"T11",2011,908,1,"X"
"T11",2011,908,2,"X"
"T11",2011,908,3,"X"
"T11",2011,908,4,"X"
"T11",2011,908,5,"X"
"T11",2011,908,6,"X"
"T11",2011,908,7,"X"
"T11",2011,908,8,"X"
"T11",2011,908,9,"X"
"T11",2011,908,10,"X"
"T11",2011,909,1,"X"
"T11",2011,909,2,"X"
"T11",2011,909,3,"X"
"T11",2011,909,4,"X"
"T11",2011,909,5,"X"
"T11",2011,909,6,"X"
"T11",2011,909,7,"X"
"T11",2011,909,8,"X"
"T11",2011,909,9,"X"
"T11",2011,909,10,"X"
"T11",2011,910,1,"X"
"T11",2011,910,2,"X"
"T11",2011,910,3,"X"
"T11",2011,910,4,"X"
"T11",2011,910,5,"X"
"T11",2011,910,6,"X"
"T11",2011,910,7,"X"
"T11",2011,910,8,"X"
"T11",2011,910,9,"X"
"T11",2011,910,10,"X"
"T11",2011,911,1,"X"
"T11",2011,911,2,"X"
"T11",2011,911,3,"X"
"T11",2011,911,4,"X"
"T10",2011,777,7,"X"
"T10",2011,777,8,"X"
"T10",2011,777,9,"X"
"T10",2011,777,10,"X"
"T10",2011,888,1,"X"
"T10",2011,888,2,"X"
"T10",2011,888,3,"X"
"T10",2011,888,4,"X"
"T10",2011,888,5,"X"
"T10",2011,888,6,"X"
"T10",2011,888,7,"X"
"T10",2011,888,8,"X"
"T10",2011,888,9,"X"
"T10",2011,888,10,"X"
"T10",2011,999,1,"X"
"T10",2011,999,2,"X"
"T10",2011,999,3,"X"
"T10",2011,999,4,"X"
"T10",2011,999,5,"X"
"T10",2011,999,6,"X"
"T10",2011,999,7,"X"
"T10",2011,999,8,"X"
"T10",2011,999,9,"X"
"T10",2011,999,10,"X"
"T11",2011,901,1,"X"
"T11",2011,901,2,"X"
"T11",2011,901,3,"X"
"T11",2011,901,4,"X"
"T11",2011,901,5,"X"
"T11",2011,901,6,"X"
"T11",2011,901,7,"X"
"T11",2011,901,8,"X"
"T11",2011,901,9,"X"
"T11",2011,901,10,"X"
"T11",2011,902,1,"X"
"T11",2011,902,2,"X"
"T11",2011,902,3,"X"
"T11",2011,902,4,"X"
"T11",2011,902,5,"X"
"T11",2011,902,6,"X"
"T11",2011,902,7,"X"
"T11",2011,902,8,"X"
"T11",2011,902,9,"X"
"T11",2011,902,10,"X"
"T11",2011,903,1,"X"
"T11",2011,903,2,"X"
"T11",2011,903,3,"X"
"T11",2011,903,4,"X"
"T11",2011,903,5,"X"
"T11",2011,903,6,"X"
"T11",2011,903,7,"X"
"T11",2011,903,8,"X"
"T11",2011,903,9,"X"
"T11",2011,903,10,"X"
"T11",2011,904,1,"X"
"T11",2011,904,2,"X"
"T11",2011,904,3,"X"
"T11",2011,904,4,"X"
"T11",2011,904,5,"X"
"T11",2011,904,6,"X"
"T11",2011,904,7,"X"
"T11",2011,904,8,"X"
"T11",2011,904,9,"X"
"T11",2011,904,10,"X"
"T10",2011,277,3,"X"
"T10",2011,277,4,"X"
"T10",2011,277,5,"X"
"T10",2011,277,6,"X"
"T10",2011,277,7,"X"
"T10",2011,277,8,"X"
"T10",2011,277,9,"X"
"T10",2011,277,10,"X"
"T10",2011,287,1,"X"
"T10",2011,287,2,"X"
"T10",2011,287,3,"X"
"T10",2011,287,4,"X"
"T10",2011,287,5,"X"
"T10",2011,287,6,"X"
"T10",2011,287,7,"X"
"T10",2011,287,8,"X"
"T10",2011,287,9,"X"
"T10",2011,287,10,"X"
"T10",2011,288,1,"X"
"T10",2011,288,2,"X"
"T10",2011,288,3,"X"
"T10",2011,288,4,"X"
"T10",2011,288,5,"X"
"T10",2011,288,6,"X"
"T10",2011,288,7,"X"
"T10",2011,288,8,"X"
"T10",2011,288,9,"X"
"T10",2011,288,10,"X"
"T10",2011,444,1,"X"
"T10",2011,444,2,"X"
"T10",2011,444,3,"X"
"T10",2011,444,4,"X"
"T10",2011,444,5,"X"
"T10",2011,444,6,"X"
"T10",2011,444,7,"X"
"T10",2011,444,8,"X"
"T10",2011,444,9,"X"
"T10",2011,444,10,"X"
"T10",2011,555,1,"X"
"T10",2011,555,2,"X"
"T10",2011,555,3,"X"
"T10",2011,555,4,"X"
"T10",2011,555,5,"X"
"T10",2011,555,6,"X"
"T10",2011,555,7,"X"
"T10",2011,555,8,"X"
"T10",2011,555,9,"X"
"T10",2011,555,10,"X"
"T10",2011,666,1,"X"
"T10",2011,666,2,"X"
"T10",2011,666,3,"X"
"T10",2011,666,4,"X"
"T10",2011,666,5,"X"
"T10",2011,666,6,"X"
"T10",2011,666,7,"X"
"T10",2011,666,8,"X"
"T10",2011,666,9,"X"
"T10",2011,666,10,"X"
"T10",2011,777,1,"X"
"T10",2011,777,2,"X"
"T10",2011,777,3,"X"
"T10",2011,777,4,"X"
"T10",2011,777,5,"X"
"T10",2011,777,6,"X"
"T10",2011,219,9,"X"
"T10",2011,219,10,"X"
"T10",2011,237,1,"X"
"T10",2011,237,2,"X"
"T10",2011,237,3,"X"
"T10",2011,237,4,"X"
"T10",2011,237,5,"X"
"T10",2011,237,6,"X"
"T10",2011,237,7,"X"
"T10",2011,237,8,"X"
"T10",2011,237,9,"X"
"T10",2011,237,10,"X"
"T10",2011,247,1,"X"
"T10",2011,247,2,"X"
"T10",2011,247,3,"X"
"T10",2011,247,4,"X"
"T10",2011,247,5,"X"
"T10",2011,247,6,"X"
"T10",2011,247,7,"X"
"T10",2011,247,8,"X"
"T10",2011,247,9,"X"
"T10",2011,247,10,"X"
"T10",2011,249,1,"X"
"T10",2011,249,2,"X"
"T10",2011,249,3,"X"
"T10",2011,249,4,"X"
"T10",2011,249,5,"X"
"T10",2011,249,6,"X"
"T10",2011,249,7,"X"
"T10",2011,249,8,"X"
"T10",2011,249,9,"X"
"T10",2011,249,10,"X"
"T10",2011,256,1,"X"
"T10",2011,256,2,"X"
"T10",2011,256,3,"X"
"T10",2011,256,4,"X"
"T10",2011,256,5,"X"
"T10",2011,256,6,"X"
"T10",2011,256,7,"X"
"T10",2011,256,8,"X"
"T10",2011,256,9,"X"
"T10",2011,256,10,"X"
"T10",2011,261,1,"X"
"T10",2011,261,2,"X"
"T10",2011,261,3,"X"
"T10",2011,261,4,"X"
"T10",2011,261,5,"X"
"T10",2011,261,6,"X"
"T10",2011,261,7,"X"
"T10",2011,261,8,"X"
"T10",2011,261,9,"X"
"T10",2011,261,10,"X"
"T10",2011,269,1,"X"
"T10",2011,269,2,"X"
"T10",2011,269,3,"X"
"T10",2011,269,4,"X"
"T10",2011,269,5,"X"
"T10",2011,269,6,"X"
"T10",2011,269,7,"X"
"T10",2011,269,8,"X"
"T10",2011,269,9,"X"
"T10",2011,269,10,"X"
"T10",2011,277,1,"X"
"T10",2011,277,2,"X"
"T10",2011,50,5,"X"
"T10",2011,50,6,"X"
"T10",2011,50,7,"X"
"T10",2011,50,8,"X"
"T10",2011,50,9,"X"
"T10",2011,50,10,"X"
"T10",2011,56,1,"X"
"T10",2011,56,2,"X"
"T10",2011,56,3,"X"
"T10",2011,56,4,"X"
"T10",2011,56,5,"X"
"T10",2011,56,6,"X"
"T10",2011,56,7,"X"
"T10",2011,56,8,"X"
"T10",2011,56,9,"X"
"T10",2011,56,10,"X"
"T10",2011,99,1,"X"
"T10",2011,99,2,"X"
"T10",2011,99,3,"X"
"T10",2011,99,4,"X"
"T10",2011,99,5,"X"
"T10",2011,99,6,"X"
"T10",2011,99,7,"X"
"T10",2011,99,8,"X"
"T10",2011,99,9,"X"
"T10",2011,99,10,"X"
"T10",2011,148,1,"X"
"T10",2011,148,2,"X"
"T10",2011,148,3,"X"
"T10",2011,148,4,"X"
"T10",2011,148,5,"X"
"T10",2011,148,6,"X"
"T10",2011,148,7,"X"
"T10",2011,148,8,"X"
"T10",2011,148,9,"X"
"T10",2011,148,10,"X"
"T10",2011,162,1,"X"
"T10",2011,162,2,"X"
"T10",2011,162,3,"X"
"T10",2011,162,4,"X"
"T10",2011,162,5,"X"
"T10",2011,162,6,"X"
"T10",2011,162,7,"X"
"T10",2011,162,8,"X"
"T10",2011,162,9,"X"
"T10",2011,162,10,"X"
"T10",2011,208,1,"X"
"T10",2011,208,2,"X"
"T10",2011,208,3,"X"
"T10",2011,208,4,"X"
"T10",2011,208,5,"X"
"T10",2011,208,6,"X"
"T10",2011,208,7,"X"
"T10",2011,208,8,"X"
"T10",2011,208,9,"X"
"T10",2011,208,10,"X"
"T10",2011,219,1,"X"
"T10",2011,219,2,"X"
"T10",2011,219,3,"X"
"T10",2011,219,4,"X"
"T10",2011,219,5,"X"
"T10",2011,219,6,"X"
"T10",2011,219,7,"X"
"T10",2011,219,8,"X"
"T10",2011,11,1,"X"
"T10",2011,11,2,"X"
"T10",2011,11,3,"X"
"T10",2011,11,4,"X"
"T10",2011,11,5,"X"
"T10",2011,11,6,"X"
"T10",2011,11,7,"X"
"T10",2011,11,8,"X"
"T10",2011,11,9,"X"
"T10",2011,11,10,"X"
"T10",2011,14,1,"X"
"T10",2011,14,2,"X"
"T10",2011,14,3,"X"
"T10",2011,14,4,"X"
"T10",2011,14,5,"X"
"T10",2011,14,6,"X"
"T10",2011,14,7,"X"
"T10",2011,14,8,"X"
"T10",2011,14,9,"X"
"T10",2011,14,10,"X"
"T10",2011,28,1,"X"
"T10",2011,28,2,"X"
"T10",2011,28,3,"X"
"T10",2011,28,4,"X"
"T10",2011,28,5,"X"
"T10",2011,28,6,"X"
"T10",2011,28,7,"X"
"T10",2011,28,8,"X"
"T10",2011,28,9,"X"
"T10",2011,28,10,"X"
"T10",2011,32,1,"X"
"T10",2011,32,2,"X"
"T10",2011,32,3,"X"
"T10",2011,32,4,"X"
"T10",2011,32,5,"X"
"T10",2011,32,6,"X"
"T10",2011,32,7,"X"
"T10",2011,32,8,"X"
"T10",2011,32,9,"X"
"T10",2011,32,10,"X"
"T10",2011,34,1,"X"
"T10",2011,34,2,"X"
"T10",2011,34,3,"X"
"T10",2011,34,4,"X"
"T10",2011,34,5,"X"
"T10",2011,34,6,"X"
"T10",2011,34,7,"X"
"T10",2011,34,8,"X"
"T10",2011,34,9,"X"
"T10",2011,34,10,"X"
"T10",2011,47,1,"X"
"T10",2011,47,2,"X"
"T10",2011,47,3,"X"
"T10",2011,47,4,"X"
"T10",2011,47,5,"X"
"T10",2011,47,6,"X"
"T10",2011,47,7,"X"
"T10",2011,47,8,"X"
"T10",2011,47,9,"X"
"T10",2011,47,10,"X"
"T10",2011,50,1,"X"
"T10",2011,50,2,"X"
"T10",2011,50,3,"X"
"T10",2011,50,4,"X"
"T09",2011,502,7,"X"
"T09",2011,502,8,"X"
"T09",2011,502,9,"X"
"T09",2011,502,10,"X"
"T09",2011,503,1,"X"
"T09",2011,503,2,"X"
"T09",2011,503,3,"X"
"T09",2011,503,4,"X"
"T09",2011,503,5,"X"
"T09",2011,503,6,"X"
"T09",2011,503,7,"X"
"T09",2011,503,8,"X"
"T09",2011,503,9,"X"
"T09",2011,503,10,"X"
"T09",2011,504,1,"D"
"T09",2011,504,2,"D"
"T09",2011,504,3,"B"
"T09",2011,504,4,"B"
"T09",2011,504,5,"X"
"T09",2011,504,6,"X"
"T09",2011,504,7,"X"
"T09",2011,504,8,"X"
"T09",2011,504,9,"X"
"T09",2011,504,10,"P"
"T09",2011,505,1,"X"
"T09",2011,505,2,"X"
"T09",2011,505,3,"X"
"T09",2011,505,4,"X"
"T09",2011,505,5,"X"
"T09",2011,505,6,"X"
"T09",2011,505,7,"X"
"T09",2011,505,8,"X"
"T09",2011,505,9,"X"
"T09",2011,505,10,"X"
"T09",2011,506,1,"X"
"T09",2011,506,2,"X"
"T09",2011,506,3,"X"
"T09",2011,506,4,"X"
"T09",2011,506,5,"X"
"T09",2011,506,6,"X"
"T09",2011,506,7,"X"
"T09",2011,506,8,"P"
"T09",2011,506,9,"X"
"T09",2011,506,10,"P"
"T09",2011,507,1,"X"
"T09",2011,507,2,"X"
"T09",2011,507,3,"X"
"T09",2011,507,4,"X"
"T09",2011,507,5,"X"
"T09",2011,507,6,"X"
"T09",2011,507,7,"X"
"T09",2011,507,8,"X"
"T09",2011,507,9,"X"
"T09",2011,507,10,"X"
"T10",2011,3,1,"X"
"T10",2011,3,2,"X"
"T10",2011,3,3,"X"
"T10",2011,3,4,"X"
"T10",2011,3,5,"X"
"T10",2011,3,6,"X"
"T10",2011,3,7,"X"
"T10",2011,3,8,"X"
"T10",2011,3,9,"X"
"T10",2011,3,10,"X"
"T09",2011,447,3,"X"
"T09",2011,447,4,"X"
"T09",2011,447,5,"X"
"T09",2011,447,6,"X"
"T09",2011,447,7,"X"
"T09",2011,447,8,"X"
"T09",2011,447,9,"X"
"T09",2011,447,10,"X"
"T09",2011,448,1,"X"
"T09",2011,448,2,"X"
"T09",2011,448,3,"X"
"T09",2011,448,4,"X"
"T09",2011,448,5,"X"
"T09",2011,448,6,"X"
"T09",2011,448,7,"X"
"T09",2011,448,8,"X"
"T09",2011,448,9,"X"
"T09",2011,448,10,"X"
"T09",2011,449,1,"D"
"T09",2011,449,2,"X"
"T09",2011,449,3,"X"
"T09",2011,449,4,"X"
"T09",2011,449,5,"X"
"T09",2011,449,6,"X"
"T09",2011,449,7,"X"
"T09",2011,449,8,"X"
"T09",2011,449,9,"X"
"T09",2011,449,10,"X"
"T09",2011,450,1,"X"
"T09",2011,450,2,"X"
"T09",2011,450,3,"X"
"T09",2011,450,4,"X"
"T09",2011,450,5,"X"
"T09",2011,450,6,"X"
"T09",2011,450,7,"X"
"T09",2011,450,8,"X"
"T09",2011,450,9,"X"
"T09",2011,450,10,"X"
"T09",2011,500,1,"X"
"T09",2011,500,2,"X"
"T09",2011,500,3,"X"
"T09",2011,500,4,"X"
"T09",2011,500,5,"X"
"T09",2011,500,6,"X"
"T09",2011,500,7,"X"
"T09",2011,500,8,"X"
"T09",2011,500,9,"X"
"T09",2011,500,10,"X"
"T09",2011,501,1,"X"
"T09",2011,501,2,"X"
"T09",2011,501,3,"P"
"T09",2011,501,4,"X"
"T09",2011,501,5,"X"
"T09",2011,501,6,"X"
"T09",2011,501,7,"X"
"T09",2011,501,8,"X"
"T09",2011,501,9,"X"
"T09",2011,501,10,"X"
"T09",2011,502,1,"X"
"T09",2011,502,2,"X"
"T09",2011,502,3,"X"
"T09",2011,502,4,"X"
"T09",2011,502,5,"X"
"T09",2011,502,6,"X"
"T09",2011,436,10,"X"
"T09",2011,437,1,"X"
"T09",2011,437,2,"X"
"T09",2011,437,3,"X"
"T09",2011,437,4,"X"
"T09",2011,437,5,"X"
"T09",2011,437,6,"D"
"T09",2011,437,7,"D"
"T09",2011,437,8,"X"
"T09",2011,437,9,"B"
"T09",2011,437,10,"X"
"T09",2011,438,1,"X"
"T09",2011,438,2,"X"
"T09",2011,438,3,"X"
"T09",2011,438,4,"X"
"T09",2011,438,5,"X"
"T09",2011,438,6,"X"
"T09",2011,438,7,"X"
"T09",2011,438,8,"X"
"T09",2011,438,9,"X"
"T09",2011,438,10,"X"
"T09",2011,439,1,"X"
"T09",2011,439,2,"X"
"T09",2011,439,3,"X"
"T09",2011,439,4,"X"
"T09",2011,439,5,"X"
"T09",2011,439,6,"X"
"T09",2011,439,7,"X"
"T09",2011,439,8,"X"
"T09",2011,439,9,"X"
"T09",2011,439,10,"X"
"T09",2011,442,1,"X"
"T09",2011,442,2,"X"
"T09",2011,442,3,"X"
"T09",2011,442,4,"X"
"T09",2011,442,5,"X"
"T09",2011,442,6,"B"
"T09",2011,442,7,"B"
"T09",2011,442,7,"D"
"T09",2011,442,8,"X"
"T09",2011,442,9,"D"
"T09",2011,442,10,"X"
"T09",2011,445,1,"X"
"T09",2011,445,2,"X"
"T09",2011,445,3,"X"
"T09",2011,445,4,"X"
"T09",2011,445,5,"X"
"T09",2011,445,6,"X"
"T09",2011,445,7,"D"
"T09",2011,445,8,"X"
"T09",2011,445,9,"X"
"T09",2011,445,10,"X"
"T09",2011,446,1,"X"
"T09",2011,446,2,"X"
"T09",2011,446,3,"X"
"T09",2011,446,4,"X"
"T09",2011,446,5,"X"
"T09",2011,446,6,"X"
"T09",2011,446,7,"X"
"T09",2011,446,8,"X"
"T09",2011,446,9,"X"
"T09",2011,446,10,"X"
"T09",2011,447,1,"X"
"T09",2011,447,2,"X"
"T09",2011,428,7,"X"
"T09",2011,428,8,"X"
"T09",2011,428,9,"X"
"T09",2011,428,10,"D"
"T09",2011,429,1,"X"
"T09",2011,429,2,"X"
"T09",2011,429,3,"X"
"T09",2011,429,4,"X"
"T09",2011,429,5,"X"
"T09",2011,429,6,"P"
"T09",2011,429,7,"X"
"T09",2011,429,8,"X"
"T09",2011,429,9,"X"
"T09",2011,429,10,"X"
"T09",2011,431,1,"X"
"T09",2011,431,2,"X"
"T09",2011,431,3,"B"
"T09",2011,431,4,"B"
"T09",2011,431,5,"B"
"T09",2011,431,6,"D"
"T09",2011,431,6,"S"
"T09",2011,431,7,"D"
"T09",2011,431,8,"B"
"T09",2011,431,9,"X"
"T09",2011,431,10,"X"
"T09",2011,433,1,"X"
"T09",2011,433,2,"X"
"T09",2011,433,3,"X"
"T09",2011,433,4,"X"
"T09",2011,433,5,"X"
"T09",2011,433,6,"X"
"T09",2011,433,7,"X"
"T09",2011,433,8,"X"
"T09",2011,433,9,"X"
"T09",2011,433,10,"X"
"T09",2011,434,1,"X"
"T09",2011,434,2,"X"
"T09",2011,434,3,"X"
"T09",2011,434,4,"P"
"T09",2011,434,5,"P"
"T09",2011,434,6,"X"
"T09",2011,434,7,"P"
"T09",2011,434,8,"X"
"T09",2011,434,9,"X"
"T09",2011,434,10,"X"
"T09",2011,435,1,"P"
"T09",2011,435,2,"P"
"T09",2011,435,3,"P"
"T09",2011,435,4,"P"
"T09",2011,435,5,"P"
"T09",2011,435,6,"P"
"T09",2011,435,7,"P"
"T09",2011,435,8,"P"
"T09",2011,435,9,"X"
"T09",2011,435,10,"X"
"T09",2011,436,1,"X"
"T09",2011,436,2,"X"
"T09",2011,436,3,"X"
"T09",2011,436,4,"P"
"T09",2011,436,5,"X"
"T09",2011,436,6,"X"
"T09",2011,436,7,"X"
"T09",2011,436,8,"X"
"T09",2011,436,9,"P"
"T09",2011,422,3,"X"
"T09",2011,422,4,"X"
"T09",2011,422,5,"X"
"T09",2011,422,6,"X"
"T09",2011,422,7,"X"
"T09",2011,422,8,"X"
"T09",2011,422,9,"X"
"T09",2011,422,10,"X"
"T09",2011,423,1,"X"
"T09",2011,423,2,"X"
"T09",2011,423,3,"X"
"T09",2011,423,4,"X"
"T09",2011,423,5,"X"
"T09",2011,423,6,"X"
"T09",2011,423,7,"X"
"T09",2011,423,8,"X"
"T09",2011,423,9,"X"
"T09",2011,423,10,"X"
"T09",2011,424,1,"X"
"T09",2011,424,2,"X"
"T09",2011,424,3,"X"
"T09",2011,424,4,"X"
"T09",2011,424,5,"X"
"T09",2011,424,6,"X"
"T09",2011,424,7,"X"
"T09",2011,424,8,"X"
"T09",2011,424,9,"X"
"T09",2011,424,10,"X"
"T09",2011,425,1,"X"
"T09",2011,425,2,"X"
"T09",2011,425,3,"X"
"T09",2011,425,4,"X"
"T09",2011,425,5,"X"
"T09",2011,425,6,"X"
"T09",2011,425,7,"X"
"T09",2011,425,8,"X"
"T09",2011,425,9,"X"
"T09",2011,425,10,"X"
"T09",2011,426,1,"X"
"T09",2011,426,2,"X"
"T09",2011,426,3,"X"
"T09",2011,426,4,"X"
"T09",2011,426,5,"X"
"T09",2011,426,6,"X"
"T09",2011,426,7,"X"
"T09",2011,426,8,"X"
"T09",2011,426,9,"X"
"T09",2011,426,10,"X"
"T09",2011,427,1,"X"
"T09",2011,427,2,"X"
"T09",2011,427,3,"X"
"T09",2011,427,4,"X"
"T09",2011,427,5,"P"
"T09",2011,427,6,"X"
"T09",2011,427,7,"X"
"T09",2011,427,8,"X"
"T09",2011,427,9,"X"
"T09",2011,427,10,"X"
"T09",2011,428,1,"X"
"T09",2011,428,2,"P"
"T09",2011,428,3,"P"
"T09",2011,428,4,"P"
"T09",2011,428,5,"P"
"T09",2011,428,6,"X"
"T09",2011,416,2,"D"
"T09",2011,416,3,"X"
"T09",2011,416,4,"B"
"T09",2011,416,4,"D"
"T09",2011,416,5,"D"
"T09",2011,416,6,"D"
"T09",2011,416,7,"X"
"T09",2011,416,8,"B"
"T09",2011,416,8,"D"
"T09",2011,416,9,"X"
"T09",2011,416,10,"X"
"T09",2011,417,1,"X"
"T09",2011,417,2,"X"
"T09",2011,417,3,"X"
"T09",2011,417,4,"X"
"T09",2011,417,5,"X"
"T09",2011,417,6,"X"
"T09",2011,417,7,"X"
"T09",2011,417,8,"X"
"T09",2011,417,9,"X"
"T09",2011,417,10,"X"
"T09",2011,418,1,"X"
"T09",2011,418,2,"X"
"T09",2011,418,3,"X"
"T09",2011,418,4,"X"
"T09",2011,418,5,"X"
"T09",2011,418,6,"P"
"T09",2011,418,7,"P"
"T09",2011,418,8,"X"
"T09",2011,418,9,"X"
"T09",2011,418,10,"X"
"T09",2011,419,1,"X"
"T09",2011,419,2,"X"
"T09",2011,419,3,"X"
"T09",2011,419,4,"P"
"T09",2011,419,5,"P"
"T09",2011,419,6,"X"
"T09",2011,419,7,"X"
"T09",2011,419,8,"X"
"T09",2011,419,9,"X"
"T09",2011,419,10,"X"
"T09",2011,420,1,"X"
"T09",2011,420,2,"X"
"T09",2011,420,3,"X"
"T09",2011,420,4,"X"
"T09",2011,420,5,"X"
"T09",2011,420,6,"X"
"T09",2011,420,7,"X"
"T09",2011,420,8,"X"
"T09",2011,420,9,"X"
"T09",2011,420,10,"X"
"T09",2011,421,1,"B"
"T09",2011,421,1,"D"
"T09",2011,421,2,"X"
"T09",2011,421,3,"X"
"T09",2011,421,4,"X"
"T09",2011,421,5,"X"
"T09",2011,421,6,"X"
"T09",2011,421,7,"X"
"T09",2011,421,8,"X"
"T09",2011,421,9,"X"
"T09",2011,421,10,"X"
"T09",2011,422,1,"X"
"T09",2011,422,2,"X"
"T09",2011,410,1,"X"
"T09",2011,410,2,"X"
"T09",2011,410,3,"X"
"T09",2011,410,4,"X"
"T09",2011,410,5,"X"
"T09",2011,410,6,"X"
"T09",2011,410,7,"X"
"T09",2011,410,8,"X"
"T09",2011,410,9,"X"
"T09",2011,410,10,"X"
"T09",2011,411,1,"X"
"T09",2011,411,2,"X"
"T09",2011,411,3,"X"
"T09",2011,411,4,"X"
"T09",2011,411,5,"X"
"T09",2011,411,6,"X"
"T09",2011,411,7,"X"
"T09",2011,411,8,"X"
"T09",2011,411,9,"X"
"T09",2011,411,10,"X"
"T09",2011,412,1,"X"
"T09",2011,412,2,"X"
"T09",2011,412,3,"X"
"T09",2011,412,4,"X"
"T09",2011,412,5,"X"
"T09",2011,412,6,"X"
"T09",2011,412,7,"X"
"T09",2011,412,8,"D"
"T09",2011,412,9,"X"
"T09",2011,412,10,"X"
"T09",2011,413,1,"X"
"T09",2011,413,2,"X"
"T09",2011,413,3,"X"
"T09",2011,413,4,"X"
"T09",2011,413,5,"X"
"T09",2011,413,6,"X"
"T09",2011,413,7,"X"
"T09",2011,413,8,"X"
"T09",2011,413,9,"P"
"T09",2011,413,10,"X"
"T09",2011,414,1,"X"
"T09",2011,414,2,"B"
"T09",2011,414,2,"D"
"T09",2011,414,3,"X"
"T09",2011,414,4,"X"
"T09",2011,414,5,"B"
"T09",2011,414,6,"B"
"T09",2011,414,6,"D"
"T09",2011,414,7,"X"
"T09",2011,414,8,"D"
"T09",2011,414,9,"X"
"T09",2011,414,10,"X"
"T09",2011,415,1,"X"
"T09",2011,415,2,"X"
"T09",2011,415,3,"X"
"T09",2011,415,4,"X"
"T09",2011,415,5,"X"
"T09",2011,415,6,"X"
"T09",2011,415,7,"X"
"T09",2011,415,8,"B"
"T09",2011,415,8,"D"
"T09",2011,415,9,"X"
"T09",2011,415,10,"P"
"T09",2011,416,1,"X"
"T08",2011,422,8,"X"
"T08",2011,422,9,"X"
"T08",2011,422,10,"X"
"T08",2011,423,1,"X"
"T08",2011,423,2,"X"
"T08",2011,423,3,"X"
"T08",2011,423,4,"X"
"T08",2011,423,5,"X"
"T08",2011,423,6,"X"
"T08",2011,423,7,"X"
"T08",2011,423,8,"X"
"T08",2011,423,9,"X"
"T08",2011,423,10,"X"
"T09",2011,402,1,"X"
"T09",2011,402,2,"X"
"T09",2011,402,3,"X"
"T09",2011,402,4,"X"
"T09",2011,402,5,"X"
"T09",2011,402,6,"X"
"T09",2011,402,7,"X"
"T09",2011,402,8,"X"
"T09",2011,402,9,"X"
"T09",2011,402,10,"X"
"T09",2011,403,1,"X"
"T09",2011,403,2,"X"
"T09",2011,403,3,"X"
"T09",2011,403,4,"X"
"T09",2011,403,5,"X"
"T09",2011,403,6,"X"
"T09",2011,403,7,"X"
"T09",2011,403,8,"X"
"T09",2011,403,9,"X"
"T09",2011,403,10,"X"
"T09",2011,406,1,"X"
"T09",2011,406,2,"X"
"T09",2011,406,3,"X"
"T09",2011,406,4,"X"
"T09",2011,406,5,"X"
"T09",2011,406,6,"X"
"T09",2011,406,7,"X"
"T09",2011,406,8,"X"
"T09",2011,406,9,"X"
"T09",2011,406,10,"X"
"T09",2011,407,1,"B"
"T09",2011,407,2,"D"
"T09",2011,407,3,"B"
"T09",2011,407,4,"D"
"T09",2011,407,5,"B"
"T09",2011,407,5,"D"
"T09",2011,407,6,"X"
"T09",2011,407,7,"X"
"T09",2011,407,8,"X"
"T09",2011,407,9,"X"
"T09",2011,407,10,"X"
"T09",2011,409,1,"X"
"T09",2011,409,2,"X"
"T09",2011,409,3,"X"
"T09",2011,409,4,"X"
"T09",2011,409,5,"X"
"T09",2011,409,6,"X"
"T09",2011,409,7,"X"
"T09",2011,409,8,"X"
"T09",2011,409,9,"X"
"T09",2011,409,10,"X"
"T08",2011,327,4,"X"
"T08",2011,327,5,"X"
"T08",2011,327,6,"X"
"T08",2011,327,7,"X"
"T08",2011,327,8,"X"
"T08",2011,327,9,"X"
"T08",2011,327,10,"X"
"T08",2011,370,1,"X"
"T08",2011,370,2,"X"
"T08",2011,370,3,"X"
"T08",2011,370,4,"X"
"T08",2011,370,5,"X"
"T08",2011,370,6,"X"
"T08",2011,370,7,"X"
"T08",2011,370,8,"X"
"T08",2011,370,9,"X"
"T08",2011,370,10,"X"
"T08",2011,401,1,"X"
"T08",2011,401,2,"X"
"T08",2011,401,3,"X"
"T08",2011,401,4,"X"
"T08",2011,401,5,"X"
"T08",2011,401,6,"X"
"T08",2011,401,7,"X"
"T08",2011,401,8,"X"
"T08",2011,401,9,"X"
"T08",2011,401,10,"X"
"T08",2011,416,1,"X"
"T08",2011,416,2,"X"
"T08",2011,416,3,"X"
"T08",2011,416,4,"X"
"T08",2011,416,5,"X"
"T08",2011,416,6,"X"
"T08",2011,416,7,"X"
"T08",2011,416,8,"X"
"T08",2011,416,9,"X"
"T08",2011,416,10,"X"
"T08",2011,420,1,"X"
"T08",2011,420,2,"X"
"T08",2011,420,3,"X"
"T08",2011,420,4,"X"
"T08",2011,420,5,"X"
"T08",2011,420,6,"X"
"T08",2011,420,7,"X"
"T08",2011,420,8,"X"
"T08",2011,420,9,"X"
"T08",2011,420,10,"X"
"T08",2011,421,1,"X"
"T08",2011,421,2,"X"
"T08",2011,421,3,"X"
"T08",2011,421,4,"X"
"T08",2011,421,5,"X"
"T08",2011,421,6,"X"
"T08",2011,421,7,"X"
"T08",2011,421,8,"X"
"T08",2011,421,9,"X"
"T08",2011,421,10,"X"
"T08",2011,422,1,"X"
"T08",2011,422,2,"X"
"T08",2011,422,3,"X"
"T08",2011,422,4,"X"
"T08",2011,422,5,"X"
"T08",2011,422,6,"X"
"T08",2011,422,7,"X"
"T08",2011,72,10,"X"
"T08",2011,104,1,"X"
"T08",2011,104,2,"X"
"T08",2011,104,3,"X"
"T08",2011,104,4,"X"
"T08",2011,104,5,"X"
"T08",2011,104,6,"X"
"T08",2011,104,7,"X"
"T08",2011,104,8,"X"
"T08",2011,104,9,"X"
"T08",2011,104,10,"X"
"T08",2011,168,1,"X"
"T08",2011,168,2,"X"
"T08",2011,168,3,"X"
"T08",2011,168,4,"X"
"T08",2011,168,5,"X"
"T08",2011,168,6,"X"
"T08",2011,168,7,"X"
"T08",2011,168,8,"X"
"T08",2011,168,9,"X"
"T08",2011,168,10,"X"
"T08",2011,173,1,"X"
"T08",2011,173,2,"X"
"T08",2011,173,3,"X"
"T08",2011,173,4,"X"
"T08",2011,173,5,"X"
"T08",2011,173,6,"X"
"T08",2011,173,7,"X"
"T08",2011,173,8,"X"
"T08",2011,173,9,"X"
"T08",2011,173,10,"X"
"T08",2011,194,1,"X"
"T08",2011,194,2,"X"
"T08",2011,194,3,"X"
"T08",2011,194,4,"X"
"T08",2011,194,5,"X"
"T08",2011,194,6,"X"
"T08",2011,194,7,"X"
"T08",2011,194,8,"X"
"T08",2011,194,9,"X"
"T08",2011,194,10,"X"
"T08",2011,218,1,"X"
"T08",2011,218,2,"X"
"T08",2011,218,3,"X"
"T08",2011,218,4,"X"
"T08",2011,218,5,"X"
"T08",2011,218,6,"X"
"T08",2011,218,7,"X"
"T08",2011,218,8,"X"
"T08",2011,218,9,"X"
"T08",2011,218,10,"X"
"T08",2011,239,1,"X"
"T08",2011,239,2,"X"
"T08",2011,239,3,"X"
"T08",2011,239,4,"X"
"T08",2011,239,5,"X"
"T08",2011,239,6,"X"
"T08",2011,239,7,"X"
"T08",2011,239,8,"X"
"T08",2011,239,9,"X"
"T08",2011,239,10,"X"
"T08",2011,327,1,"X"
"T08",2011,327,2,"X"
"T08",2011,327,3,"X"
"T07",2011,308,6,"X"
"T07",2011,308,7,"X"
"T07",2011,308,8,"X"
"T07",2011,308,9,"X"
"T07",2011,308,10,"X"
"T07",2011,320,1,"X"
"T07",2011,320,2,"X"
"T07",2011,320,3,"X"
"T07",2011,320,4,"X"
"T07",2011,320,5,"X"
"T07",2011,320,6,"X"
"T07",2011,320,7,"X"
"T07",2011,320,8,"X"
"T07",2011,320,9,"P"
"T07",2011,320,10,"P"
"T07",2011,436,1,"X"
"T07",2011,436,2,"X"
"T07",2011,436,3,"X"
"T07",2011,436,4,"X"
"T07",2011,436,5,"X"
"T07",2011,436,6,"X"
"T07",2011,436,7,"X"
"T07",2011,436,8,"X"
"T07",2011,436,9,"X"
"T07",2011,436,10,"X"
"T07",2011,451,1,"X"
"T07",2011,451,2,"X"
"T07",2011,451,3,"X"
"T07",2011,451,4,"X"
"T07",2011,451,5,"X"
"T07",2011,451,6,"X"
"T07",2011,451,7,"X"
"T07",2011,451,8,"X"
"T07",2011,451,9,"X"
"T07",2011,451,10,"X"
"T08",2011,32,1,"X"
"T08",2011,32,2,"X"
"T08",2011,32,3,"X"
"T08",2011,32,4,"X"
"T08",2011,32,5,"X"
"T08",2011,32,6,"X"
"T08",2011,32,7,"X"
"T08",2011,32,8,"X"
"T08",2011,32,9,"X"
"T08",2011,32,10,"X"
"T08",2011,61,1,"X"
"T08",2011,61,2,"X"
"T08",2011,61,3,"X"
"T08",2011,61,4,"X"
"T08",2011,61,5,"X"
"T08",2011,61,6,"X"
"T08",2011,61,7,"X"
"T08",2011,61,8,"X"
"T08",2011,61,9,"X"
"T08",2011,61,10,"X"
"T08",2011,72,1,"X"
"T08",2011,72,2,"X"
"T08",2011,72,3,"X"
"T08",2011,72,4,"X"
"T08",2011,72,5,"X"
"T08",2011,72,6,"X"
"T08",2011,72,7,"X"
"T08",2011,72,8,"X"
"T08",2011,72,9,"X"
"T07",2011,152,3,"X"
"T07",2011,152,4,"X"
"T07",2011,152,5,"X"
"T07",2011,152,6,"X"
"T07",2011,152,7,"X"
"T07",2011,152,8,"X"
"T07",2011,152,9,"X"
"T07",2011,152,10,"X"
"T07",2011,156,1,"X"
"T07",2011,156,2,"X"
"T07",2011,156,3,"X"
"T07",2011,156,4,"X"
"T07",2011,156,5,"X"
"T07",2011,156,6,"X"
"T07",2011,156,7,"X"
"T07",2011,156,8,"X"
"T07",2011,156,9,"X"
"T07",2011,156,10,"X"
"T07",2011,272,1,"X"
"T07",2011,272,2,"X"
"T07",2011,272,3,"X"
"T07",2011,272,4,"X"
"T07",2011,272,5,"P"
"T07",2011,272,6,"P"
"T07",2011,272,7,"X"
"T07",2011,272,8,"X"
"T07",2011,272,9,"X"
"T07",2011,272,10,"X"
"T07",2011,277,1,"X"
"T07",2011,277,2,"B"
"T07",2011,277,2,"S"
"T07",2011,277,3,"X"
"T07",2011,277,4,"X"
"T07",2011,277,5,"X"
"T07",2011,277,6,"X"
"T07",2011,277,7,"X"
"T07",2011,277,8,"X"
"T07",2011,277,9,"X"
"T07",2011,277,10,"X"
"T07",2011,278,1,"X"
"T07",2011,278,2,"X"
"T07",2011,278,3,"X"
"T07",2011,278,4,"X"
"T07",2011,278,5,"X"
"T07",2011,278,6,"X"
"T07",2011,278,7,"X"
"T07",2011,278,8,"X"
"T07",2011,278,9,"X"
"T07",2011,278,10,"X"
"T07",2011,305,1,"X"
"T07",2011,305,2,"X"
"T07",2011,305,3,"X"
"T07",2011,305,4,"X"
"T07",2011,305,5,"X"
"T07",2011,305,6,"X"
"T07",2011,305,7,"X"
"T07",2011,305,8,"X"
"T07",2011,305,9,"X"
"T07",2011,305,10,"X"
"T07",2011,308,1,"X"
"T07",2011,308,2,"X"
"T07",2011,308,3,"X"
"T07",2011,308,4,"X"
"T07",2011,308,5,"X"
"T07",2011,2,9,"X"
"T07",2011,2,10,"X"
"T07",2011,6,1,"P"
"T07",2011,6,2,"P"
"T07",2011,6,3,"P"
"T07",2011,6,4,"X"
"T07",2011,6,5,"X"
"T07",2011,6,6,"X"
"T07",2011,6,7,"X"
"T07",2011,6,8,"X"
"T07",2011,6,9,"X"
"T07",2011,6,10,"X"
"T07",2011,30,1,"X"
"T07",2011,30,2,"X"
"T07",2011,30,3,"X"
"T07",2011,30,4,"X"
"T07",2011,30,5,"X"
"T07",2011,30,6,"X"
"T07",2011,30,7,"X"
"T07",2011,30,8,"X"
"T07",2011,30,9,"X"
"T07",2011,30,10,"X"
"T07",2011,47,1,"X"
"T07",2011,47,2,"X"
"T07",2011,47,3,"X"
"T07",2011,47,4,"X"
"T07",2011,47,5,"X"
"T07",2011,47,6,"X"
"T07",2011,47,7,"X"
"T07",2011,47,8,"X"
"T07",2011,47,9,"X"
"T07",2011,47,10,"X"
"T07",2011,59,1,"X"
"T07",2011,59,2,"X"
"T07",2011,59,3,"X"
"T07",2011,59,4,"X"
"T07",2011,59,5,"X"
"T07",2011,59,6,"X"
"T07",2011,59,7,"X"
"T07",2011,59,8,"X"
"T07",2011,59,9,"X"
"T07",2011,59,10,"X"
"T07",2011,102,1,"X"
"T07",2011,102,2,"X"
"T07",2011,102,3,"X"
"T07",2011,102,4,"X"
"T07",2011,102,5,"X"
"T07",2011,102,6,"X"
"T07",2011,102,7,"X"
"T07",2011,102,8,"X"
"T07",2011,102,9,"X"
"T07",2011,102,10,"X"
"T07",2011,151,1,"X"
"T07",2011,151,2,"X"
"T07",2011,151,3,"X"
"T07",2011,151,4,"X"
"T07",2011,151,5,"X"
"T07",2011,151,6,"X"
"T07",2011,151,7,"X"
"T07",2011,151,8,"X"
"T07",2011,151,9,"X"
"T07",2011,151,10,"X"
"T07",2011,152,1,"X"
"T07",2011,152,2,"X"
"T05",2011,332,5,"X"
"T05",2011,332,6,"X"
"T05",2011,332,7,"X"
"T05",2011,332,8,"X"
"T05",2011,332,9,"X"
"T05",2011,332,10,"X"
"T05",2011,334,1,"X"
"T05",2011,334,2,"X"
"T05",2011,334,3,"X"
"T05",2011,334,4,"X"
"T05",2011,334,5,"X"
"T05",2011,334,6,"X"
"T05",2011,334,7,"X"
"T05",2011,334,8,"X"
"T05",2011,334,9,"X"
"T05",2011,334,10,"X"
"T05",2011,336,1,"X"
"T05",2011,336,2,"X"
"T05",2011,336,3,"X"
"T05",2011,336,4,"X"
"T05",2011,336,5,"X"
"T05",2011,336,6,"X"
"T05",2011,336,7,"X"
"T05",2011,336,8,"X"
"T05",2011,336,9,"X"
"T05",2011,336,10,"X"
"T05",2011,343,1,"X"
"T05",2011,343,2,"X"
"T05",2011,343,3,"X"
"T05",2011,343,4,"X"
"T05",2011,343,5,"X"
"T05",2011,343,6,"X"
"T05",2011,343,7,"X"
"T05",2011,343,8,"X"
"T05",2011,343,9,"X"
"T05",2011,343,10,"X"
"T05",2011,344,1,"X"
"T05",2011,344,2,"X"
"T05",2011,344,3,"X"
"T05",2011,344,4,"X"
"T05",2011,344,5,"X"
"T05",2011,344,6,"X"
"T05",2011,344,7,"X"
"T05",2011,344,8,"X"
"T05",2011,344,9,"X"
"T05",2011,344,10,"X"
"T07",2011,1,1,"X"
"T07",2011,1,2,"X"
"T07",2011,1,3,"X"
"T07",2011,1,4,"X"
"T07",2011,1,5,"X"
"T07",2011,1,6,"X"
"T07",2011,1,7,"X"
"T07",2011,1,8,"X"
"T07",2011,1,9,"X"
"T07",2011,1,10,"X"
"T07",2011,2,1,"X"
"T07",2011,2,2,"X"
"T07",2011,2,3,"X"
"T07",2011,2,4,"X"
"T07",2011,2,5,"X"
"T07",2011,2,6,"X"
"T07",2011,2,7,"X"
"T07",2011,2,8,"X"
"T05",2011,210,1,"X"
"T05",2011,210,2,"X"
"T05",2011,210,3,"X"
"T05",2011,210,4,"X"
"T05",2011,210,5,"X"
"T05",2011,210,6,"X"
"T05",2011,210,7,"X"
"T05",2011,210,8,"X"
"T05",2011,210,9,"X"
"T05",2011,210,10,"X"
"T05",2011,256,1,"X"
"T05",2011,256,2,"X"
"T05",2011,256,3,"X"
"T05",2011,256,4,"X"
"T05",2011,256,5,"X"
"T05",2011,256,6,"X"
"T05",2011,256,7,"X"
"T05",2011,256,8,"X"
"T05",2011,256,9,"X"
"T05",2011,256,10,"X"
"T05",2011,289,1,"X"
"T05",2011,289,2,"X"
"T05",2011,289,3,"X"
"T05",2011,289,4,"X"
"T05",2011,289,5,"X"
"T05",2011,289,6,"X"
"T05",2011,289,7,"X"
"T05",2011,289,8,"X"
"T05",2011,289,9,"X"
"T05",2011,289,10,"X"
"T05",2011,318,1,"X"
"T05",2011,318,2,"X"
"T05",2011,318,3,"X"
"T05",2011,318,4,"X"
"T05",2011,318,5,"X"
"T05",2011,318,6,"X"
"T05",2011,318,7,"X"
"T05",2011,318,8,"X"
"T05",2011,318,9,"X"
"T05",2011,318,10,"X"
"T05",2011,323,1,"X"
"T05",2011,323,2,"X"
"T05",2011,323,3,"X"
"T05",2011,323,4,"X"
"T05",2011,323,5,"X"
"T05",2011,323,6,"X"
"T05",2011,323,7,"X"
"T05",2011,323,8,"X"
"T05",2011,323,9,"X"
"T05",2011,323,10,"X"
"T05",2011,329,1,"X"
"T05",2011,329,2,"X"
"T05",2011,329,3,"X"
"T05",2011,329,4,"X"
"T05",2011,329,5,"X"
"T05",2011,329,6,"X"
"T05",2011,329,7,"X"
"T05",2011,329,8,"X"
"T05",2011,329,9,"X"
"T05",2011,329,10,"X"
"T05",2011,332,1,"X"
"T05",2011,332,2,"X"
"T05",2011,332,3,"X"
"T05",2011,332,4,"X"
"T04",2011,800,7,"X"
"T04",2011,800,8,"X"
"T04",2011,800,9,"X"
"T04",2011,800,10,"X"
"T04",2011,801,1,"X"
"T04",2011,801,2,"X"
"T04",2011,801,3,"X"
"T04",2011,801,4,"X"
"T04",2011,801,5,"X"
"T04",2011,801,6,"X"
"T04",2011,801,7,"X"
"T04",2011,801,8,"X"
"T04",2011,801,9,"X"
"T04",2011,801,10,"X"
"T05",2011,9,1,"X"
"T05",2011,9,2,"X"
"T05",2011,9,3,"X"
"T05",2011,9,4,"X"
"T05",2011,9,5,"X"
"T05",2011,9,6,"X"
"T05",2011,9,7,"X"
"T05",2011,9,8,"X"
"T05",2011,9,9,"X"
"T05",2011,9,10,"X"
"T05",2011,26,1,"X"
"T05",2011,26,2,"X"
"T05",2011,26,3,"X"
"T05",2011,26,4,"X"
"T05",2011,26,5,"X"
"T05",2011,26,6,"X"
"T05",2011,26,7,"X"
"T05",2011,26,8,"X"
"T05",2011,26,9,"X"
"T05",2011,26,10,"X"
"T05",2011,51,1,"X"
"T05",2011,51,2,"X"
"T05",2011,51,3,"X"
"T05",2011,51,4,"X"
"T05",2011,51,5,"X"
"T05",2011,51,6,"X"
"T05",2011,51,7,"X"
"T05",2011,51,8,"X"
"T05",2011,51,9,"X"
"T05",2011,51,10,"X"
"T05",2011,91,1,"X"
"T05",2011,91,2,"X"
"T05",2011,91,3,"X"
"T05",2011,91,4,"X"
"T05",2011,91,5,"X"
"T05",2011,91,6,"X"
"T05",2011,91,7,"X"
"T05",2011,91,8,"X"
"T05",2011,91,9,"X"
"T05",2011,91,10,"X"
"T05",2011,118,1,"X"
"T05",2011,118,2,"X"
"T05",2011,118,3,"X"
"T05",2011,118,4,"X"
"T05",2011,118,5,"X"
"T05",2011,118,6,"X"
"T05",2011,118,7,"X"
"T05",2011,118,8,"X"
"T05",2011,118,9,"X"
"T05",2011,118,10,"X"
"T04",2011,501,3,"X"
"T04",2011,501,4,"X"
"T04",2011,501,5,"X"
"T04",2011,501,6,"X"
"T04",2011,501,7,"X"
"T04",2011,501,8,"X"
"T04",2011,501,9,"X"
"T04",2011,501,10,"X"
"T04",2011,502,1,"X"
"T04",2011,502,2,"X"
"T04",2011,502,3,"X"
"T04",2011,502,4,"X"
"T04",2011,502,5,"X"
"T04",2011,502,6,"X"
"T04",2011,502,7,"X"
"T04",2011,502,8,"X"
"T04",2011,502,9,"X"
"T04",2011,502,10,"X"
"T04",2011,505,1,"X"
"T04",2011,505,2,"X"
"T04",2011,505,3,"X"
"T04",2011,505,4,"X"
"T04",2011,505,5,"X"
"T04",2011,505,6,"X"
"T04",2011,505,7,"X"
"T04",2011,505,8,"X"
"T04",2011,505,9,"X"
"T04",2011,505,10,"X"
"T04",2011,507,1,"X"
"T04",2011,507,2,"X"
"T04",2011,507,3,"X"
"T04",2011,507,4,"X"
"T04",2011,507,5,"X"
"T04",2011,507,6,"X"
"T04",2011,507,7,"X"
"T04",2011,507,8,"X"
"T04",2011,507,9,"X"
"T04",2011,507,10,"X"
"T04",2011,509,1,"X"
"T04",2011,509,2,"X"
"T04",2011,509,3,"X"
"T04",2011,509,4,"X"
"T04",2011,509,5,"X"
"T04",2011,509,6,"X"
"T04",2011,509,7,"X"
"T04",2011,509,8,"X"
"T04",2011,509,9,"X"
"T04",2011,509,10,"X"
"T04",2011,611,1,"X"
"T04",2011,611,2,"X"
"T04",2011,611,3,"X"
"T04",2011,611,4,"X"
"T04",2011,611,5,"X"
"T04",2011,611,6,"X"
"T04",2011,611,7,"X"
"T04",2011,611,8,"X"
"T04",2011,611,9,"X"
"T04",2011,611,10,"X"
"T04",2011,800,1,"X"
"T04",2011,800,2,"X"
"T04",2011,800,3,"X"
"T04",2011,800,4,"X"
"T04",2011,800,5,"X"
"T04",2011,800,6,"X"
"T04",2011,428,9,"X"
"T04",2011,428,10,"X"
"T04",2011,429,1,"X"
"T04",2011,429,2,"X"
"T04",2011,429,3,"X"
"T04",2011,429,4,"X"
"T04",2011,429,5,"X"
"T04",2011,429,6,"X"
"T04",2011,429,7,"X"
"T04",2011,429,8,"X"
"T04",2011,429,9,"X"
"T04",2011,429,10,"D"
"T04",2011,444,1,"X"
"T04",2011,444,2,"X"
"T04",2011,444,3,"X"
"T04",2011,444,4,"X"
"T04",2011,444,5,"X"
"T04",2011,444,6,"X"
"T04",2011,444,7,"X"
"T04",2011,444,8,"X"
"T04",2011,444,9,"X"
"T04",2011,444,10,"X"
"T04",2011,449,1,"X"
"T04",2011,449,2,"X"
"T04",2011,449,3,"X"
"T04",2011,449,4,"X"
"T04",2011,449,5,"X"
"T04",2011,449,6,"X"
"T04",2011,449,7,"X"
"T04",2011,449,8,"X"
"T04",2011,449,9,"X"
"T04",2011,449,10,"X"
"T04",2011,450,1,"X"
"T04",2011,450,2,"X"
"T04",2011,450,3,"X"
"T04",2011,450,4,"X"
"T04",2011,450,5,"X"
"T04",2011,450,6,"X"
"T04",2011,450,7,"X"
"T04",2011,450,8,"X"
"T04",2011,450,9,"X"
"T04",2011,450,10,"X"
"T04",2011,454,1,"X"
"T04",2011,454,2,"X"
"T04",2011,454,3,"X"
"T04",2011,454,4,"X"
"T04",2011,454,5,"X"
"T04",2011,454,6,"X"
"T04",2011,454,7,"X"
"T04",2011,454,8,"X"
"T04",2011,454,9,"X"
"T04",2011,454,10,"X"
"T04",2011,500,1,"X"
"T04",2011,500,2,"X"
"T04",2011,500,3,"X"
"T04",2011,500,4,"X"
"T04",2011,500,5,"X"
"T04",2011,500,6,"X"
"T04",2011,500,7,"X"
"T04",2011,500,8,"X"
"T04",2011,500,9,"X"
"T04",2011,500,10,"X"
"T04",2011,501,1,"X"
"T04",2011,501,2,"X"
"T04",2011,396,5,"X"
"T04",2011,396,6,"X"
"T04",2011,396,7,"X"
"T04",2011,396,8,"X"
"T04",2011,396,9,"X"
"T04",2011,396,10,"X"
"T04",2011,399,1,"X"
"T04",2011,399,2,"X"
"T04",2011,399,3,"X"
"T04",2011,399,4,"X"
"T04",2011,399,5,"X"
"T04",2011,399,6,"X"
"T04",2011,399,7,"X"
"T04",2011,399,8,"X"
"T04",2011,399,9,"X"
"T04",2011,399,10,"X"
"T04",2011,402,1,"X"
"T04",2011,402,2,"X"
"T04",2011,402,3,"X"
"T04",2011,402,4,"X"
"T04",2011,402,5,"X"
"T04",2011,402,6,"X"
"T04",2011,402,7,"X"
"T04",2011,402,8,"X"
"T04",2011,402,9,"X"
"T04",2011,402,10,"X"
"T04",2011,404,1,"X"
"T04",2011,404,2,"X"
"T04",2011,404,3,"X"
"T04",2011,404,4,"X"
"T04",2011,404,5,"X"
"T04",2011,404,6,"X"
"T04",2011,404,7,"X"
"T04",2011,404,8,"X"
"T04",2011,404,9,"X"
"T04",2011,404,10,"X"
"T04",2011,411,1,"X"
"T04",2011,411,2,"X"
"T04",2011,411,3,"X"
"T04",2011,411,4,"X"
"T04",2011,411,5,"X"
"T04",2011,411,6,"X"
"T04",2011,411,7,"X"
"T04",2011,411,8,"X"
"T04",2011,411,9,"X"
"T04",2011,411,10,"X"
"T04",2011,419,1,"X"
"T04",2011,419,2,"X"
"T04",2011,419,3,"X"
"T04",2011,419,4,"X"
"T04",2011,419,5,"X"
"T04",2011,419,6,"X"
"T04",2011,419,7,"X"
"T04",2011,419,8,"X"
"T04",2011,419,9,"X"
"T04",2011,419,10,"X"
"T04",2011,428,1,"X"
"T04",2011,428,2,"X"
"T04",2011,428,3,"X"
"T04",2011,428,4,"X"
"T04",2011,428,5,"X"
"T04",2011,428,6,"X"
"T04",2011,428,7,"X"
"T04",2011,428,8,"X"
"T04",2011,310,1,"X"
"T04",2011,310,2,"X"
"T04",2011,310,3,"X"
"T04",2011,310,4,"X"
"T04",2011,310,5,"X"
"T04",2011,310,6,"X"
"T04",2011,310,7,"X"
"T04",2011,310,8,"X"
"T04",2011,310,9,"X"
"T04",2011,310,10,"X"
"T04",2011,326,1,"X"
"T04",2011,326,2,"X"
"T04",2011,326,3,"X"
"T04",2011,326,4,"X"
"T04",2011,326,5,"F"
"T04",2011,326,6,"X"
"T04",2011,326,7,"X"
"T04",2011,326,8,"F"
"T04",2011,326,9,"X"
"T04",2011,326,10,"X"
"T04",2011,348,1,"X"
"T04",2011,348,2,"X"
"T04",2011,348,3,"X"
"T04",2011,348,4,"X"
"T04",2011,348,5,"X"
"T04",2011,348,6,"X"
"T04",2011,348,7,"X"
"T04",2011,348,8,"X"
"T04",2011,348,9,"X"
"T04",2011,348,10,"X"
"T04",2011,371,1,"X"
"T04",2011,371,2,"X"
"T04",2011,371,3,"X"
"T04",2011,371,4,"X"
"T04",2011,371,5,"X"
"T04",2011,371,6,"X"
"T04",2011,371,7,"X"
"T04",2011,371,8,"X"
"T04",2011,371,9,"X"
"T04",2011,371,10,"X"
"T04",2011,372,1,"X"
"T04",2011,372,2,"X"
"T04",2011,372,3,"X"
"T04",2011,372,4,"X"
"T04",2011,372,5,"X"
"T04",2011,372,6,"X"
"T04",2011,372,7,"X"
"T04",2011,372,8,"X"
"T04",2011,372,9,"X"
"T04",2011,372,10,"X"
"T04",2011,390,1,"X"
"T04",2011,390,2,"X"
"T04",2011,390,3,"X"
"T04",2011,390,4,"X"
"T04",2011,390,5,"X"
"T04",2011,390,6,"X"
"T04",2011,390,7,"X"
"T04",2011,390,8,"X"
"T04",2011,390,9,"X"
"T04",2011,390,10,"X"
"T04",2011,396,1,"X"
"T04",2011,396,2,"X"
"T04",2011,396,3,"X"
"T04",2011,396,4,"X"
"T04",2011,184,7,"X"
"T04",2011,184,8,"X"
"T04",2011,184,9,"X"
"T04",2011,184,10,"X"
"T04",2011,206,1,"X"
"T04",2011,206,2,"X"
"T04",2011,206,3,"X"
"T04",2011,206,4,"X"
"T04",2011,206,5,"X"
"T04",2011,206,6,"X"
"T04",2011,206,7,"X"
"T04",2011,206,8,"X"
"T04",2011,206,9,"X"
"T04",2011,206,10,"X"
"T04",2011,226,1,"X"
"T04",2011,226,2,"X"
"T04",2011,226,3,"X"
"T04",2011,226,4,"X"
"T04",2011,226,5,"X"
"T04",2011,226,6,"X"
"T04",2011,226,7,"X"
"T04",2011,226,8,"X"
"T04",2011,226,9,"X"
"T04",2011,226,10,"X"
"T04",2011,247,1,"X"
"T04",2011,247,2,"X"
"T04",2011,247,3,"X"
"T04",2011,247,4,"X"
"T04",2011,247,5,"X"
"T04",2011,247,6,"X"
"T04",2011,247,7,"X"
"T04",2011,247,8,"X"
"T04",2011,247,9,"X"
"T04",2011,247,10,"X"
"T04",2011,251,1,"X"
"T04",2011,251,2,"X"
"T04",2011,251,3,"X"
"T04",2011,251,4,"X"
"T04",2011,251,5,"X"
"T04",2011,251,6,"X"
"T04",2011,251,7,"X"
"T04",2011,251,8,"X"
"T04",2011,251,9,"X"
"T04",2011,251,10,"X"
"T04",2011,254,1,"X"
"T04",2011,254,2,"X"
"T04",2011,254,3,"X"
"T04",2011,254,4,"X"
"T04",2011,254,5,"X"
"T04",2011,254,6,"X"
"T04",2011,254,7,"X"
"T04",2011,254,8,"X"
"T04",2011,254,9,"X"
"T04",2011,254,10,"X"
"T04",2011,307,1,"X"
"T04",2011,307,2,"X"
"T04",2011,307,3,"X"
"T04",2011,307,4,"X"
"T04",2011,307,5,"X"
"T04",2011,307,6,"X"
"T04",2011,307,7,"X"
"T04",2011,307,8,"X"
"T04",2011,307,9,"X"
"T04",2011,307,10,"X"
"T04",2011,21,3,"X"
"T04",2011,21,4,"X"
"T04",2011,21,5,"X"
"T04",2011,21,6,"X"
"T04",2011,21,7,"X"
"T04",2011,21,8,"X"
"T04",2011,21,9,"X"
"T04",2011,21,10,"X"
"T04",2011,61,1,"X"
"T04",2011,61,2,"X"
"T04",2011,61,3,"X"
"T04",2011,61,4,"X"
"T04",2011,61,5,"X"
"T04",2011,61,6,"X"
"T04",2011,61,7,"X"
"T04",2011,61,8,"X"
"T04",2011,61,9,"X"
"T04",2011,61,10,"X"
"T04",2011,71,1,"X"
"T04",2011,71,2,"X"
"T04",2011,71,3,"X"
"T04",2011,71,4,"X"
"T04",2011,71,5,"X"
"T04",2011,71,6,"X"
"T04",2011,71,7,"X"
"T04",2011,71,8,"X"
"T04",2011,71,9,"X"
"T04",2011,71,10,"X"
"T04",2011,78,1,"X"
"T04",2011,78,2,"X"
"T04",2011,78,3,"X"
"T04",2011,78,4,"X"
"T04",2011,78,5,"X"
"T04",2011,78,6,"X"
"T04",2011,78,7,"X"
"T04",2011,78,8,"X"
"T04",2011,78,9,"X"
"T04",2011,78,10,"X"
"T04",2011,138,1,"X"
"T04",2011,138,2,"X"
"T04",2011,138,3,"X"
"T04",2011,138,4,"X"
"T04",2011,138,5,"X"
"T04",2011,138,6,"X"
"T04",2011,138,7,"X"
"T04",2011,138,8,"X"
"T04",2011,138,9,"X"
"T04",2011,138,10,"X"
"T04",2011,164,1,"X"
"T04",2011,164,2,"X"
"T04",2011,164,3,"X"
"T04",2011,164,4,"X"
"T04",2011,164,5,"X"
"T04",2011,164,6,"X"
"T04",2011,164,7,"X"
"T04",2011,164,8,"X"
"T04",2011,164,9,"X"
"T04",2011,164,10,"X"
"T04",2011,184,1,"X"
"T04",2011,184,2,"X"
"T04",2011,184,3,"X"
"T04",2011,184,4,"X"
"T04",2011,184,5,"X"
"T04",2011,184,6,"X"
"T02",2011,442,9,"X"
"T02",2011,442,10,"X"
"T02",2011,443,1,"X"
"T02",2011,443,2,"X"
"T02",2011,443,3,"X"
"T02",2011,443,4,"X"
"T02",2011,443,5,"X"
"T02",2011,443,6,"X"
"T02",2011,443,7,"P"
"T02",2011,443,8,"P"
"T02",2011,443,9,"P"
"T02",2011,443,10,"X"
"T04",2011,1,1,"X"
"T04",2011,1,2,"X"
"T04",2011,1,3,"X"
"T04",2011,1,4,"X"
"T04",2011,1,5,"X"
"T04",2011,1,6,"X"
"T04",2011,1,7,"X"
"T04",2011,1,8,"X"
"T04",2011,1,9,"X"
"T04",2011,1,10,"X"
"T04",2011,2,1,"X"
"T04",2011,2,2,"X"
"T04",2011,2,3,"X"
"T04",2011,2,4,"X"
"T04",2011,2,5,"X"
"T04",2011,2,6,"X"
"T04",2011,2,7,"X"
"T04",2011,2,8,"X"
"T04",2011,2,9,"X"
"T04",2011,2,10,"X"
"T04",2011,13,1,"X"
"T04",2011,13,2,"X"
"T04",2011,13,3,"X"
"T04",2011,13,4,"X"
"T04",2011,13,5,"X"
"T04",2011,13,6,"X"
"T04",2011,13,7,"X"
"T04",2011,13,8,"X"
"T04",2011,13,9,"X"
"T04",2011,13,10,"X"
"T04",2011,16,1,"X"
"T04",2011,16,2,"X"
"T04",2011,16,3,"X"
"T04",2011,16,4,"X"
"T04",2011,16,5,"X"
"T04",2011,16,6,"X"
"T04",2011,16,7,"X"
"T04",2011,16,8,"X"
"T04",2011,16,9,"X"
"T04",2011,16,10,"X"
"T04",2011,19,1,"X"
"T04",2011,19,2,"X"
"T04",2011,19,3,"X"
"T04",2011,19,4,"X"
"T04",2011,19,5,"X"
"T04",2011,19,6,"X"
"T04",2011,19,7,"X"
"T04",2011,19,8,"X"
"T04",2011,19,9,"X"
"T04",2011,19,10,"X"
"T04",2011,21,1,"X"
"T04",2011,21,2,"X"
"T02",2011,436,5,"X"
"T02",2011,436,6,"X"
"T02",2011,436,7,"X"
"T02",2011,436,8,"X"
"T02",2011,436,9,"X"
"T02",2011,436,10,"X"
"T02",2011,437,1,"X"
"T02",2011,437,2,"X"
"T02",2011,437,3,"X"
"T02",2011,437,4,"X"
"T02",2011,437,5,"X"
"T02",2011,437,6,"X"
"T02",2011,437,7,"X"
"T02",2011,437,8,"X"
"T02",2011,437,9,"X"
"T02",2011,437,10,"X"
"T02",2011,438,1,"X"
"T02",2011,438,2,"X"
"T02",2011,438,3,"X"
"T02",2011,438,4,"X"
"T02",2011,438,5,"X"
"T02",2011,438,6,"X"
"T02",2011,438,7,"X"
"T02",2011,438,8,"X"
"T02",2011,438,9,"X"
"T02",2011,438,10,"X"
"T02",2011,439,1,"X"
"T02",2011,439,2,"X"
"T02",2011,439,3,"X"
"T02",2011,439,4,"X"
"T02",2011,439,5,"X"
"T02",2011,439,6,"X"
"T02",2011,439,7,"X"
"T02",2011,439,8,"X"
"T02",2011,439,9,"X"
"T02",2011,439,10,"X"
"T02",2011,440,1,"X"
"T02",2011,440,2,"X"
"T02",2011,440,3,"X"
"T02",2011,440,4,"X"
"T02",2011,440,5,"X"
"T02",2011,440,6,"X"
"T02",2011,440,7,"X"
"T02",2011,440,8,"X"
"T02",2011,440,9,"X"
"T02",2011,440,10,"X"
"T02",2011,441,1,"X"
"T02",2011,441,2,"X"
"T02",2011,441,3,"X"
"T02",2011,441,4,"X"
"T02",2011,441,5,"X"
"T02",2011,441,6,"X"
"T02",2011,441,7,"X"
"T02",2011,441,8,"X"
"T02",2011,441,9,"X"
"T02",2011,441,10,"X"
"T02",2011,442,1,"X"
"T02",2011,442,2,"X"
"T02",2011,442,3,"X"
"T02",2011,442,4,"X"
"T02",2011,442,5,"X"
"T02",2011,442,6,"X"
"T02",2011,442,7,"X"
"T02",2011,442,8,"X"
"T02",2011,384,1,"X"
"T02",2011,384,2,"X"
"T02",2011,384,3,"X"
"T02",2011,384,4,"X"
"T02",2011,384,5,"X"
"T02",2011,384,6,"X"
"T02",2011,384,7,"P"
"T02",2011,384,8,"X"
"T02",2011,384,9,"X"
"T02",2011,384,10,"X"
"T02",2011,396,1,"X"
"T02",2011,396,2,"X"
"T02",2011,396,3,"X"
"T02",2011,396,4,"X"
"T02",2011,396,5,"X"
"T02",2011,396,6,"X"
"T02",2011,396,7,"X"
"T02",2011,396,8,"X"
"T02",2011,396,9,"X"
"T02",2011,396,10,"X"
"T02",2011,424,1,"X"
"T02",2011,424,2,"X"
"T02",2011,424,3,"X"
"T02",2011,424,4,"X"
"T02",2011,424,5,"X"
"T02",2011,424,6,"X"
"T02",2011,424,7,"X"
"T02",2011,424,8,"X"
"T02",2011,424,9,"X"
"T02",2011,424,10,"X"
"T02",2011,428,1,"X"
"T02",2011,428,2,"X"
"T02",2011,428,3,"X"
"T02",2011,428,4,"X"
"T02",2011,428,5,"X"
"T02",2011,428,6,"X"
"T02",2011,428,7,"X"
"T02",2011,428,8,"X"
"T02",2011,428,9,"X"
"T02",2011,428,10,"X"
"T02",2011,434,1,"X"
"T02",2011,434,2,"X"
"T02",2011,434,3,"X"
"T02",2011,434,4,"X"
"T02",2011,434,5,"X"
"T02",2011,434,6,"X"
"T02",2011,434,7,"X"
"T02",2011,434,8,"X"
"T02",2011,434,9,"X"
"T02",2011,434,10,"X"
"T02",2011,435,1,"X"
"T02",2011,435,2,"X"
"T02",2011,435,3,"X"
"T02",2011,435,4,"X"
"T02",2011,435,5,"X"
"T02",2011,435,6,"X"
"T02",2011,435,7,"X"
"T02",2011,435,8,"X"
"T02",2011,435,9,"X"
"T02",2011,435,10,"X"
"T02",2011,436,1,"X"
"T02",2011,436,2,"X"
"T02",2011,436,3,"X"
"T02",2011,436,4,"X"
"T11",2012,902,3,"X"
"T11",2012,902,4,"X"
"T11",2012,902,5,"X"
"T11",2012,902,6,"X"
"T11",2012,902,7,"X"
"T11",2012,902,8,"X"
"T11",2012,902,9,"X"
"T11",2012,902,10,"X"
"T11",2012,913,1,"X"
"T11",2012,913,2,"X"
"T11",2012,913,3,"X"
"T11",2012,913,4,"X"
"T11",2012,913,5,"X"
"T11",2012,913,6,"X"
"T11",2012,913,7,"X"
"T11",2012,913,8,"X"
"T11",2012,913,9,"X"
"T11",2012,913,10,"X"
"T11",2012,914,1,"X"
"T11",2012,914,2,"X"
"T11",2012,914,3,"X"
"T11",2012,914,4,"X"
"T11",2012,914,5,"P"
"T11",2012,914,6,"X"
"T11",2012,914,7,"P"
"T11",2012,914,8,"X"
"T11",2012,914,9,"P"
"T11",2012,914,10,"X"
"T11",2012,916,1,"X"
"T11",2012,916,2,"X"
"T11",2012,916,3,"X"
"T11",2012,916,4,"X"
"T11",2012,916,5,"X"
"T11",2012,916,6,"X"
"T11",2012,916,7,"X"
"T11",2012,916,8,"X"
"T11",2012,916,9,"X"
"T11",2012,916,10,"X"
"T08",2012,401,9,"X"
"T08",2012,401,10,"X"
"T08",2012,416,1,"X"
"T08",2012,416,2,"X"
"T08",2012,416,3,"X"
"T08",2012,416,4,"X"
"T08",2012,416,5,"X"
"T08",2012,416,6,"X"
"T08",2012,416,7,"X"
"T08",2012,416,8,"X"
"T08",2012,416,9,"X"
"T08",2012,416,10,"X"
"T08",2012,420,1,"X"
"T08",2012,420,2,"X"
"T08",2012,420,3,"X"
"T08",2012,420,4,"X"
"T08",2012,420,5,"X"
"T08",2012,420,6,"X"
"T08",2012,420,7,"X"
"T08",2012,420,8,"X"
"T08",2012,420,9,"X"
"T08",2012,420,10,"X"
"T08",2012,421,1,"X"
"T08",2012,421,2,"X"
"T08",2012,421,3,"X"
"T08",2012,421,4,"X"
"T08",2012,421,5,"X"
"T08",2012,421,6,"X"
"T08",2012,421,7,"X"
"T08",2012,421,8,"X"
"T08",2012,421,9,"X"
"T08",2012,421,10,"X"
"T08",2012,422,1,"X"
"T08",2012,422,2,"X"
"T08",2012,422,3,"X"
"T08",2012,422,4,"X"
"T08",2012,422,5,"X"
"T08",2012,422,6,"X"
"T08",2012,422,7,"X"
"T08",2012,422,8,"X"
"T08",2012,422,9,"X"
"T08",2012,422,10,"X"
"T08",2012,423,1,"X"
"T08",2012,423,2,"P"
"T08",2012,423,3,"X"
"T08",2012,423,4,"X"
"T08",2012,423,5,"X"
"T08",2012,423,6,"X"
"T08",2012,423,7,"X"
"T08",2012,423,8,"X"
"T08",2012,423,9,"X"
"T08",2012,423,10,"P"
"T11",2012,901,1,"X"
"T11",2012,901,2,"X"
"T11",2012,901,3,"X"
"T11",2012,901,4,"X"
"T11",2012,901,5,"X"
"T11",2012,901,6,"X"
"T11",2012,901,7,"X"
"T11",2012,901,8,"X"
"T11",2012,901,9,"X"
"T11",2012,901,10,"X"
"T11",2012,902,1,"X"
"T11",2012,902,2,"X"
"T08",2012,72,5,"X"
"T08",2012,72,6,"X"
"T08",2012,72,7,"X"
"T08",2012,72,8,"X"
"T08",2012,72,9,"X"
"T08",2012,72,10,"X"
"T08",2012,168,1,"X"
"T08",2012,168,2,"X"
"T08",2012,168,3,"X"
"T08",2012,168,4,"X"
"T08",2012,168,5,"X"
"T08",2012,168,6,"X"
"T08",2012,168,7,"X"
"T08",2012,168,8,"X"
"T08",2012,168,9,"X"
"T08",2012,168,10,"X"
"T08",2012,173,1,"X"
"T08",2012,173,2,"X"
"T08",2012,173,3,"X"
"T08",2012,173,4,"X"
"T08",2012,173,5,"X"
"T08",2012,173,6,"X"
"T08",2012,173,7,"X"
"T08",2012,173,8,"X"
"T08",2012,173,9,"X"
"T08",2012,173,10,"X"
"T08",2012,194,1,"X"
"T08",2012,194,2,"X"
"T08",2012,194,3,"X"
"T08",2012,194,4,"X"
"T08",2012,194,5,"X"
"T08",2012,194,6,"X"
"T08",2012,194,7,"X"
"T08",2012,194,8,"X"
"T08",2012,194,9,"X"
"T08",2012,194,10,"X"
"T08",2012,239,1,"X"
"T08",2012,239,2,"X"
"T08",2012,239,3,"X"
"T08",2012,239,4,"X"
"T08",2012,239,5,"X"
"T08",2012,239,6,"X"
"T08",2012,239,7,"X"
"T08",2012,239,8,"X"
"T08",2012,239,9,"X"
"T08",2012,239,10,"X"
"T08",2012,327,1,"X"
"T08",2012,327,2,"X"
"T08",2012,327,3,"X"
"T08",2012,327,4,"X"
"T08",2012,327,5,"X"
"T08",2012,327,6,"X"
"T08",2012,327,7,"X"
"T08",2012,327,8,"X"
"T08",2012,327,9,"X"
"T08",2012,327,10,"X"
"T08",2012,401,1,"X"
"T08",2012,401,2,"X"
"T08",2012,401,3,"X"
"T08",2012,401,4,"X"
"T08",2012,401,5,"X"
"T08",2012,401,6,"X"
"T08",2012,401,7,"X"
"T08",2012,401,8,"X"
"T07",2012,278,1,"X"
"T07",2012,278,2,"X"
"T07",2012,278,3,"X"
"T07",2012,278,4,"X"
"T07",2012,278,5,"X"
"T07",2012,278,6,"X"
"T07",2012,278,7,"X"
"T07",2012,278,8,"X"
"T07",2012,278,9,"X"
"T07",2012,278,10,"X"
"T07",2012,308,1,"X"
"T07",2012,308,2,"X"
"T07",2012,308,3,"X"
"T07",2012,308,4,"X"
"T07",2012,308,5,"X"
"T07",2012,308,6,"X"
"T07",2012,308,7,"X"
"T07",2012,308,8,"X"
"T07",2012,308,9,"X"
"T07",2012,308,10,"X"
"T07",2012,436,1,"X"
"T07",2012,436,2,"X"
"T07",2012,436,3,"X"
"T07",2012,436,4,"X"
"T07",2012,436,5,"X"
"T07",2012,436,6,"X"
"T07",2012,436,7,"X"
"T07",2012,436,8,"X"
"T07",2012,436,9,"X"
"T07",2012,436,10,"X"
"T07",2012,451,1,"X"
"T07",2012,451,2,"X"
"T07",2012,451,3,"X"
"T07",2012,451,4,"X"
"T07",2012,451,5,"X"
"T07",2012,451,6,"X"
"T07",2012,451,7,"X"
"T07",2012,451,8,"X"
"T07",2012,451,9,"X"
"T07",2012,451,10,"X"
"T08",2012,32,1,"X"
"T08",2012,32,2,"X"
"T08",2012,32,3,"X"
"T08",2012,32,4,"X"
"T08",2012,32,5,"X"
"T08",2012,32,6,"X"
"T08",2012,32,7,"X"
"T08",2012,32,8,"X"
"T08",2012,32,9,"X"
"T08",2012,32,10,"X"
"T08",2012,61,1,"X"
"T08",2012,61,2,"X"
"T08",2012,61,3,"X"
"T08",2012,61,4,"X"
"T08",2012,61,5,"X"
"T08",2012,61,6,"X"
"T08",2012,61,7,"X"
"T08",2012,61,8,"X"
"T08",2012,61,9,"X"
"T08",2012,61,10,"X"
"T08",2012,72,1,"X"
"T08",2012,72,2,"X"
"T08",2012,72,3,"X"
"T08",2012,72,4,"X"
"T07",2012,1,7,"X"
"T07",2012,1,8,"X"
"T07",2012,1,9,"X"
"T07",2012,1,10,"X"
"T07",2012,6,1,"P"
"T07",2012,6,2,"P"
"T07",2012,6,3,"P"
"T07",2012,6,4,"X"
"T07",2012,6,5,"X"
"T07",2012,6,6,"X"
"T07",2012,6,7,"X"
"T07",2012,6,8,"X"
"T07",2012,6,9,"X"
"T07",2012,6,10,"X"
"T07",2012,30,1,"X"
"T07",2012,30,2,"X"
"T07",2012,30,3,"X"
"T07",2012,30,4,"X"
"T07",2012,30,5,"X"
"T07",2012,30,6,"X"
"T07",2012,30,7,"X"
"T07",2012,30,8,"X"
"T07",2012,30,9,"X"
"T07",2012,30,10,"X"
"T07",2012,47,1,"X"
"T07",2012,47,2,"X"
"T07",2012,47,3,"X"
"T07",2012,47,4,"X"
"T07",2012,47,5,"X"
"T07",2012,47,6,"X"
"T07",2012,47,7,"X"
"T07",2012,47,8,"X"
"T07",2012,47,9,"X"
"T07",2012,47,10,"X"
"T07",2012,59,1,"X"
"T07",2012,59,2,"X"
"T07",2012,59,3,"X"
"T07",2012,59,4,"X"
"T07",2012,59,5,"X"
"T07",2012,59,6,"X"
"T07",2012,59,7,"X"
"T07",2012,59,8,"X"
"T07",2012,59,9,"X"
"T07",2012,59,10,"X"
"T07",2012,151,1,"X"
"T07",2012,151,2,"X"
"T07",2012,151,3,"X"
"T07",2012,151,4,"X"
"T07",2012,151,5,"X"
"T07",2012,151,6,"X"
"T07",2012,151,7,"X"
"T07",2012,151,8,"X"
"T07",2012,151,9,"X"
"T07",2012,151,10,"X"
"T07",2012,277,1,"X"
"T07",2012,277,2,"X"
"T07",2012,277,3,"X"
"T07",2012,277,4,"X"
"T07",2012,277,5,"X"
"T07",2012,277,6,"X"
"T07",2012,277,7,"X"
"T07",2012,277,8,"X"
"T07",2012,277,9,"X"
"T07",2012,277,10,"X"
"T05",2012,329,3,"X"
"T05",2012,329,4,"X"
"T05",2012,329,5,"X"
"T05",2012,329,6,"X"
"T05",2012,329,7,"X"
"T05",2012,329,8,"X"
"T05",2012,329,9,"X"
"T05",2012,329,10,"X"
"T05",2012,332,1,"X"
"T05",2012,332,2,"X"
"T05",2012,332,3,"X"
"T05",2012,332,4,"X"
"T05",2012,332,5,"X"
"T05",2012,332,6,"X"
"T05",2012,332,7,"X"
"T05",2012,332,8,"X"
"T05",2012,332,9,"X"
"T05",2012,332,10,"X"
"T05",2012,334,1,"X"
"T05",2012,334,2,"X"
"T05",2012,334,3,"X"
"T05",2012,334,4,"X"
"T05",2012,334,5,"X"
"T05",2012,334,6,"X"
"T05",2012,334,7,"X"
"T05",2012,334,8,"X"
"T05",2012,334,9,"X"
"T05",2012,334,10,"X"
"T05",2012,336,1,"X"
"T05",2012,336,2,"X"
"T05",2012,336,3,"X"
"T05",2012,336,4,"X"
"T05",2012,336,5,"X"
"T05",2012,336,6,"X"
"T05",2012,336,7,"X"
"T05",2012,336,8,"X"
"T05",2012,336,9,"X"
"T05",2012,336,10,"X"
"T05",2012,343,1,"X"
"T05",2012,343,2,"X"
"T05",2012,343,3,"X"
"T05",2012,343,4,"X"
"T05",2012,343,5,"X"
"T05",2012,343,6,"X"
"T05",2012,343,7,"X"
"T05",2012,343,8,"X"
"T05",2012,343,9,"X"
"T05",2012,343,10,"X"
"T05",2012,344,1,"X"
"T05",2012,344,2,"X"
"T05",2012,344,3,"X"
"T05",2012,344,4,"X"
"T05",2012,344,5,"X"
"T05",2012,344,6,"X"
"T05",2012,344,7,"X"
"T05",2012,344,8,"X"
"T05",2012,344,9,"X"
"T05",2012,344,10,"X"
"T07",2012,1,1,"X"
"T07",2012,1,2,"X"
"T07",2012,1,3,"X"
"T07",2012,1,4,"X"
"T07",2012,1,5,"X"
"T07",2012,1,6,"X"
"T02",2012,442,9,"X"
"T02",2012,442,10,"X"
"T02",2012,443,1,"X"
"T02",2012,443,2,"X"
"T02",2012,443,3,"X"
"T02",2012,443,4,"X"
"T02",2012,443,5,"X"
"T02",2012,443,6,"X"
"T02",2012,443,7,"P"
"T02",2012,443,8,"P"
"T02",2012,443,9,"P"
"T02",2012,443,10,"X"
"T05",2012,51,1,"X"
"T05",2012,51,2,"X"
"T05",2012,51,3,"X"
"T05",2012,51,4,"X"
"T05",2012,51,5,"X"
"T05",2012,51,6,"X"
"T05",2012,51,7,"X"
"T05",2012,51,8,"X"
"T05",2012,51,9,"X"
"T05",2012,51,10,"X"
"T05",2012,118,1,"X"
"T05",2012,118,2,"X"
"T05",2012,118,3,"X"
"T05",2012,118,4,"X"
"T05",2012,118,5,"X"
"T05",2012,118,6,"X"
"T05",2012,118,7,"X"
"T05",2012,118,8,"X"
"T05",2012,118,9,"X"
"T05",2012,118,10,"X"
"T05",2012,256,1,"X"
"T05",2012,256,2,"X"
"T05",2012,256,3,"X"
"T05",2012,256,4,"X"
"T05",2012,256,5,"X"
"T05",2012,256,6,"X"
"T05",2012,256,7,"X"
"T05",2012,256,8,"X"
"T05",2012,256,9,"X"
"T05",2012,256,10,"X"
"T05",2012,318,1,"X"
"T05",2012,318,2,"X"
"T05",2012,318,3,"X"
"T05",2012,318,4,"X"
"T05",2012,318,5,"X"
"T05",2012,318,6,"X"
"T05",2012,318,7,"X"
"T05",2012,318,8,"X"
"T05",2012,318,9,"X"
"T05",2012,318,10,"X"
"T05",2012,323,1,"X"
"T05",2012,323,2,"X"
"T05",2012,323,3,"X"
"T05",2012,323,4,"X"
"T05",2012,323,5,"X"
"T05",2012,323,6,"X"
"T05",2012,323,7,"X"
"T05",2012,323,8,"X"
"T05",2012,323,9,"X"
"T05",2012,323,10,"X"
"T05",2012,329,1,"X"
"T05",2012,329,2,"X"
"T02",2012,436,5,"X"
"T02",2012,436,6,"X"
"T02",2012,436,7,"X"
"T02",2012,436,8,"X"
"T02",2012,436,9,"X"
"T02",2012,436,10,"X"
"T02",2012,437,1,"X"
"T02",2012,437,2,"X"
"T02",2012,437,3,"X"
"T02",2012,437,4,"X"
"T02",2012,437,5,"X"
"T02",2012,437,6,"X"
"T02",2012,437,7,"X"
"T02",2012,437,8,"X"
"T02",2012,437,9,"X"
"T02",2012,437,10,"X"
"T02",2012,438,1,"X"
"T02",2012,438,2,"X"
"T02",2012,438,3,"X"
"T02",2012,438,4,"X"
"T02",2012,438,5,"X"
"T02",2012,438,6,"X"
"T02",2012,438,7,"X"
"T02",2012,438,8,"X"
"T02",2012,438,9,"X"
"T02",2012,438,10,"X"
"T02",2012,439,1,"X"
"T02",2012,439,2,"X"
"T02",2012,439,3,"X"
"T02",2012,439,4,"X"
"T02",2012,439,5,"X"
"T02",2012,439,6,"X"
"T02",2012,439,7,"X"
"T02",2012,439,8,"X"
"T02",2012,439,9,"X"
"T02",2012,439,10,"X"
"T02",2012,440,1,"X"
"T02",2012,440,2,"X"
"T02",2012,440,3,"X"
"T02",2012,440,4,"X"
"T02",2012,440,5,"X"
"T02",2012,440,6,"X"
"T02",2012,440,7,"X"
"T02",2012,440,8,"X"
"T02",2012,440,9,"X"
"T02",2012,440,10,"X"
"T02",2012,441,1,"X"
"T02",2012,441,2,"X"
"T02",2012,441,3,"X"
"T02",2012,441,4,"X"
"T02",2012,441,5,"X"
"T02",2012,441,6,"X"
"T02",2012,441,7,"X"
"T02",2012,441,8,"X"
"T02",2012,441,9,"X"
"T02",2012,441,10,"X"
"T02",2012,442,1,"X"
"T02",2012,442,2,"X"
"T02",2012,442,3,"X"
"T02",2012,442,4,"X"
"T02",2012,442,5,"X"
"T02",2012,442,6,"X"
"T02",2012,442,7,"X"
"T02",2012,442,8,"X"
"T02",2012,384,1,"X"
"T02",2012,384,2,"X"
"T02",2012,384,3,"X"
"T02",2012,384,4,"X"
"T02",2012,384,5,"X"
"T02",2012,384,6,"X"
"T02",2012,384,7,"P"
"T02",2012,384,8,"X"
"T02",2012,384,9,"X"
"T02",2012,384,10,"X"
"T02",2012,396,1,"X"
"T02",2012,396,2,"X"
"T02",2012,396,3,"X"
"T02",2012,396,4,"X"
"T02",2012,396,5,"X"
"T02",2012,396,6,"X"
"T02",2012,396,7,"X"
"T02",2012,396,8,"X"
"T02",2012,396,9,"X"
"T02",2012,396,10,"X"
"T02",2012,424,1,"X"
"T02",2012,424,2,"X"
"T02",2012,424,3,"X"
"T02",2012,424,4,"X"
"T02",2012,424,5,"X"
"T02",2012,424,6,"X"
"T02",2012,424,7,"X"
"T02",2012,424,8,"X"
"T02",2012,424,9,"X"
"T02",2012,424,10,"X"
"T02",2012,428,1,"X"
"T02",2012,428,2,"X"
"T02",2012,428,3,"X"
"T02",2012,428,4,"X"
"T02",2012,428,5,"X"
"T02",2012,428,6,"X"
"T02",2012,428,7,"X"
"T02",2012,428,8,"X"
"T02",2012,428,9,"X"
"T02",2012,428,10,"X"
"T02",2012,434,1,"X"
"T02",2012,434,2,"X"
"T02",2012,434,3,"X"
"T02",2012,434,4,"X"
"T02",2012,434,5,"X"
"T02",2012,434,6,"X"
"T02",2012,434,7,"X"
"T02",2012,434,8,"X"
"T02",2012,434,9,"X"
"T02",2012,434,10,"X"
"T02",2012,435,1,"X"
"T02",2012,435,2,"X"
"T02",2012,435,3,"X"
"T02",2012,435,4,"X"
"T02",2012,435,5,"X"
"T02",2012,435,6,"X"
"T02",2012,435,7,"X"
"T02",2012,435,8,"X"
"T02",2012,435,9,"X"
"T02",2012,435,10,"X"
"T02",2012,436,1,"X"
"T02",2012,436,2,"X"
"T02",2012,436,3,"X"
"T02",2012,436,4,"X"
"T07",2013,151,7,"X"
"T07",2013,151,8,"X"
"T07",2013,151,9,"X"
"T07",2013,151,10,"X"
"T07",2013,277,1,"X"
"T07",2013,277,2,"S"
"T07",2013,277,3,"X"
"T07",2013,277,4,"X"
"T07",2013,277,5,"X"
"T07",2013,277,6,"X"
"T07",2013,277,7,"X"
"T07",2013,277,8,"X"
"T07",2013,277,9,"X"
"T07",2013,277,10,"X"
"T07",2013,278,1,"X"
"T07",2013,278,2,"X"
"T07",2013,278,3,"X"
"T07",2013,278,4,"X"
"T07",2013,278,5,"X"
"T07",2013,278,6,"X"
"T07",2013,278,7,"X"
"T07",2013,278,8,"X"
"T07",2013,278,9,"X"
"T07",2013,278,10,"X"
"T07",2013,308,1,"X"
"T07",2013,308,2,"X"
"T07",2013,308,3,"X"
"T07",2013,308,4,"X"
"T07",2013,308,5,"X"
"T07",2013,308,6,"X"
"T07",2013,308,7,"X"
"T07",2013,308,8,"X"
"T07",2013,308,9,"X"
"T07",2013,308,10,"X"
"T07",2013,436,1,"X"
"T07",2013,436,2,"X"
"T07",2013,436,3,"X"
"T07",2013,436,4,"X"
"T07",2013,436,5,"X"
"T07",2013,436,6,"X"
"T07",2013,436,7,"X"
"T07",2013,436,8,"X"
"T07",2013,436,9,"X"
"T07",2013,436,10,"X"
"T07",2013,451,1,"X"
"T07",2013,451,2,"X"
"T07",2013,451,3,"X"
"T07",2013,451,4,"X"
"T07",2013,451,5,"X"
"T07",2013,451,6,"X"
"T07",2013,451,7,"X"
"T07",2013,451,8,"X"
"T07",2013,451,9,"X"
"T07",2013,451,10,"X"
"T06",2013,18,3,"X"
"T06",2013,18,4,"X"
"T06",2013,18,5,"X"
"T06",2013,18,6,"X"
"T06",2013,18,7,"X"
"T06",2013,18,8,"X"
"T06",2013,18,9,"X"
"T06",2013,18,10,"X"
"T07",2013,1,1,"X"
"T07",2013,1,2,"X"
"T07",2013,1,3,"X"
"T07",2013,1,4,"X"
"T07",2013,1,5,"X"
"T07",2013,1,6,"X"
"T07",2013,1,7,"X"
"T07",2013,1,8,"X"
"T07",2013,1,9,"X"
"T07",2013,1,10,"X"
"T07",2013,6,1,"P"
"T07",2013,6,2,"P"
"T07",2013,6,3,"P"
"T07",2013,6,4,"X"
"T07",2013,6,5,"X"
"T07",2013,6,6,"X"
"T07",2013,6,7,"X"
"T07",2013,6,8,"X"
"T07",2013,6,9,"X"
"T07",2013,6,10,"X"
"T07",2013,30,1,"X"
"T07",2013,30,2,"X"
"T07",2013,30,3,"X"
"T07",2013,30,4,"X"
"T07",2013,30,5,"X"
"T07",2013,30,6,"X"
"T07",2013,30,7,"X"
"T07",2013,30,8,"X"
"T07",2013,30,9,"X"
"T07",2013,30,10,"X"
"T07",2013,47,1,"X"
"T07",2013,47,2,"X"
"T07",2013,47,3,"X"
"T07",2013,47,4,"X"
"T07",2013,47,5,"X"
"T07",2013,47,6,"X"
"T07",2013,47,7,"X"
"T07",2013,47,8,"X"
"T07",2013,47,9,"X"
"T07",2013,47,10,"X"
"T07",2013,59,1,"X"
"T07",2013,59,2,"X"
"T07",2013,59,3,"X"
"T07",2013,59,4,"X"
"T07",2013,59,5,"X"
"T07",2013,59,6,"X"
"T07",2013,59,7,"X"
"T07",2013,59,8,"X"
"T07",2013,59,9,"X"
"T07",2013,59,10,"X"
"T07",2013,151,1,"X"
"T07",2013,151,2,"X"
"T07",2013,151,3,"X"
"T07",2013,151,4,"X"
"T07",2013,151,5,"X"
"T07",2013,151,6,"X"
"T05",2013,343,9,"X"
"T05",2013,343,10,"X"
"T05",2013,344,1,"X"
"T05",2013,344,2,"X"
"T05",2013,344,3,"X"
"T05",2013,344,4,"X"
"T05",2013,344,5,"X"
"T05",2013,344,6,"X"
"T05",2013,344,7,"X"
"T05",2013,344,8,"X"
"T05",2013,344,9,"X"
"T05",2013,344,10,"X"
"T06",2013,13,1,"X"
"T06",2013,13,2,"X"
"T06",2013,13,3,"X"
"T06",2013,13,4,"X"
"T06",2013,13,5,"X"
"T06",2013,13,6,"X"
"T06",2013,13,7,"X"
"T06",2013,13,8,"X"
"T06",2013,13,9,"X"
"T06",2013,13,10,"X"
"T06",2013,14,1,"X"
"T06",2013,14,2,"X"
"T06",2013,14,3,"X"
"T06",2013,14,4,"X"
"T06",2013,14,5,"X"
"T06",2013,14,6,"X"
"T06",2013,14,7,"X"
"T06",2013,14,8,"X"
"T06",2013,14,9,"X"
"T06",2013,14,10,"X"
"T06",2013,15,1,"X"
"T06",2013,15,2,"X"
"T06",2013,15,3,"X"
"T06",2013,15,4,"X"
"T06",2013,15,5,"X"
"T06",2013,15,6,"X"
"T06",2013,15,7,"X"
"T06",2013,15,8,"X"
"T06",2013,15,9,"X"
"T06",2013,15,10,"X"
"T06",2013,16,1,"X"
"T06",2013,16,2,"X"
"T06",2013,16,3,"X"
"T06",2013,16,4,"X"
"T06",2013,16,5,"X"
"T06",2013,16,6,"X"
"T06",2013,16,7,"X"
"T06",2013,16,8,"X"
"T06",2013,16,9,"X"
"T06",2013,16,10,"X"
"T06",2013,17,1,"X"
"T06",2013,17,2,"X"
"T06",2013,17,3,"X"
"T06",2013,17,4,"X"
"T06",2013,17,5,"X"
"T06",2013,17,6,"X"
"T06",2013,17,7,"X"
"T06",2013,17,8,"X"
"T06",2013,17,9,"X"
"T06",2013,17,10,"X"
"T06",2013,18,1,"X"
"T06",2013,18,2,"X"
"T05",2013,318,5,"X"
"T05",2013,318,6,"X"
"T05",2013,318,7,"X"
"T05",2013,318,8,"X"
"T05",2013,318,9,"X"
"T05",2013,318,10,"X"
"T05",2013,323,1,"X"
"T05",2013,323,2,"X"
"T05",2013,323,3,"X"
"T05",2013,323,4,"X"
"T05",2013,323,5,"X"
"T05",2013,323,6,"X"
"T05",2013,323,7,"X"
"T05",2013,323,8,"X"
"T05",2013,323,9,"X"
"T05",2013,323,10,"X"
"T05",2013,329,1,"X"
"T05",2013,329,2,"X"
"T05",2013,329,3,"X"
"T05",2013,329,4,"X"
"T05",2013,329,5,"X"
"T05",2013,329,6,"X"
"T05",2013,329,7,"X"
"T05",2013,329,8,"X"
"T05",2013,329,9,"X"
"T05",2013,329,10,"X"
"T05",2013,332,1,"X"
"T05",2013,332,2,"X"
"T05",2013,332,3,"X"
"T05",2013,332,4,"X"
"T05",2013,332,5,"X"
"T05",2013,332,6,"X"
"T05",2013,332,7,"X"
"T05",2013,332,8,"X"
"T05",2013,332,9,"X"
"T05",2013,332,10,"X"
"T05",2013,334,1,"X"
"T05",2013,334,2,"X"
"T05",2013,334,3,"X"
"T05",2013,334,4,"X"
"T05",2013,334,5,"X"
"T05",2013,334,6,"X"
"T05",2013,334,7,"X"
"T05",2013,334,8,"X"
"T05",2013,334,9,"X"
"T05",2013,334,10,"X"
"T05",2013,336,1,"X"
"T05",2013,336,2,"X"
"T05",2013,336,3,"X"
"T05",2013,336,4,"X"
"T05",2013,336,5,"X"
"T05",2013,336,6,"X"
"T05",2013,336,7,"X"
"T05",2013,336,8,"X"
"T05",2013,336,9,"X"
"T05",2013,336,10,"X"
"T05",2013,343,1,"X"
"T05",2013,343,2,"X"
"T05",2013,343,3,"X"
"T05",2013,343,4,"X"
"T05",2013,343,5,"X"
"T05",2013,343,6,"X"
"T05",2013,343,7,"X"
"T05",2013,343,8,"X"
"T04",2013,507,1,"X"
"T04",2013,507,2,"X"
"T04",2013,507,3,"X"
"T04",2013,507,4,"X"
"T04",2013,507,5,"X"
"T04",2013,507,6,"X"
"T04",2013,507,7,"X"
"T04",2013,507,8,"X"
"T04",2013,507,9,"X"
"T04",2013,507,10,"X"
"T04",2013,509,1,"X"
"T04",2013,509,2,"X"
"T04",2013,509,3,"X"
"T04",2013,509,4,"X"
"T04",2013,509,5,"X"
"T04",2013,509,6,"X"
"T04",2013,509,7,"X"
"T04",2013,509,8,"X"
"T04",2013,509,9,"X"
"T04",2013,509,10,"X"
"T04",2013,611,1,"X"
"T04",2013,611,2,"X"
"T04",2013,611,3,"X"
"T04",2013,611,4,"X"
"T04",2013,611,5,"X"
"T04",2013,611,6,"X"
"T04",2013,611,7,"X"
"T04",2013,611,8,"X"
"T04",2013,611,9,"X"
"T04",2013,611,10,"X"
"T04",2013,800,1,"X"
"T04",2013,800,2,"X"
"T04",2013,800,3,"X"
"T04",2013,800,4,"X"
"T04",2013,800,5,"X"
"T04",2013,800,6,"X"
"T04",2013,800,7,"X"
"T04",2013,800,8,"X"
"T04",2013,800,9,"X"
"T04",2013,800,10,"X"
"T05",2013,51,1,"X"
"T05",2013,51,2,"X"
"T05",2013,51,3,"X"
"T05",2013,51,4,"X"
"T05",2013,51,5,"X"
"T05",2013,51,6,"X"
"T05",2013,51,7,"X"
"T05",2013,51,8,"X"
"T05",2013,51,9,"X"
"T05",2013,51,10,"X"
"T05",2013,118,1,"X"
"T05",2013,118,2,"X"
"T05",2013,118,3,"X"
"T05",2013,118,4,"X"
"T05",2013,118,5,"X"
"T05",2013,118,6,"X"
"T05",2013,118,7,"X"
"T05",2013,118,8,"X"
"T05",2013,118,9,"X"
"T05",2013,118,10,"X"
"T05",2013,318,1,"X"
"T05",2013,318,2,"X"
"T05",2013,318,3,"X"
"T05",2013,318,4,"X"
"T04",2013,254,7,"X"
"T04",2013,254,8,"X"
"T04",2013,254,9,"X"
"T04",2013,254,10,"X"
"T04",2013,444,1,"X"
"T04",2013,444,2,"X"
"T04",2013,444,3,"X"
"T04",2013,444,4,"X"
"T04",2013,444,5,"X"
"T04",2013,444,6,"X"
"T04",2013,444,7,"X"
"T04",2013,444,8,"X"
"T04",2013,444,9,"X"
"T04",2013,444,10,"X"
"T04",2013,449,1,"X"
"T04",2013,449,2,"X"
"T04",2013,449,3,"X"
"T04",2013,449,4,"X"
"T04",2013,449,5,"X"
"T04",2013,449,6,"X"
"T04",2013,449,7,"X"
"T04",2013,449,8,"X"
"T04",2013,449,9,"X"
"T04",2013,449,10,"X"
"T04",2013,450,1,"X"
"T04",2013,450,2,"X"
"T04",2013,450,3,"X"
"T04",2013,450,4,"X"
"T04",2013,450,5,"X"
"T04",2013,450,6,"X"
"T04",2013,450,7,"X"
"T04",2013,450,8,"X"
"T04",2013,450,9,"X"
"T04",2013,450,10,"X"
"T04",2013,500,1,"X"
"T04",2013,500,2,"X"
"T04",2013,500,3,"X"
"T04",2013,500,4,"X"
"T04",2013,500,5,"X"
"T04",2013,500,6,"X"
"T04",2013,500,7,"X"
"T04",2013,500,8,"X"
"T04",2013,500,9,"X"
"T04",2013,500,10,"X"
"T04",2013,501,1,"X"
"T04",2013,501,2,"X"
"T04",2013,501,3,"X"
"T04",2013,501,4,"X"
"T04",2013,501,5,"X"
"T04",2013,501,6,"X"
"T04",2013,501,7,"X"
"T04",2013,501,8,"X"
"T04",2013,501,9,"X"
"T04",2013,501,10,"X"
"T04",2013,502,1,"X"
"T04",2013,502,2,"X"
"T04",2013,502,3,"X"
"T04",2013,502,4,"X"
"T04",2013,502,5,"X"
"T04",2013,502,6,"X"
"T04",2013,502,7,"X"
"T04",2013,502,8,"X"
"T04",2013,502,9,"X"
"T04",2013,502,10,"X"
"T04",2013,71,3,"X"
"T04",2013,71,4,"X"
"T04",2013,71,5,"X"
"T04",2013,71,6,"X"
"T04",2013,71,7,"X"
"T04",2013,71,8,"X"
"T04",2013,71,9,"X"
"T04",2013,71,10,"X"
"T04",2013,78,1,"X"
"T04",2013,78,2,"X"
"T04",2013,78,3,"X"
"T04",2013,78,4,"X"
"T04",2013,78,5,"X"
"T04",2013,78,6,"X"
"T04",2013,78,7,"X"
"T04",2013,78,8,"X"
"T04",2013,78,9,"X"
"T04",2013,78,10,"X"
"T04",2013,206,1,"X"
"T04",2013,206,2,"X"
"T04",2013,206,3,"X"
"T04",2013,206,4,"X"
"T04",2013,206,5,"X"
"T04",2013,206,6,"X"
"T04",2013,206,7,"X"
"T04",2013,206,8,"X"
"T04",2013,206,9,"X"
"T04",2013,206,10,"X"
"T04",2013,226,1,"X"
"T04",2013,226,2,"X"
"T04",2013,226,3,"X"
"T04",2013,226,4,"X"
"T04",2013,226,5,"X"
"T04",2013,226,6,"X"
"T04",2013,226,7,"X"
"T04",2013,226,8,"X"
"T04",2013,226,9,"X"
"T04",2013,226,10,"X"
"T04",2013,247,1,"X"
"T04",2013,247,2,"X"
"T04",2013,247,3,"X"
"T04",2013,247,4,"X"
"T04",2013,247,5,"X"
"T04",2013,247,6,"X"
"T04",2013,247,7,"X"
"T04",2013,247,8,"X"
"T04",2013,247,9,"X"
"T04",2013,247,10,"X"
"T04",2013,251,1,"X"
"T04",2013,251,2,"X"
"T04",2013,251,3,"X"
"T04",2013,251,4,"X"
"T04",2013,251,5,"X"
"T04",2013,251,6,"X"
"T04",2013,251,7,"X"
"T04",2013,251,8,"X"
"T04",2013,251,9,"X"
"T04",2013,251,10,"X"
"T04",2013,254,1,"X"
"T04",2013,254,2,"X"
"T04",2013,254,3,"X"
"T04",2013,254,4,"X"
"T04",2013,254,5,"X"
"T04",2013,254,6,"X"
"T02",2013,442,9,"X"
"T02",2013,442,10,"X"
"T02",2013,443,1,"X"
"T02",2013,443,2,"X"
"T02",2013,443,3,"X"
"T02",2013,443,4,"X"
"T02",2013,443,5,"X"
"T02",2013,443,6,"X"
"T02",2013,443,7,"X"
"T02",2013,443,8,"X"
"T02",2013,443,9,"X"
"T02",2013,443,10,"X"
"T04",2013,1,1,"X"
"T04",2013,1,2,"X"
"T04",2013,1,3,"X"
"T04",2013,1,4,"X"
"T04",2013,1,5,"X"
"T04",2013,1,6,"X"
"T04",2013,1,7,"X"
"T04",2013,1,8,"X"
"T04",2013,1,9,"X"
"T04",2013,1,10,"X"
"T04",2013,13,1,"X"
"T04",2013,13,2,"X"
"T04",2013,13,3,"X"
"T04",2013,13,4,"X"
"T04",2013,13,5,"X"
"T04",2013,13,6,"X"
"T04",2013,13,7,"X"
"T04",2013,13,8,"X"
"T04",2013,13,9,"X"
"T04",2013,13,10,"X"
"T04",2013,19,1,"X"
"T04",2013,19,2,"X"
"T04",2013,19,3,"X"
"T04",2013,19,4,"X"
"T04",2013,19,5,"X"
"T04",2013,19,6,"X"
"T04",2013,19,7,"X"
"T04",2013,19,8,"X"
"T04",2013,19,9,"X"
"T04",2013,19,10,"X"
"T04",2013,21,1,"X"
"T04",2013,21,2,"X"
"T04",2013,21,3,"X"
"T04",2013,21,4,"X"
"T04",2013,21,5,"X"
"T04",2013,21,6,"X"
"T04",2013,21,7,"X"
"T04",2013,21,8,"X"
"T04",2013,21,9,"X"
"T04",2013,21,10,"X"
"T04",2013,61,1,"X"
"T04",2013,61,2,"X"
"T04",2013,61,3,"X"
"T04",2013,61,4,"X"
"T04",2013,61,5,"X"
"T04",2013,61,6,"X"
"T04",2013,61,7,"X"
"T04",2013,61,8,"X"
"T04",2013,61,9,"X"
"T04",2013,61,10,"X"
"T04",2013,71,1,"X"
"T04",2013,71,2,"X"
"T02",2013,436,5,"X"
"T02",2013,436,6,"X"
"T02",2013,436,7,"X"
"T02",2013,436,8,"X"
"T02",2013,436,9,"X"
"T02",2013,436,10,"X"
"T02",2013,437,1,"X"
"T02",2013,437,2,"X"
"T02",2013,437,3,"X"
"T02",2013,437,4,"X"
"T02",2013,437,5,"X"
"T02",2013,437,6,"X"
"T02",2013,437,7,"X"
"T02",2013,437,8,"X"
"T02",2013,437,9,"X"
"T02",2013,437,10,"X"
"T02",2013,438,1,"X"
"T02",2013,438,2,"X"
"T02",2013,438,3,"X"
"T02",2013,438,4,"X"
"T02",2013,438,5,"X"
"T02",2013,438,6,"X"
"T02",2013,438,7,"X"
"T02",2013,438,8,"X"
"T02",2013,438,9,"X"
"T02",2013,438,10,"X"
"T02",2013,439,1,"X"
"T02",2013,439,2,"X"
"T02",2013,439,3,"X"
"T02",2013,439,4,"X"
"T02",2013,439,5,"X"
"T02",2013,439,6,"X"
"T02",2013,439,7,"X"
"T02",2013,439,8,"X"
"T02",2013,439,9,"X"
"T02",2013,439,10,"X"
"T02",2013,440,1,"X"
"T02",2013,440,2,"X"
"T02",2013,440,3,"X"
"T02",2013,440,4,"X"
"T02",2013,440,5,"X"
"T02",2013,440,6,"X"
"T02",2013,440,7,"X"
"T02",2013,440,8,"X"
"T02",2013,440,9,"X"
"T02",2013,440,10,"X"
"T02",2013,441,1,"X"
"T02",2013,441,2,"X"
"T02",2013,441,3,"X"
"T02",2013,441,4,"X"
"T02",2013,441,5,"X"
"T02",2013,441,6,"X"
"T02",2013,441,7,"X"
"T02",2013,441,8,"X"
"T02",2013,441,9,"X"
"T02",2013,441,10,"X"
"T02",2013,442,1,"X"
"T02",2013,442,2,"X"
"T02",2013,442,3,"X"
"T02",2013,442,4,"X"
"T02",2013,442,5,"X"
"T02",2013,442,6,"X"
"T02",2013,442,7,"X"
"T02",2013,442,8,"X"
"T02",2013,384,1,"X"
"T02",2013,384,2,"X"
"T02",2013,384,3,"X"
"T02",2013,384,4,"X"
"T02",2013,384,5,"X"
"T02",2013,384,6,"X"
"T02",2013,384,7,"X"
"T02",2013,384,8,"X"
"T02",2013,384,9,"X"
"T02",2013,384,10,"X"
"T02",2013,396,1,"X"
"T02",2013,396,2,"X"
"T02",2013,396,3,"X"
"T02",2013,396,4,"X"
"T02",2013,396,5,"X"
"T02",2013,396,6,"X"
"T02",2013,396,7,"X"
"T02",2013,396,8,"X"
"T02",2013,396,9,"X"
"T02",2013,396,10,"X"
"T02",2013,424,1,"X"
"T02",2013,424,2,"X"
"T02",2013,424,3,"X"
"T02",2013,424,4,"X"
"T02",2013,424,5,"X"
"T02",2013,424,6,"X"
"T02",2013,424,7,"X"
"T02",2013,424,8,"X"
"T02",2013,424,9,"X"
"T02",2013,424,10,"X"
"T02",2013,428,1,"X"
"T02",2013,428,2,"X"
"T02",2013,428,3,"X"
"T02",2013,428,4,"X"
"T02",2013,428,5,"X"
"T02",2013,428,6,"X"
"T02",2013,428,7,"X"
"T02",2013,428,8,"X"
"T02",2013,428,9,"X"
"T02",2013,428,10,"X"
"T02",2013,434,1,"X"
"T02",2013,434,2,"X"
"T02",2013,434,3,"X"
"T02",2013,434,4,"X"
"T02",2013,434,5,"X"
"T02",2013,434,6,"X"
"T02",2013,434,7,"X"
"T02",2013,434,8,"X"
"T02",2013,434,9,"X"
"T02",2013,434,10,"X"
"T02",2013,435,1,"X"
"T02",2013,435,2,"X"
"T02",2013,435,3,"X"
"T02",2013,435,4,"X"
"T02",2013,435,5,"X"
"T02",2013,435,6,"X"
"T02",2013,435,7,"X"
"T02",2013,435,8,"X"
"T02",2013,435,9,"X"
"T02",2013,435,10,"X"
"T02",2013,436,1,"X"
"T02",2013,436,2,"X"
"T02",2013,436,3,"X"
"T02",2013,436,4,"X"
"T09",2014,437,6,"D"
"T09",2014,437,7,"D"
"T09",2014,445,6,"D"
"T09",2014,445,7,"D"
"T09",2014,449,6,"B"
"T09",2014,449,7,"D"
"T09",2014,504,10,"P"
"T07",2014,320,1,"X"
"T07",2014,320,2,"X"
"T07",2014,320,3,"X"
"T07",2014,320,4,"X"
"T07",2014,320,5,"X"
"T07",2014,320,6,"X"
"T07",2014,320,7,"X"
"T07",2014,320,8,"X"
"T07",2014,320,9,"X"
"T07",2014,320,10,"X"
"T07",2014,436,1,"X"
"T07",2014,436,2,"X"
"T07",2014,436,3,"X"
"T07",2014,436,4,"X"
"T07",2014,436,5,"X"
"T07",2014,436,6,"X"
"T07",2014,436,7,"X"
"T07",2014,436,8,"X"
"T07",2014,436,9,"X"
"T07",2014,436,10,"X"
"T07",2014,451,1,"X"
"T07",2014,451,2,"X"
"T07",2014,451,3,"X"
"T07",2014,451,4,"X"
"T07",2014,451,5,"X"
"T07",2014,451,6,"X"
"T07",2014,451,7,"X"
"T07",2014,451,8,"X"
"T07",2014,451,9,"X"
"T07",2014,451,10,"X"
"T09",2014,407,2,"B"
"T09",2014,407,3,"B"
"T09",2014,407,8,"B"
"T09",2014,414,2,"D"
"T09",2014,414,3,"D"
"T09",2014,414,4,"D"
"T09",2014,414,7,"D"
"T09",2014,415,8,"B"
"T09",2014,416,2,"B"
"T09",2014,416,2,"D"
"T09",2014,416,4,"B"
"T09",2014,416,4,"D"
"T09",2014,416,5,"B"
"T09",2014,416,5,"D"
"T09",2014,416,6,"D"
"T09",2014,418,4,"D"
"T09",2014,418,5,"D"
"T09",2014,419,4,"P"
"T09",2014,419,5,"P"
"T09",2014,428,4,"D"
"T09",2014,428,5,"D"
"T09",2014,428,10,"D"
"T09",2014,431,3,"B"
"T09",2014,431,4,"B"
"T09",2014,431,7,"B"
"T09",2014,434,9,"D"
"T09",2014,435,1,"P"
"T09",2014,435,2,"P"
"T09",2014,435,3,"P"
"T09",2014,435,4,"P"
"T09",2014,435,5,"P"
"T09",2014,435,6,"P"
"T09",2014,435,7,"P"
"T09",2014,435,8,"P"
"T07",2014,152,7,"X"
"T07",2014,152,8,"X"
"T07",2014,152,9,"X"
"T07",2014,152,10,"X"
"T07",2014,156,1,"X"
"T07",2014,156,2,"X"
"T07",2014,156,3,"X"
"T07",2014,156,4,"X"
"T07",2014,156,5,"X"
"T07",2014,156,6,"X"
"T07",2014,156,7,"X"
"T07",2014,156,8,"X"
"T07",2014,156,9,"X"
"T07",2014,156,10,"X"
"T07",2014,272,1,"X"
"T07",2014,272,2,"X"
"T07",2014,272,3,"X"
"T07",2014,272,4,"X"
"T07",2014,272,5,"X"
"T07",2014,272,6,"X"
"T07",2014,272,7,"X"
"T07",2014,272,8,"X"
"T07",2014,272,9,"X"
"T07",2014,272,10,"X"
"T07",2014,277,1,"X"
"T07",2014,277,2,"S"
"T07",2014,277,3,"X"
"T07",2014,277,4,"X"
"T07",2014,277,5,"X"
"T07",2014,277,6,"X"
"T07",2014,277,7,"X"
"T07",2014,277,8,"X"
"T07",2014,277,9,"X"
"T07",2014,277,10,"X"
"T07",2014,278,1,"X"
"T07",2014,278,2,"X"
"T07",2014,278,3,"X"
"T07",2014,278,4,"X"
"T07",2014,278,5,"X"
"T07",2014,278,6,"X"
"T07",2014,278,7,"X"
"T07",2014,278,8,"X"
"T07",2014,278,9,"X"
"T07",2014,278,10,"X"
"T07",2014,305,1,"X"
"T07",2014,305,2,"X"
"T07",2014,305,3,"X"
"T07",2014,305,4,"X"
"T07",2014,305,5,"X"
"T07",2014,305,6,"X"
"T07",2014,305,7,"X"
"T07",2014,305,8,"X"
"T07",2014,305,9,"X"
"T07",2014,305,10,"X"
"T07",2014,308,1,"X"
"T07",2014,308,2,"X"
"T07",2014,308,3,"X"
"T07",2014,308,4,"X"
"T07",2014,308,5,"X"
"T07",2014,308,6,"X"
"T07",2014,308,7,"X"
"T07",2014,308,8,"X"
"T07",2014,308,9,"X"
"T07",2014,308,10,"X"
"T07",2014,6,3,"P"
"T07",2014,6,4,"X"
"T07",2014,6,5,"X"
"T07",2014,6,6,"X"
"T07",2014,6,7,"X"
"T07",2014,6,8,"X"
"T07",2014,6,9,"X"
"T07",2014,6,10,"X"
"T07",2014,30,1,"X"
"T07",2014,30,2,"X"
"T07",2014,30,3,"X"
"T07",2014,30,4,"X"
"T07",2014,30,5,"X"
"T07",2014,30,6,"X"
"T07",2014,30,7,"X"
"T07",2014,30,8,"X"
"T07",2014,30,9,"X"
"T07",2014,30,10,"X"
"T07",2014,47,1,"X"
"T07",2014,47,2,"X"
"T07",2014,47,3,"X"
"T07",2014,47,4,"X"
"T07",2014,47,5,"X"
"T07",2014,47,6,"X"
"T07",2014,47,7,"X"
"T07",2014,47,8,"X"
"T07",2014,47,9,"X"
"T07",2014,47,10,"X"
"T07",2014,59,1,"X"
"T07",2014,59,2,"X"
"T07",2014,59,3,"X"
"T07",2014,59,4,"X"
"T07",2014,59,5,"X"
"T07",2014,59,6,"X"
"T07",2014,59,7,"X"
"T07",2014,59,8,"X"
"T07",2014,59,9,"X"
"T07",2014,59,10,"X"
"T07",2014,102,1,"X"
"T07",2014,102,2,"X"
"T07",2014,102,3,"X"
"T07",2014,102,4,"X"
"T07",2014,102,5,"X"
"T07",2014,102,6,"X"
"T07",2014,102,7,"X"
"T07",2014,102,8,"X"
"T07",2014,102,9,"X"
"T07",2014,102,10,"X"
"T07",2014,151,1,"X"
"T07",2014,151,2,"X"
"T07",2014,151,3,"X"
"T07",2014,151,4,"X"
"T07",2014,151,5,"X"
"T07",2014,151,6,"X"
"T07",2014,151,7,"X"
"T07",2014,151,8,"X"
"T07",2014,151,9,"X"
"T07",2014,151,10,"X"
"T07",2014,152,1,"X"
"T07",2014,152,2,"X"
"T07",2014,152,3,"X"
"T07",2014,152,4,"X"
"T07",2014,152,5,"X"
"T07",2014,152,6,"X"
"T06",2014,14,9,"X"
"T06",2014,14,10,"X"
"T06",2014,15,1,"X"
"T06",2014,15,2,"X"
"T06",2014,15,3,"X"
"T06",2014,15,4,"X"
"T06",2014,15,5,"X"
"T06",2014,15,6,"X"
"T06",2014,15,7,"X"
"T06",2014,15,8,"X"
"T06",2014,15,9,"X"
"T06",2014,15,10,"X"
"T06",2014,16,1,"X"
"T06",2014,16,2,"X"
"T06",2014,16,3,"X"
"T06",2014,16,4,"X"
"T06",2014,16,5,"X"
"T06",2014,16,6,"X"
"T06",2014,16,7,"X"
"T06",2014,16,8,"X"
"T06",2014,16,9,"X"
"T06",2014,16,10,"X"
"T06",2014,17,1,"X"
"T06",2014,17,2,"X"
"T06",2014,17,3,"X"
"T06",2014,17,4,"X"
"T06",2014,17,5,"X"
"T06",2014,17,6,"X"
"T06",2014,17,7,"X"
"T06",2014,17,8,"X"
"T06",2014,17,9,"X"
"T06",2014,17,10,"X"
"T06",2014,18,1,"X"
"T06",2014,18,2,"X"
"T06",2014,18,3,"X"
"T06",2014,18,4,"X"
"T06",2014,18,5,"X"
"T06",2014,18,6,"X"
"T06",2014,18,7,"X"
"T06",2014,18,8,"X"
"T06",2014,18,9,"X"
"T06",2014,18,10,"X"
"T07",2014,1,1,"X"
"T07",2014,1,2,"X"
"T07",2014,1,3,"X"
"T07",2014,1,4,"X"
"T07",2014,1,5,"X"
"T07",2014,1,6,"X"
"T07",2014,1,7,"X"
"T07",2014,1,8,"X"
"T07",2014,1,9,"X"
"T07",2014,1,10,"X"
"T07",2014,2,1,"X"
"T07",2014,2,2,"X"
"T07",2014,2,3,"X"
"T07",2014,2,4,"X"
"T07",2014,2,5,"X"
"T07",2014,2,6,"X"
"T07",2014,2,7,"X"
"T07",2014,2,8,"X"
"T07",2014,2,9,"X"
"T07",2014,2,10,"X"
"T07",2014,6,1,"P"
"T07",2014,6,2,"P"
"T05",2014,332,5,"X"
"T05",2014,332,6,"X"
"T05",2014,332,7,"X"
"T05",2014,332,8,"X"
"T05",2014,332,9,"X"
"T05",2014,332,10,"X"
"T05",2014,334,1,"X"
"T05",2014,334,2,"X"
"T05",2014,334,3,"X"
"T05",2014,334,4,"X"
"T05",2014,334,5,"X"
"T05",2014,334,6,"X"
"T05",2014,334,7,"X"
"T05",2014,334,8,"X"
"T05",2014,334,9,"X"
"T05",2014,334,10,"X"
"T05",2014,336,1,"X"
"T05",2014,336,2,"X"
"T05",2014,336,3,"X"
"T05",2014,336,4,"X"
"T05",2014,336,5,"X"
"T05",2014,336,6,"X"
"T05",2014,336,7,"X"
"T05",2014,336,8,"X"
"T05",2014,336,9,"X"
"T05",2014,336,10,"X"
"T05",2014,343,1,"X"
"T05",2014,343,2,"X"
"T05",2014,343,3,"X"
"T05",2014,343,4,"X"
"T05",2014,343,5,"X"
"T05",2014,343,6,"X"
"T05",2014,343,7,"X"
"T05",2014,343,8,"X"
"T05",2014,343,9,"X"
"T05",2014,343,10,"X"
"T05",2014,344,1,"X"
"T05",2014,344,2,"X"
"T05",2014,344,3,"X"
"T05",2014,344,4,"X"
"T05",2014,344,5,"X"
"T05",2014,344,6,"X"
"T05",2014,344,7,"X"
"T05",2014,344,8,"X"
"T05",2014,344,9,"X"
"T05",2014,344,10,"X"
"T06",2014,13,1,"X"
"T06",2014,13,2,"X"
"T06",2014,13,3,"X"
"T06",2014,13,4,"X"
"T06",2014,13,5,"X"
"T06",2014,13,6,"X"
"T06",2014,13,7,"X"
"T06",2014,13,8,"X"
"T06",2014,13,9,"X"
"T06",2014,13,10,"X"
"T06",2014,14,1,"X"
"T06",2014,14,2,"X"
"T06",2014,14,3,"X"
"T06",2014,14,4,"X"
"T06",2014,14,5,"X"
"T06",2014,14,6,"X"
"T06",2014,14,7,"X"
"T06",2014,14,8,"X"
"T05",2014,210,1,"X"
"T05",2014,210,2,"X"
"T05",2014,210,3,"X"
"T05",2014,210,4,"X"
"T05",2014,210,5,"X"
"T05",2014,210,6,"X"
"T05",2014,210,7,"X"
"T05",2014,210,8,"X"
"T05",2014,210,9,"X"
"T05",2014,210,10,"X"
"T05",2014,256,1,"X"
"T05",2014,256,2,"X"
"T05",2014,256,3,"X"
"T05",2014,256,4,"X"
"T05",2014,256,5,"X"
"T05",2014,256,6,"X"
"T05",2014,256,7,"X"
"T05",2014,256,8,"X"
"T05",2014,256,9,"X"
"T05",2014,256,10,"X"
"T05",2014,289,1,"X"
"T05",2014,289,2,"X"
"T05",2014,289,3,"X"
"T05",2014,289,4,"X"
"T05",2014,289,5,"X"
"T05",2014,289,6,"X"
"T05",2014,289,7,"X"
"T05",2014,289,8,"X"
"T05",2014,289,9,"X"
"T05",2014,289,10,"X"
"T05",2014,318,1,"X"
"T05",2014,318,2,"X"
"T05",2014,318,3,"X"
"T05",2014,318,4,"X"
"T05",2014,318,5,"X"
"T05",2014,318,6,"X"
"T05",2014,318,7,"X"
"T05",2014,318,8,"X"
"T05",2014,318,9,"X"
"T05",2014,318,10,"X"
"T05",2014,323,1,"X"
"T05",2014,323,2,"X"
"T05",2014,323,3,"X"
"T05",2014,323,4,"X"
"T05",2014,323,5,"X"
"T05",2014,323,6,"X"
"T05",2014,323,7,"X"
"T05",2014,323,8,"X"
"T05",2014,323,9,"X"
"T05",2014,323,10,"X"
"T05",2014,329,1,"X"
"T05",2014,329,2,"X"
"T05",2014,329,3,"X"
"T05",2014,329,4,"X"
"T05",2014,329,5,"X"
"T05",2014,329,6,"X"
"T05",2014,329,7,"X"
"T05",2014,329,8,"X"
"T05",2014,329,9,"X"
"T05",2014,329,10,"X"
"T05",2014,332,1,"X"
"T05",2014,332,2,"X"
"T05",2014,332,3,"X"
"T05",2014,332,4,"X"
"T04",2014,800,7,"X"
"T04",2014,800,8,"X"
"T04",2014,800,9,"X"
"T04",2014,800,10,"X"
"T04",2014,801,1,"X"
"T04",2014,801,2,"X"
"T04",2014,801,3,"X"
"T04",2014,801,4,"X"
"T04",2014,801,5,"X"
"T04",2014,801,6,"X"
"T04",2014,801,7,"X"
"T04",2014,801,8,"X"
"T04",2014,801,9,"X"
"T04",2014,801,10,"X"
"T05",2014,9,1,"X"
"T05",2014,9,2,"X"
"T05",2014,9,3,"X"
"T05",2014,9,4,"X"
"T05",2014,9,5,"X"
"T05",2014,9,6,"X"
"T05",2014,9,7,"X"
"T05",2014,9,8,"X"
"T05",2014,9,9,"X"
"T05",2014,9,10,"X"
"T05",2014,26,1,"X"
"T05",2014,26,2,"X"
"T05",2014,26,3,"X"
"T05",2014,26,4,"X"
"T05",2014,26,5,"X"
"T05",2014,26,6,"X"
"T05",2014,26,7,"X"
"T05",2014,26,8,"X"
"T05",2014,26,9,"X"
"T05",2014,26,10,"X"
"T05",2014,51,1,"X"
"T05",2014,51,2,"X"
"T05",2014,51,3,"X"
"T05",2014,51,4,"X"
"T05",2014,51,5,"X"
"T05",2014,51,6,"X"
"T05",2014,51,7,"X"
"T05",2014,51,8,"X"
"T05",2014,51,9,"X"
"T05",2014,51,10,"X"
"T05",2014,91,1,"X"
"T05",2014,91,2,"X"
"T05",2014,91,3,"X"
"T05",2014,91,4,"X"
"T05",2014,91,5,"X"
"T05",2014,91,6,"X"
"T05",2014,91,7,"X"
"T05",2014,91,8,"X"
"T05",2014,91,9,"X"
"T05",2014,91,10,"X"
"T05",2014,118,1,"X"
"T05",2014,118,2,"X"
"T05",2014,118,3,"X"
"T05",2014,118,4,"X"
"T05",2014,118,5,"X"
"T05",2014,118,6,"X"
"T05",2014,118,7,"X"
"T05",2014,118,8,"X"
"T05",2014,118,9,"X"
"T05",2014,118,10,"X"
"T04",2014,501,3,"X"
"T04",2014,501,4,"X"
"T04",2014,501,5,"X"
"T04",2014,501,6,"X"
"T04",2014,501,7,"X"
"T04",2014,501,8,"X"
"T04",2014,501,9,"X"
"T04",2014,501,10,"X"
"T04",2014,502,1,"X"
"T04",2014,502,2,"X"
"T04",2014,502,3,"X"
"T04",2014,502,4,"X"
"T04",2014,502,5,"X"
"T04",2014,502,6,"X"
"T04",2014,502,7,"X"
"T04",2014,502,8,"X"
"T04",2014,502,9,"X"
"T04",2014,502,10,"X"
"T04",2014,505,1,"X"
"T04",2014,505,2,"X"
"T04",2014,505,3,"X"
"T04",2014,505,4,"X"
"T04",2014,505,5,"X"
"T04",2014,505,6,"X"
"T04",2014,505,7,"X"
"T04",2014,505,8,"X"
"T04",2014,505,9,"X"
"T04",2014,505,10,"X"
"T04",2014,507,1,"X"
"T04",2014,507,2,"X"
"T04",2014,507,3,"X"
"T04",2014,507,4,"X"
"T04",2014,507,5,"X"
"T04",2014,507,6,"X"
"T04",2014,507,7,"X"
"T04",2014,507,8,"X"
"T04",2014,507,9,"X"
"T04",2014,507,10,"X"
"T04",2014,509,1,"X"
"T04",2014,509,2,"X"
"T04",2014,509,3,"X"
"T04",2014,509,4,"X"
"T04",2014,509,5,"X"
"T04",2014,509,6,"X"
"T04",2014,509,7,"X"
"T04",2014,509,8,"X"
"T04",2014,509,9,"X"
"T04",2014,509,10,"X"
"T04",2014,611,1,"X"
"T04",2014,611,2,"X"
"T04",2014,611,3,"X"
"T04",2014,611,4,"X"
"T04",2014,611,5,"X"
"T04",2014,611,6,"X"
"T04",2014,611,7,"X"
"T04",2014,611,8,"X"
"T04",2014,611,9,"X"
"T04",2014,611,10,"X"
"T04",2014,800,1,"X"
"T04",2014,800,2,"X"
"T04",2014,800,3,"X"
"T04",2014,800,4,"X"
"T04",2014,800,5,"X"
"T04",2014,800,6,"X"
"T04",2014,428,9,"X"
"T04",2014,428,10,"X"
"T04",2014,429,1,"X"
"T04",2014,429,2,"X"
"T04",2014,429,3,"X"
"T04",2014,429,4,"X"
"T04",2014,429,5,"P"
"T04",2014,429,6,"P"
"T04",2014,429,7,"P"
"T04",2014,429,8,"X"
"T04",2014,429,9,"X"
"T04",2014,429,10,"X"
"T04",2014,444,1,"X"
"T04",2014,444,2,"X"
"T04",2014,444,3,"X"
"T04",2014,444,4,"X"
"T04",2014,444,5,"X"
"T04",2014,444,6,"X"
"T04",2014,444,7,"X"
"T04",2014,444,8,"X"
"T04",2014,444,9,"X"
"T04",2014,444,10,"X"
"T04",2014,449,1,"X"
"T04",2014,449,2,"X"
"T04",2014,449,3,"X"
"T04",2014,449,4,"X"
"T04",2014,449,5,"X"
"T04",2014,449,6,"X"
"T04",2014,449,7,"X"
"T04",2014,449,8,"X"
"T04",2014,449,9,"X"
"T04",2014,449,10,"X"
"T04",2014,450,1,"X"
"T04",2014,450,2,"X"
"T04",2014,450,3,"X"
"T04",2014,450,4,"X"
"T04",2014,450,5,"X"
"T04",2014,450,6,"X"
"T04",2014,450,7,"X"
"T04",2014,450,8,"X"
"T04",2014,450,9,"X"
"T04",2014,450,10,"X"
"T04",2014,454,1,"X"
"T04",2014,454,2,"X"
"T04",2014,454,3,"X"
"T04",2014,454,4,"X"
"T04",2014,454,5,"X"
"T04",2014,454,6,"X"
"T04",2014,454,7,"X"
"T04",2014,454,8,"X"
"T04",2014,454,9,"X"
"T04",2014,454,10,"X"
"T04",2014,500,1,"X"
"T04",2014,500,2,"X"
"T04",2014,500,3,"X"
"T04",2014,500,4,"X"
"T04",2014,500,5,"X"
"T04",2014,500,6,"X"
"T04",2014,500,7,"X"
"T04",2014,500,8,"X"
"T04",2014,500,9,"X"
"T04",2014,500,10,"X"
"T04",2014,501,1,"X"
"T04",2014,501,2,"X"
"T04",2014,396,5,"X"
"T04",2014,396,6,"X"
"T04",2014,396,7,"X"
"T04",2014,396,8,"X"
"T04",2014,396,9,"X"
"T04",2014,396,10,"X"
"T04",2014,399,1,"X"
"T04",2014,399,2,"X"
"T04",2014,399,3,"X"
"T04",2014,399,4,"X"
"T04",2014,399,5,"X"
"T04",2014,399,6,"X"
"T04",2014,399,7,"X"
"T04",2014,399,8,"X"
"T04",2014,399,9,"X"
"T04",2014,399,10,"X"
"T04",2014,402,1,"X"
"T04",2014,402,2,"X"
"T04",2014,402,3,"X"
"T04",2014,402,4,"X"
"T04",2014,402,5,"X"
"T04",2014,402,6,"X"
"T04",2014,402,7,"X"
"T04",2014,402,8,"X"
"T04",2014,402,9,"X"
"T04",2014,402,10,"X"
"T04",2014,404,1,"X"
"T04",2014,404,2,"X"
"T04",2014,404,3,"X"
"T04",2014,404,4,"X"
"T04",2014,404,5,"X"
"T04",2014,404,6,"X"
"T04",2014,404,7,"X"
"T04",2014,404,8,"X"
"T04",2014,404,9,"X"
"T04",2014,404,10,"X"
"T04",2014,411,1,"X"
"T04",2014,411,2,"X"
"T04",2014,411,3,"X"
"T04",2014,411,4,"X"
"T04",2014,411,5,"X"
"T04",2014,411,6,"X"
"T04",2014,411,7,"X"
"T04",2014,411,8,"X"
"T04",2014,411,9,"X"
"T04",2014,411,10,"X"
"T04",2014,419,1,"X"
"T04",2014,419,2,"X"
"T04",2014,419,3,"X"
"T04",2014,419,4,"X"
"T04",2014,419,5,"X"
"T04",2014,419,6,"X"
"T04",2014,419,7,"X"
"T04",2014,419,8,"X"
"T04",2014,419,9,"X"
"T04",2014,419,10,"X"
"T04",2014,428,1,"X"
"T04",2014,428,2,"X"
"T04",2014,428,3,"X"
"T04",2014,428,4,"X"
"T04",2014,428,5,"X"
"T04",2014,428,6,"X"
"T04",2014,428,7,"X"
"T04",2014,428,8,"X"
"T04",2014,310,1,"X"
"T04",2014,310,2,"X"
"T04",2014,310,3,"X"
"T04",2014,310,4,"X"
"T04",2014,310,5,"X"
"T04",2014,310,6,"X"
"T04",2014,310,7,"X"
"T04",2014,310,8,"X"
"T04",2014,310,9,"X"
"T04",2014,310,10,"X"
"T04",2014,326,1,"X"
"T04",2014,326,2,"X"
"T04",2014,326,3,"X"
"T04",2014,326,4,"X"
"T04",2014,326,5,"X"
"T04",2014,326,6,"X"
"T04",2014,326,7,"X"
"T04",2014,326,8,"X"
"T04",2014,326,9,"X"
"T04",2014,326,10,"X"
"T04",2014,348,1,"X"
"T04",2014,348,2,"X"
"T04",2014,348,3,"X"
"T04",2014,348,4,"X"
"T04",2014,348,5,"X"
"T04",2014,348,6,"X"
"T04",2014,348,7,"X"
"T04",2014,348,8,"X"
"T04",2014,348,9,"X"
"T04",2014,348,10,"X"
"T04",2014,371,1,"X"
"T04",2014,371,2,"X"
"T04",2014,371,3,"X"
"T04",2014,371,4,"X"
"T04",2014,371,5,"X"
"T04",2014,371,6,"X"
"T04",2014,371,7,"X"
"T04",2014,371,8,"X"
"T04",2014,371,9,"X"
"T04",2014,371,10,"X"
"T04",2014,372,1,"X"
"T04",2014,372,2,"X"
"T04",2014,372,3,"X"
"T04",2014,372,4,"X"
"T04",2014,372,5,"X"
"T04",2014,372,6,"X"
"T04",2014,372,7,"X"
"T04",2014,372,8,"X"
"T04",2014,372,9,"X"
"T04",2014,372,10,"X"
"T04",2014,390,1,"X"
"T04",2014,390,2,"X"
"T04",2014,390,3,"X"
"T04",2014,390,4,"X"
"T04",2014,390,5,"X"
"T04",2014,390,6,"X"
"T04",2014,390,7,"X"
"T04",2014,390,8,"X"
"T04",2014,390,9,"X"
"T04",2014,390,10,"X"
"T04",2014,396,1,"X"
"T04",2014,396,2,"X"
"T04",2014,396,3,"X"
"T04",2014,396,4,"X"
"T04",2014,184,7,"X"
"T04",2014,184,8,"X"
"T04",2014,184,9,"X"
"T04",2014,184,10,"X"
"T04",2014,206,1,"X"
"T04",2014,206,2,"X"
"T04",2014,206,3,"X"
"T04",2014,206,4,"X"
"T04",2014,206,5,"X"
"T04",2014,206,6,"X"
"T04",2014,206,7,"X"
"T04",2014,206,8,"X"
"T04",2014,206,9,"X"
"T04",2014,206,10,"X"
"T04",2014,226,1,"X"
"T04",2014,226,2,"X"
"T04",2014,226,3,"X"
"T04",2014,226,4,"X"
"T04",2014,226,5,"X"
"T04",2014,226,6,"X"
"T04",2014,226,7,"X"
"T04",2014,226,8,"X"
"T04",2014,226,9,"X"
"T04",2014,226,10,"X"
"T04",2014,247,1,"X"
"T04",2014,247,2,"X"
"T04",2014,247,3,"X"
"T04",2014,247,4,"X"
"T04",2014,247,5,"X"
"T04",2014,247,6,"X"
"T04",2014,247,7,"X"
"T04",2014,247,8,"X"
"T04",2014,247,9,"X"
"T04",2014,247,10,"X"
"T04",2014,251,1,"X"
"T04",2014,251,2,"X"
"T04",2014,251,3,"X"
"T04",2014,251,4,"X"
"T04",2014,251,5,"X"
"T04",2014,251,6,"X"
"T04",2014,251,7,"X"
"T04",2014,251,8,"X"
"T04",2014,251,9,"X"
"T04",2014,251,10,"X"
"T04",2014,254,1,"X"
"T04",2014,254,2,"X"
"T04",2014,254,3,"X"
"T04",2014,254,4,"X"
"T04",2014,254,5,"X"
"T04",2014,254,6,"X"
"T04",2014,254,7,"X"
"T04",2014,254,8,"X"
"T04",2014,254,9,"X"
"T04",2014,254,10,"X"
"T04",2014,307,1,"X"
"T04",2014,307,2,"X"
"T04",2014,307,3,"X"
"T04",2014,307,4,"X"
"T04",2014,307,5,"X"
"T04",2014,307,6,"X"
"T04",2014,307,7,"X"
"T04",2014,307,8,"X"
"T04",2014,307,9,"X"
"T04",2014,307,10,"X"
"T04",2014,21,3,"X"
"T04",2014,21,4,"X"
"T04",2014,21,5,"X"
"T04",2014,21,6,"X"
"T04",2014,21,7,"X"
"T04",2014,21,8,"X"
"T04",2014,21,9,"X"
"T04",2014,21,10,"X"
"T04",2014,61,1,"X"
"T04",2014,61,2,"X"
"T04",2014,61,3,"X"
"T04",2014,61,4,"X"
"T04",2014,61,5,"X"
"T04",2014,61,6,"X"
"T04",2014,61,7,"X"
"T04",2014,61,8,"X"
"T04",2014,61,9,"X"
"T04",2014,61,10,"X"
"T04",2014,71,1,"X"
"T04",2014,71,2,"X"
"T04",2014,71,3,"X"
"T04",2014,71,4,"X"
"T04",2014,71,5,"X"
"T04",2014,71,6,"X"
"T04",2014,71,7,"X"
"T04",2014,71,8,"X"
"T04",2014,71,9,"X"
"T04",2014,71,10,"X"
"T04",2014,78,1,"X"
"T04",2014,78,2,"X"
"T04",2014,78,3,"X"
"T04",2014,78,4,"X"
"T04",2014,78,5,"X"
"T04",2014,78,6,"X"
"T04",2014,78,7,"X"
"T04",2014,78,8,"X"
"T04",2014,78,9,"X"
"T04",2014,78,10,"X"
"T04",2014,138,1,"X"
"T04",2014,138,2,"X"
"T04",2014,138,3,"X"
"T04",2014,138,4,"X"
"T04",2014,138,5,"X"
"T04",2014,138,6,"X"
"T04",2014,138,7,"X"
"T04",2014,138,8,"X"
"T04",2014,138,9,"X"
"T04",2014,138,10,"X"
"T04",2014,164,1,"X"
"T04",2014,164,2,"X"
"T04",2014,164,3,"X"
"T04",2014,164,4,"X"
"T04",2014,164,5,"X"
"T04",2014,164,6,"X"
"T04",2014,164,7,"X"
"T04",2014,164,8,"X"
"T04",2014,164,9,"X"
"T04",2014,164,10,"X"
"T04",2014,184,1,"X"
"T04",2014,184,2,"X"
"T04",2014,184,3,"X"
"T04",2014,184,4,"X"
"T04",2014,184,5,"X"
"T04",2014,184,6,"X"
"T02",2014,442,9,"X"
"T02",2014,442,10,"X"
"T02",2014,443,1,"X"
"T02",2014,443,2,"X"
"T02",2014,443,3,"X"
"T02",2014,443,4,"X"
"T02",2014,443,5,"X"
"T02",2014,443,6,"P"
"T02",2014,443,7,"P"
"T02",2014,443,8,"P"
"T02",2014,443,9,"X"
"T02",2014,443,10,"X"
"T04",2014,1,1,"X"
"T04",2014,1,2,"X"
"T04",2014,1,3,"X"
"T04",2014,1,4,"X"
"T04",2014,1,5,"X"
"T04",2014,1,6,"X"
"T04",2014,1,7,"X"
"T04",2014,1,8,"X"
"T04",2014,1,9,"X"
"T04",2014,1,10,"X"
"T04",2014,2,1,"X"
"T04",2014,2,2,"X"
"T04",2014,2,3,"X"
"T04",2014,2,4,"X"
"T04",2014,2,5,"X"
"T04",2014,2,6,"X"
"T04",2014,2,7,"X"
"T04",2014,2,8,"X"
"T04",2014,2,9,"X"
"T04",2014,2,10,"X"
"T04",2014,13,1,"X"
"T04",2014,13,2,"X"
"T04",2014,13,3,"X"
"T04",2014,13,4,"X"
"T04",2014,13,5,"X"
"T04",2014,13,6,"X"
"T04",2014,13,7,"X"
"T04",2014,13,8,"X"
"T04",2014,13,9,"X"
"T04",2014,13,10,"X"
"T04",2014,16,1,"X"
"T04",2014,16,2,"X"
"T04",2014,16,3,"X"
"T04",2014,16,4,"X"
"T04",2014,16,5,"X"
"T04",2014,16,6,"X"
"T04",2014,16,7,"X"
"T04",2014,16,8,"X"
"T04",2014,16,9,"X"
"T04",2014,16,10,"X"
"T04",2014,19,1,"X"
"T04",2014,19,2,"X"
"T04",2014,19,3,"X"
"T04",2014,19,4,"X"
"T04",2014,19,5,"X"
"T04",2014,19,6,"X"
"T04",2014,19,7,"X"
"T04",2014,19,8,"X"
"T04",2014,19,9,"X"
"T04",2014,19,10,"X"
"T04",2014,21,1,"X"
"T04",2014,21,2,"X"
"T02",2014,436,5,"X"
"T02",2014,436,6,"X"
"T02",2014,436,7,"X"
"T02",2014,436,8,"X"
"T02",2014,436,9,"X"
"T02",2014,436,10,"X"
"T02",2014,437,1,"X"
"T02",2014,437,2,"X"
"T02",2014,437,3,"X"
"T02",2014,437,4,"X"
"T02",2014,437,5,"X"
"T02",2014,437,6,"X"
"T02",2014,437,7,"X"
"T02",2014,437,8,"X"
"T02",2014,437,9,"X"
"T02",2014,437,10,"X"
"T02",2014,438,1,"X"
"T02",2014,438,2,"X"
"T02",2014,438,3,"X"
"T02",2014,438,4,"X"
"T02",2014,438,5,"X"
"T02",2014,438,6,"X"
"T02",2014,438,7,"X"
"T02",2014,438,8,"X"
"T02",2014,438,9,"X"
"T02",2014,438,10,"X"
"T02",2014,439,1,"X"
"T02",2014,439,2,"X"
"T02",2014,439,3,"X"
"T02",2014,439,4,"X"
"T02",2014,439,5,"X"
"T02",2014,439,6,"X"
"T02",2014,439,7,"X"
"T02",2014,439,8,"X"
"T02",2014,439,9,"X"
"T02",2014,439,10,"X"
"T02",2014,440,1,"X"
"T02",2014,440,2,"X"
"T02",2014,440,3,"X"
"T02",2014,440,4,"X"
"T02",2014,440,5,"X"
"T02",2014,440,6,"X"
"T02",2014,440,7,"X"
"T02",2014,440,8,"X"
"T02",2014,440,9,"X"
"T02",2014,440,10,"X"
"T02",2014,441,1,"X"
"T02",2014,441,2,"X"
"T02",2014,441,3,"X"
"T02",2014,441,4,"X"
"T02",2014,441,5,"X"
"T02",2014,441,6,"X"
"T02",2014,441,7,"X"
"T02",2014,441,8,"X"
"T02",2014,441,9,"X"
"T02",2014,441,10,"X"
"T02",2014,442,1,"X"
"T02",2014,442,2,"X"
"T02",2014,442,3,"X"
"T02",2014,442,4,"X"
"T02",2014,442,5,"X"
"T02",2014,442,6,"X"
"T02",2014,442,7,"X"
"T02",2014,442,8,"X"
"T02",2014,384,1,"X"
"T02",2014,384,2,"X"
"T02",2014,384,3,"X"
"T02",2014,384,4,"X"
"T02",2014,384,5,"X"
"T02",2014,384,6,"X"
"T02",2014,384,7,"X"
"T02",2014,384,8,"X"
"T02",2014,384,9,"X"
"T02",2014,384,10,"X"
"T02",2014,396,1,"X"
"T02",2014,396,2,"X"
"T02",2014,396,3,"X"
"T02",2014,396,4,"X"
"T02",2014,396,5,"X"
"T02",2014,396,6,"X"
"T02",2014,396,7,"X"
"T02",2014,396,8,"X"
"T02",2014,396,9,"X"
"T02",2014,396,10,"X"
"T02",2014,424,1,"X"
"T02",2014,424,2,"X"
"T02",2014,424,3,"X"
"T02",2014,424,4,"X"
"T02",2014,424,5,"X"
"T02",2014,424,6,"X"
"T02",2014,424,7,"X"
"T02",2014,424,8,"X"
"T02",2014,424,9,"X"
"T02",2014,424,10,"X"
"T02",2014,428,1,"X"
"T02",2014,428,2,"X"
"T02",2014,428,3,"X"
"T02",2014,428,4,"X"
"T02",2014,428,5,"X"
"T02",2014,428,6,"X"
"T02",2014,428,7,"X"
"T02",2014,428,8,"X"
"T02",2014,428,9,"X"
"T02",2014,428,10,"X"
"T02",2014,434,1,"X"
"T02",2014,434,2,"X"
"T02",2014,434,3,"X"
"T02",2014,434,4,"X"
"T02",2014,434,5,"X"
"T02",2014,434,6,"X"
"T02",2014,434,7,"X"
"T02",2014,434,8,"X"
"T02",2014,434,9,"X"
"T02",2014,434,10,"X"
"T02",2014,435,1,"X"
"T02",2014,435,2,"X"
"T02",2014,435,3,"X"
"T02",2014,435,4,"X"
"T02",2014,435,5,"X"
"T02",2014,435,6,"X"
"T02",2014,435,7,"X"
"T02",2014,435,8,"X"
"T02",2014,435,9,"X"
"T02",2014,435,10,"X"
"T02",2014,436,1,"X"
"T02",2014,436,2,"X"
"T02",2014,436,3,"X"
"T02",2014,436,4,"X"
"T08",2015,401,1,"X"
"T08",2015,401,2,"X"
"T08",2015,401,3,"X"
"T08",2015,401,4,"X"
"T08",2015,401,5,"X"
"T08",2015,401,6,"X"
"T08",2015,401,7,"X"
"T08",2015,401,8,"X"
"T08",2015,401,9,"X"
"T08",2015,401,10,"X"
"T08",2015,416,1,"X"
"T08",2015,416,2,"X"
"T08",2015,416,3,"X"
"T08",2015,416,4,"X"
"T08",2015,416,5,"X"
"T08",2015,416,6,"X"
"T08",2015,416,7,"X"
"T08",2015,416,8,"X"
"T08",2015,416,9,"X"
"T08",2015,416,10,"X"
"T08",2015,420,1,"X"
"T08",2015,420,2,"X"
"T08",2015,420,3,"X"
"T08",2015,420,4,"X"
"T08",2015,420,5,"X"
"T08",2015,420,6,"X"
"T08",2015,420,7,"X"
"T08",2015,420,8,"X"
"T08",2015,420,9,"X"
"T08",2015,420,10,"X"
"T08",2015,421,1,"X"
"T08",2015,421,2,"X"
"T08",2015,421,3,"X"
"T08",2015,421,4,"X"
"T08",2015,421,5,"X"
"T08",2015,421,6,"X"
"T08",2015,421,7,"X"
"T08",2015,421,8,"X"
"T08",2015,421,9,"X"
"T08",2015,421,10,"X"
"T08",2015,422,1,"X"
"T08",2015,422,2,"X"
"T08",2015,422,3,"X"
"T08",2015,422,4,"X"
"T08",2015,422,5,"X"
"T08",2015,422,6,"X"
"T08",2015,422,7,"X"
"T08",2015,422,8,"X"
"T08",2015,422,9,"X"
"T08",2015,422,10,"X"
"T08",2015,423,1,"X"
"T08",2015,423,2,"X"
"T08",2015,423,3,"X"
"T08",2015,423,4,"X"
"T08",2015,423,5,"X"
"T08",2015,423,6,"X"
"T08",2015,423,7,"X"
"T08",2015,423,8,"X"
"T08",2015,423,9,"X"
"T08",2015,423,10,"X"
"T08",2015,61,7,"X"
"T08",2015,61,8,"X"
"T08",2015,61,9,"X"
"T08",2015,61,10,"X"
"T08",2015,72,1,"X"
"T08",2015,72,2,"X"
"T08",2015,72,3,"X"
"T08",2015,72,4,"X"
"T08",2015,72,5,"X"
"T08",2015,72,6,"X"
"T08",2015,72,7,"X"
"T08",2015,72,8,"X"
"T08",2015,72,9,"X"
"T08",2015,72,10,"X"
"T08",2015,168,1,"X"
"T08",2015,168,2,"X"
"T08",2015,168,3,"X"
"T08",2015,168,4,"X"
"T08",2015,168,5,"X"
"T08",2015,168,6,"X"
"T08",2015,168,7,"X"
"T08",2015,168,8,"X"
"T08",2015,168,9,"X"
"T08",2015,168,10,"X"
"T08",2015,173,1,"X"
"T08",2015,173,2,"X"
"T08",2015,173,3,"X"
"T08",2015,173,4,"X"
"T08",2015,173,5,"X"
"T08",2015,173,6,"X"
"T08",2015,173,7,"X"
"T08",2015,173,8,"X"
"T08",2015,173,9,"X"
"T08",2015,173,10,"X"
"T08",2015,194,1,"X"
"T08",2015,194,2,"X"
"T08",2015,194,3,"X"
"T08",2015,194,4,"X"
"T08",2015,194,5,"X"
"T08",2015,194,6,"X"
"T08",2015,194,7,"X"
"T08",2015,194,8,"X"
"T08",2015,194,9,"X"
"T08",2015,194,10,"X"
"T08",2015,239,1,"X"
"T08",2015,239,2,"X"
"T08",2015,239,3,"X"
"T08",2015,239,4,"X"
"T08",2015,239,5,"X"
"T08",2015,239,6,"X"
"T08",2015,239,7,"X"
"T08",2015,239,8,"X"
"T08",2015,239,9,"X"
"T08",2015,239,10,"X"
"T08",2015,327,1,"X"
"T08",2015,327,2,"X"
"T08",2015,327,3,"X"
"T08",2015,327,4,"X"
"T08",2015,327,5,"X"
"T08",2015,327,6,"X"
"T08",2015,327,7,"X"
"T08",2015,327,8,"X"
"T08",2015,327,9,"X"
"T08",2015,327,10,"X"
"T04",2015,502,3,"X"
"T04",2015,502,4,"X"
"T04",2015,502,5,"X"
"T04",2015,502,6,"X"
"T04",2015,502,7,"X"
"T04",2015,502,8,"X"
"T04",2015,502,9,"X"
"T04",2015,502,10,"X"
"T04",2015,507,1,"X"
"T04",2015,507,2,"X"
"T04",2015,507,3,"X"
"T04",2015,507,4,"X"
"T04",2015,507,5,"X"
"T04",2015,507,6,"X"
"T04",2015,507,7,"X"
"T04",2015,507,8,"X"
"T04",2015,507,9,"X"
"T04",2015,507,10,"X"
"T04",2015,509,1,"X"
"T04",2015,509,2,"X"
"T04",2015,509,3,"X"
"T04",2015,509,4,"X"
"T04",2015,509,5,"X"
"T04",2015,509,6,"X"
"T04",2015,509,7,"X"
"T04",2015,509,8,"X"
"T04",2015,509,9,"X"
"T04",2015,509,10,"X"
"T04",2015,611,1,"X"
"T04",2015,611,2,"X"
"T04",2015,611,3,"X"
"T04",2015,611,4,"X"
"T04",2015,611,5,"X"
"T04",2015,611,6,"X"
"T04",2015,611,7,"X"
"T04",2015,611,8,"X"
"T04",2015,611,9,"X"
"T04",2015,611,10,"X"
"T04",2015,800,1,"X"
"T04",2015,800,2,"X"
"T04",2015,800,3,"X"
"T04",2015,800,4,"X"
"T04",2015,800,5,"X"
"T04",2015,800,6,"X"
"T04",2015,800,7,"X"
"T04",2015,800,8,"X"
"T04",2015,800,9,"X"
"T04",2015,800,10,"X"
"T08",2015,32,1,"X"
"T08",2015,32,2,"X"
"T08",2015,32,3,"X"
"T08",2015,32,4,"X"
"T08",2015,32,5,"X"
"T08",2015,32,6,"X"
"T08",2015,32,7,"X"
"T08",2015,32,8,"X"
"T08",2015,32,9,"X"
"T08",2015,32,10,"X"
"T08",2015,61,1,"X"
"T08",2015,61,2,"X"
"T08",2015,61,3,"X"
"T08",2015,61,4,"X"
"T08",2015,61,5,"X"
"T08",2015,61,6,"X"
"T04",2015,371,9,"X"
"T04",2015,371,10,"X"
"T04",2015,411,1,"X"
"T04",2015,411,2,"X"
"T04",2015,411,3,"X"
"T04",2015,411,4,"X"
"T04",2015,411,5,"X"
"T04",2015,411,6,"X"
"T04",2015,411,7,"X"
"T04",2015,411,8,"X"
"T04",2015,411,9,"X"
"T04",2015,411,10,"X"
"T04",2015,444,1,"X"
"T04",2015,444,2,"X"
"T04",2015,444,3,"X"
"T04",2015,444,4,"X"
"T04",2015,444,5,"X"
"T04",2015,444,6,"X"
"T04",2015,444,7,"X"
"T04",2015,444,8,"X"
"T04",2015,444,9,"X"
"T04",2015,444,10,"X"
"T04",2015,449,1,"X"
"T04",2015,449,2,"X"
"T04",2015,449,3,"X"
"T04",2015,449,4,"X"
"T04",2015,449,5,"X"
"T04",2015,449,6,"X"
"T04",2015,449,7,"X"
"T04",2015,449,8,"X"
"T04",2015,449,9,"X"
"T04",2015,449,10,"X"
"T04",2015,450,1,"X"
"T04",2015,450,2,"X"
"T04",2015,450,3,"X"
"T04",2015,450,4,"X"
"T04",2015,450,5,"X"
"T04",2015,450,6,"X"
"T04",2015,450,7,"X"
"T04",2015,450,8,"X"
"T04",2015,450,9,"X"
"T04",2015,450,10,"X"
"T04",2015,500,1,"X"
"T04",2015,500,2,"X"
"T04",2015,500,3,"X"
"T04",2015,500,4,"X"
"T04",2015,500,5,"X"
"T04",2015,500,6,"X"
"T04",2015,500,7,"X"
"T04",2015,500,8,"X"
"T04",2015,500,9,"X"
"T04",2015,500,10,"X"
"T04",2015,501,1,"X"
"T04",2015,501,2,"X"
"T04",2015,501,3,"X"
"T04",2015,501,4,"X"
"T04",2015,501,5,"X"
"T04",2015,501,6,"X"
"T04",2015,501,7,"X"
"T04",2015,501,8,"X"
"T04",2015,501,9,"X"
"T04",2015,501,10,"X"
"T04",2015,502,1,"X"
"T04",2015,502,2,"X"
"T04",2015,78,5,"X"
"T04",2015,78,6,"X"
"T04",2015,78,7,"X"
"T04",2015,78,8,"X"
"T04",2015,78,9,"X"
"T04",2015,78,10,"X"
"T04",2015,206,1,"X"
"T04",2015,206,2,"X"
"T04",2015,206,3,"X"
"T04",2015,206,4,"X"
"T04",2015,206,5,"X"
"T04",2015,206,6,"X"
"T04",2015,206,7,"X"
"T04",2015,206,8,"X"
"T04",2015,206,9,"X"
"T04",2015,206,10,"X"
"T04",2015,226,1,"X"
"T04",2015,226,2,"X"
"T04",2015,226,3,"X"
"T04",2015,226,4,"X"
"T04",2015,226,5,"X"
"T04",2015,226,6,"X"
"T04",2015,226,7,"X"
"T04",2015,226,8,"X"
"T04",2015,226,9,"X"
"T04",2015,226,10,"X"
"T04",2015,247,1,"X"
"T04",2015,247,2,"X"
"T04",2015,247,3,"X"
"T04",2015,247,4,"X"
"T04",2015,247,5,"X"
"T04",2015,247,6,"X"
"T04",2015,247,7,"X"
"T04",2015,247,8,"X"
"T04",2015,247,9,"X"
"T04",2015,247,10,"X"
"T04",2015,251,1,"X"
"T04",2015,251,2,"X"
"T04",2015,251,3,"X"
"T04",2015,251,4,"X"
"T04",2015,251,5,"X"
"T04",2015,251,6,"X"
"T04",2015,251,7,"X"
"T04",2015,251,8,"X"
"T04",2015,251,9,"X"
"T04",2015,251,10,"X"
"T04",2015,254,1,"X"
"T04",2015,254,2,"X"
"T04",2015,254,3,"X"
"T04",2015,254,4,"X"
"T04",2015,254,5,"X"
"T04",2015,254,6,"X"
"T04",2015,254,7,"X"
"T04",2015,254,8,"X"
"T04",2015,254,9,"X"
"T04",2015,254,10,"X"
"T04",2015,371,1,"X"
"T04",2015,371,2,"X"
"T04",2015,371,3,"X"
"T04",2015,371,4,"X"
"T04",2015,371,5,"X"
"T04",2015,371,6,"X"
"T04",2015,371,7,"X"
"T04",2015,371,8,"X"
"T04",2015,1,1,"X"
"T04",2015,1,2,"X"
"T04",2015,1,3,"X"
"T04",2015,1,4,"X"
"T04",2015,1,5,"X"
"T04",2015,1,6,"X"
"T04",2015,1,7,"X"
"T04",2015,1,8,"X"
"T04",2015,1,9,"X"
"T04",2015,1,10,"X"
"T04",2015,13,1,"X"
"T04",2015,13,2,"X"
"T04",2015,13,3,"X"
"T04",2015,13,4,"X"
"T04",2015,13,5,"X"
"T04",2015,13,6,"X"
"T04",2015,13,7,"X"
"T04",2015,13,8,"X"
"T04",2015,13,9,"X"
"T04",2015,13,10,"X"
"T04",2015,19,1,"X"
"T04",2015,19,2,"X"
"T04",2015,19,3,"X"
"T04",2015,19,4,"X"
"T04",2015,19,5,"X"
"T04",2015,19,6,"X"
"T04",2015,19,7,"X"
"T04",2015,19,8,"X"
"T04",2015,19,9,"X"
"T04",2015,19,10,"X"
"T04",2015,21,1,"X"
"T04",2015,21,2,"X"
"T04",2015,21,3,"X"
"T04",2015,21,4,"X"
"T04",2015,21,5,"X"
"T04",2015,21,6,"X"
"T04",2015,21,7,"X"
"T04",2015,21,8,"X"
"T04",2015,21,9,"X"
"T04",2015,21,10,"X"
"T04",2015,61,1,"X"
"T04",2015,61,2,"X"
"T04",2015,61,3,"X"
"T04",2015,61,4,"X"
"T04",2015,61,5,"X"
"T04",2015,61,6,"X"
"T04",2015,61,7,"X"
"T04",2015,61,8,"X"
"T04",2015,61,9,"X"
"T04",2015,61,10,"X"
"T04",2015,71,1,"X"
"T04",2015,71,2,"X"
"T04",2015,71,3,"X"
"T04",2015,71,4,"X"
"T04",2015,71,5,"X"
"T04",2015,71,6,"X"
"T04",2015,71,7,"X"
"T04",2015,71,8,"X"
"T04",2015,71,9,"X"
"T04",2015,71,10,"X"
"T04",2015,78,1,"X"
"T04",2015,78,2,"X"
"T04",2015,78,3,"X"
"T04",2015,78,4,"X"
